ZIP,CITY,STABBR,INSTNM,SCH_DEG,HIGHDEG,CONTROL,REGION,LOCALE,ADM_RATE,UGDS,TUITFTE,AGE_ENTRY,SECTOR
99645,Palmer,AK,Alaska Bible College,1,3,2,8,32,NULL,27,8132,21.71428571,Private
99507-1033,Anchorage,AK,Alaska Career College,1,2,3,8,11,NULL,479,11905,27.16057441,Private
99669,Soldotna,AK,Alaska Christian College,1,2,2,8,41,NULL,68,12989,23,Private
99508,Anchorage,AK,Alaska Pacific University,3,4,2,8,11,0.4207,275,13383,26.45528455,Private
99664-0889,Seward,AK,AVTEC-Alaska's Institute of Technology,1,2,1,8,43,NULL,889,4340,26.79310345,Public
99508,Anchorage,AK,Charter College-Anchorage,1,3,3,8,11,NULL,3256,8755,28.65056242,Private
99723,Barrow,AK,Ilisagvik College,1,2,1,8,41,NULL,109,3587,25.10204082,Public
99508,Anchorage,AK,University of Alaska Anchorage,3,4,1,8,11,NULL,12865,5843,25.12621155,Public
99775-7500,Fairbanks,AK,University of Alaska Fairbanks,3,4,1,8,23,NULL,5536,6491,25.78902148,Public
99801-8697,Juneau,AK,University of Alaska Southeast,3,4,1,8,33,NULL,1428,6117,26.71254355,Public
35762,Normal,AL,Alabama A & M University,3,4,1,5,12,0.5256,4206,9427,20.50256816,Public
36460,Monroeville,AL,Alabama Southern Community College,2,2,1,5,41,NULL,1180,1528,22.24173749,Public
35071,Gardendale,AL,Alabama State College of Barber Styling,1,1,3,5,21,NULL,25,4921,28.2,Private
36104-0271,Montgomery,AL,Alabama State University,3,4,1,5,12,0.5326,4811,7733,20.48787062,Public
36117-3553,Montgomery,AL,Amridge University,3,4,2,5,12,NULL,291,12459,33.66163142,Private
35611,Athens,AL,Athens State University,3,3,1,5,31,NULL,2991,5476,30.01345292,Public
36849,Auburn,AL,Auburn University,3,4,1,5,13,0.8347,20514,14135,20.53234266,Public
36117-3596,Montgomery,AL,Auburn University at Montgomery,3,4,1,5,12,0.8017,4304,8071,22.60947003,Public
35501,Jasper,AL,Bevill State Community College,2,2,1,5,32,NULL,3210,1961,23.64777328,Public
35254,Birmingham,AL,Birmingham Southern College,3,3,2,5,12,0.5339,1180,10266,19.70559611,Private
36603-5898,Mobile,AL,Bishop State Community College,2,2,1,5,12,NULL,2927,1494,25.01378205,Public
36606,Mobile,AL,Blue Cliff Career College,1,1,3,5,12,NULL,82,11460,26.93577982,Private
36606,Mobile,AL,Cardiac and Vascular Institute of Ultrasound,1,1,3,5,12,NULL,44,9259,27.55714286,Private
35010,Alexander City,AL,Central Alabama Community College,2,2,1,5,32,NULL,1592,2100,23.94027565,Public
36869,Phenix City,AL,Chattahoochee Valley Community College,2,2,1,5,41,NULL,1727,1641,25.37292308,Public
36561-9000,Orange Beach,AL,Columbia Southern University,3,4,3,5,31,NULL,15286,4520,34.51901336,Private
36701,Selma,AL,Concordia College Alabama,3,3,2,5,32,0.5328,322,5768,21.02425373,Private
36330-1300,Enterprise,AL,Enterprise State Community College,2,2,1,5,32,NULL,1729,2055,24.98635058,Public
36109-3390,Montgomery,AL,Faulkner University,3,4,2,5,12,NULL,2367,11127,27.98711063,Private
36535,Foley,AL,Fortis College-Foley,1,1,3,5,31,NULL,104,8630,28.53649635,Private
36608,Mobile,AL,Fortis College-Mobile,1,2,3,5,12,NULL,352,7909,27.46420824,Private
35903,Gadsden,AL,Gadsden State Community College,2,2,1,5,13,NULL,4917,1702,24.71793331,Public
36303-9234,Dothan,AL,George C Wallace State Community College-Dothan,2,2,1,5,41,NULL,4293,1928,24.87796124,Public
35077-2000,Hanceville,AL,George C Wallace State Community College-Hanceville,2,2,1,5,32,NULL,4920,2551,24.57629074,Public
36703-2808,Selma,AL,George C Wallace State Community College-Selma,2,2,1,5,32,NULL,1513,1184,23.45975345,Public
36108-3199,Montgomery,AL,H Councill Trenholm State Community College,1,2,1,5,12,NULL,1230,2493,26.40617577,Public
36111-2201,Montgomery,AL,Hair Academy,1,1,3,5,12,NULL,12,3893,26.5625,Private
35630-9977,Florence,AL,Heritage Christian University,3,4,2,5,13,1,62,10966,29.09375,Private
36106-2148,Montgomery,AL,Huntingdon College,3,3,2,5,12,0.5839,1149,10131,24.19005848,Private
35811-1632,Huntsville,AL,Huntsville Bible College,2,3,2,5,12,NULL,118,2792,40.88,Private
35811,Huntsville,AL,J F Drake State Community and Technical College,1,2,1,5,12,NULL,974,1292,28.77587844,Public
36265,Jacksonville,AL,Jacksonville State University,3,4,1,5,13,0.8326,7060,6447,23.13948919,Public
36507-2698,Bay Minette,AL,James H Faulkner State Community College,2,2,1,5,32,NULL,4286,2423,24.24797688,Public
36426,Brewton,AL,Jefferson Davis Community College,2,2,1,5,32,NULL,1033,1178,24.84626234,Public
35215-3098,Birmingham,AL,Jefferson State Community College,2,2,1,5,12,NULL,7443,2708,24.7702089,Public
35671,Tanner,AL,John C Calhoun State Community College,2,2,1,5,41,NULL,9380,3170,24.83206673,Public
36756,Marion,AL,Judson College,3,3,2,5,43,0.6525,376,8101,25.6056338,Private
35221-1717,Birmingham,AL,Lawson State Community College-Birmingham Campus,1,2,1,5,12,NULL,2905,1374,24.95577299,Public
36420-1418,Andalusia,AL,Lurleen B Wallace Community College,1,2,1,5,41,NULL,1393,1684,23.37368421,Public
36756-3207,Marion,AL,Marion Military Institute,2,2,1,5,43,0.6139,433,3286,19.77339902,Public
35064-2621,Fairfield,AL,Miles College,3,3,2,5,21,NULL,1778,5202,21.10958904,Private
35951,Albertville,AL,New Beginning College of Cosmetology,1,1,3,5,32,NULL,115,7986,24.5,Private
35986,Rainsville,AL,Northeast Alabama Community College,2,2,1,5,42,NULL,2225,1845,23.5531386,Public
35661,Muscle Shoals,AL,Northwest-Shoals Community College,2,2,1,5,13,NULL,3304,1624,23.46933011,Public
35208,Birmingham,AL,Nunation School of Cosmetology,NULL,0,3,5,12,NULL,13,15475,31.07142857,Private
35896,Huntsville,AL,Oakwood University,3,4,2,5,12,0.4787,1878,11693,22.04146342,Private
35216,Hoover,AL,Paul Mitchell the School-Birmingham,1,1,3,5,13,NULL,174,9633,23.78403756,Private
35758,Madison,AL,Paul Mitchell the School-Huntsville,1,1,3,5,21,NULL,149,10194,24.32515337,Private
36401,Evergreen,AL,Reid State Technical College,1,2,1,5,41,NULL,425,1888,25.3575,Public
35229-2240,Birmingham,AL,Samford University,3,4,2,5,21,0.5954,3033,18352,21.24648787,Private
36701,Selma,AL,Selma University,3,4,2,5,32,NULL,472,7596,25.82325581,Private
35405-8522,Tuscaloosa,AL,Shelton State Community College,2,2,1,5,13,NULL,4755,2132,22.94962753,Public
35957-0734,Boaz,AL,Snead State Community College,2,2,1,5,32,NULL,2098,2171,23.92621576,Public
35244-2083,Birmingham,AL,Southeastern Bible College,3,3,2,5,21,1,170,10634,32.85321101,Private
35208-2706,Birmingham,AL,Southeastern School of Cosmetology,1,1,2,5,12,NULL,60,769,28.74137931,Private
36276,Wadley,AL,Southern Union State Community College,2,2,1,5,43,NULL,4487,2131,23.00392285,Public
36608-1791,Mobile,AL,Spring Hill College,3,4,2,5,12,0.5177,1215,12082,20.0481203,Private
35401,Tuscaloosa,AL,Stillman College,3,3,2,5,13,0.5901,1056,21345,21.00505051,Private
35160,Talladega,AL,Talladega College,3,3,2,5,32,NULL,819,18039,21.08,Private
35816,Huntsville,AL,The Salon Professional Academy-Huntsville,1,1,3,5,12,NULL,51,7437,24.65432099,Private
35487-0166,Tuscaloosa,AL,The University of Alabama,3,4,1,5,13,0.5105,29851,12791,21.30435286,Public
36082-0001,Troy,AL,Troy University,3,4,1,5,41,0.4414,15025,8632,27.48690946,Public
360825327,Troy,AL,Troy University-eTROY,3,0,1,5,NULL,NULL,NULL,NULL,27.48690946,Public
360825327,Troy,AL,Troy University-Global Campus,3,0,1,5,NULL,NULL,NULL,NULL,27.48690946,Public
36088-1920,Tuskegee,AL,Tuskegee University,3,4,2,5,32,0.4922,2588,14104,19.75340272,Private
36526-7055,Daphne,AL,United States Sports Academy,3,4,2,5,13,NULL,90,14687,30.02,Private
35476-3100,Northport,AL,University Academy of Hair Design,1,1,3,5,22,NULL,43,6616,24.35087719,Private
35294-0110,Birmingham,AL,University of Alabama at Birmingham,3,4,1,5,12,0.8569,11383,9899,23.40861782,Public
35899,Huntsville,AL,University of Alabama in Huntsville,3,4,1,5,12,0.8203,5451,8956,23.78302361,Public
36613-2842,Mobile,AL,University of Mobile,3,4,2,5,41,0.5847,1460,9947,23.41598916,Private
35115-6000,Montevallo,AL,University of Montevallo,3,4,1,5,21,0.743,2644,7568,21.61096375,Public
35632-0001,Florence,AL,University of North Alabama,3,4,1,5,13,0.6788,5485,6702,22.1977692,Public
36688-0002,Mobile,AL,University of South Alabama,3,4,1,5,12,0.8335,11267,7295,22.46953264,Public
35470,Livingston,AL,University of West Alabama,3,4,1,5,43,0.7199,1916,7928,22.35918004,Public
35209,Birmingham,AL,Virginia College-Birmingham,2,4,3,5,12,NULL,2711,20547,29.1293274,Private
71923,Arkadelphia,AR,ABC Beauty College Inc,1,1,3,5,32,NULL,38,6541,26.11111111,Private
72901,Fort Smith,AR,Academy of Salon and Spa,1,1,3,5,13,NULL,102,8019,25.75333333,Private
72202-6068,Little Rock,AR,Arkansas Baptist College,3,3,2,5,12,NULL,896,8166,22.23830935,Private
72801,Russellville,AR,Arkansas Beauty College,1,1,3,5,33,NULL,33,7668,24.78787879,Private
72032,Conway,AR,Arkansas Beauty School,1,1,3,5,13,NULL,20,5122,28.17021277,Private
72209,Little Rock,AR,Arkansas Beauty School-Little Rock,1,1,3,5,12,NULL,49,5590,28.97222222,Private
72114,North Little Rock,AR,Arkansas College of Barbering and Hair Design,1,1,3,5,13,NULL,204,8127,26.81125828,Private
72316-1109,Blytheville,AR,Arkansas Northeastern College,1,2,1,5,41,NULL,1037,1285,23.88027211,Public
72301-3829,West Memphis,AR,Arkansas State University Mid-South,1,2,1,5,21,NULL,1127,7747,25.50364204,Public
72012-1000,Beebe,AR,Arkansas State University-Beebe,1,2,1,5,31,NULL,2999,1750,23.10964187,Public
72401,Jonesboro,AR,Arkansas State University-Main Campus,3,4,1,5,13,0.7239,9139,3633,23.3986698,Public
72112,Newport,AR,Arkansas State University-Newport,1,2,1,5,42,NULL,1455,2061,26.44392795,Public
72801-2222,Russellville,AR,Arkansas Tech University,3,4,1,5,33,0.8626,8845,3668,24.50240674,Public
72901-3342,Fort Smith,AR,Arthur's Beauty College Inc-Fort Smith,1,1,3,5,13,NULL,46,11169,26.69178082,Private
72076,Jacksonville,AR,Arthur's Beauty College Inc-Jacksonville,1,1,3,5,21,NULL,56,10747,25.57352941,Private
72210-2820,Little Rock,AR,Baptist Health College-Little Rock,1,1,2,5,12,0.6154,802,4441,26.82549317,Private
72455,Pocahontas,AR,Black River Technical College,1,2,1,5,41,NULL,1547,1435,25.80840336,Public
72764-7128,Springdale,AR,Career Academy of Hair Design,1,1,3,5,13,NULL,344,11468,26.56231003,Private
72034,Conway,AR,Central Baptist College,3,3,2,5,13,0.5697,788,8783,25.11715481,Private
72104-0816,Malvern,AR,College of the Ouachitas,1,2,1,5,31,NULL,810,1606,26.99265786,Public
71832,De Queen,AR,Cossatot Community College of the University of Arkansas,1,2,1,5,41,NULL,1033,1165,24.22746781,Public
71635,Crossett,AR,Credence Institute of Beauty,1,1,3,5,33,NULL,18,9038,25.07142857,Private
72450,Paragould,AR,Crowley's Ridge College,2,3,2,5,41,NULL,173,7679,20.72580645,Private
72335-0925,Forrest City,AR,Crowley's Ridge Technical Institute,1,1,1,5,32,NULL,212,439,25.98972603,Public
72903-3753,Ft Smith,AR,Designer Barber & Stylist School,NULL,1,3,5,13,NULL,50,4903,26.63157895,Private
72335-2204,Forrest City,AR,East Arkansas Community College,1,2,1,5,32,NULL,732,1538,22.20812183,Public
72205,Little Rock,AR,Eastern College of Health Vocations-Little Rock,1,1,3,5,12,NULL,205,5332,26.58718573,Private
72762,Springdale,AR,Ecclesia College,3,3,2,5,41,0.6429,164,12353,22.51461988,Private
72143,Searcy,AR,Harding University,3,4,2,5,32,0.9912,4485,12463,21.33125778,Private
71999-0001,Arkadelphia,AR,Henderson State University,3,4,1,5,32,0.6278,3226,3067,22.0356383,Public
72032-3080,Conway,AR,Hendrix College,3,4,2,5,13,0.8282,1322,11902,19.48340249,Private
71901,Hot Springs,AR,Hot Springs Beauty College,1,1,3,5,13,NULL,43,9965,27.046875,Private
72117,North Little Rock,AR,Imagine-Paul Mitchell Partner School,1,1,3,5,13,NULL,398,6347,24.23211169,Private
71603,Pine Bluff,AR,Jefferson Regional Medical Center School of Nursing,1,1,2,5,13,NULL,73,3541,26.63513514,Private
72761,Siloam Springs,AR,John Brown University,3,4,2,5,32,0.6978,1742,10593,25.41871921,Private
72114-3800,North  Little Rock,AR,Lees School of Cosmetology,1,1,3,5,13,NULL,28,5087,24.5,Private
72501,Batesville,AR,Lyon College,3,3,2,5,33,0.6142,690,9009,20.00767263,Private
71655,Monticello,AR,Margaret's Hair Academy Inc,1,1,3,5,33,NULL,45,5339,25.7375,Private
71913,Hot Springs,AR,National Park Community College,2,2,1,5,23,NULL,2269,1809,26.38071693,Public
72114-4973,North Little Rock,AR,New Tyler Barber College Inc,1,1,3,5,13,NULL,67,4526,27.37078652,Private
72601-5508,Harrison,AR,North Arkansas College,1,2,1,5,33,NULL,1662,942,26,Public
72712-5091,Bentonville,AR,NorthWest Arkansas Community College,2,2,1,5,13,NULL,6568,2757,24.87597878,Public
72764,Springdale,AR,Northwest Technical Institute,1,1,1,5,13,NULL,267,2575,26.83268483,Public
71998-0001,Arkadelphia,AR,Ouachita Baptist University,3,3,2,5,32,0.7061,1455,10798,19.77986348,Private
72556-0010,Melbourne,AR,Ozarka College,1,2,1,5,43,NULL,1065,827,27.47881356,Public
72703,Fayetteville,AR,Paul Mitchell the School-Arkansas,1,1,3,5,13,NULL,118,7790,23.83673469,Private
72202-3799,Little Rock,AR,Philander Smith College,3,3,2,5,12,NULL,565,7317,23.07038123,Private
72342-0785,Helena,AR,Phillips Community College of the University of Arkansas,2,2,1,5,41,NULL,769,431,23.07164179,Public
71730-4009,El Dorado,AR,Professional Cosmetology Education Center,1,1,3,5,33,NULL,47,5258,25.2,Private
72118-3347,North Little Rock,AR,Pulaski Technical College,2,2,1,5,13,NULL,8364,1450,27.5787298,Public
71953,Mena,AR,Rich Mountain Community College,1,2,1,5,33,NULL,533,1318,25.57488987,Public
72143,Searcy,AR,Searcy Beauty College,1,1,3,5,32,NULL,59,1384,27.61165049,Private
72114,N Little Rock,AR,Shorter College,2,2,2,5,13,NULL,403,5005,32.22866894,Private
71731-7010,El Dorado,AR,South Arkansas Community College,1,2,1,5,33,NULL,1341,1636,26.79752852,Public
71603,Pine Bluff,AR,Southeast Arkansas College,1,2,1,5,13,NULL,1322,1884,25.734375,Public
71753,Magnolia,AR,Southern Arkansas University Main Campus,3,4,1,5,33,0.7142,2784,3602,22.00123839,Public
71701-1906,Camden,AR,Southern Arkansas University Tech,1,2,1,5,42,NULL,732,2349,24.87713841,Public
72116-7310,North Little Rock,AR,The Salon Professional Academy-North Little Rock,1,1,3,5,13,NULL,76,7055,24.91666667,Private
72701,Fayetteville,AR,University of Arkansas,3,4,1,5,13,0.6204,21405,7143,21.4799281,Public
72204,Little Rock,AR,University of Arkansas at Little Rock,3,4,1,5,12,0.5928,7942,6640,26.55282237,Public
71656,Monticello,AR,University of Arkansas at Monticello,1,4,1,5,33,NULL,2885,2942,23.52813853,Public
71601,Pine Bluff,AR,University of Arkansas at Pine Bluff,3,4,1,5,13,0.3868,2391,2164,21.61569417,Public
72503-3350,Batesville,AR,University of Arkansas Community College-Batesville,1,2,1,5,33,NULL,1067,1221,24.62073491,Public
71801,Hope,AR,University of Arkansas Community College-Hope,1,2,1,5,32,NULL,1078,1197,25.04,Public
72110,Morrilton,AR,University of Arkansas Community College-Morrilton,2,2,1,5,32,0.6181,1920,1911,24.88860435,Public
72205-7199,Little Rock,AR,University of Arkansas for Medical Sciences,3,4,1,5,12,NULL,711,12646,28.30538922,Public
72913-3649,Fort Smith,AR,University of Arkansas-Fort Smith,3,3,1,5,13,0.5629,5990,2356,23.40897353,Public
72035-0001,Conway,AR,University of Central Arkansas,3,4,1,5,13,0.9426,9232,4697,21.08231173,Public
72830,Clarksville,AR,University of the Ozarks,3,3,2,5,33,0.8892,578,10822,20.43122677,Private
72202-5452,Little Rock,AR,Velvatex College of Beauty Culture,1,1,3,5,12,NULL,25,390,28.66666667,Private
72209-3820,Little Rock,AR,Washington Barber College Inc,1,1,3,5,12,NULL,81,6799,27.375,Private
72476,Walnut Ridge,AR,Williams Baptist College,3,3,2,5,42,0.7049,508,6711,20.7592068,Private
96799-2609,Pago Pago,AS,American Samoa Community College,2,3,1,9,33,NULL,1276,3208,19.88508065,Public
86426,Fort Mohave,AZ,All Beauty College,1,1,3,6,33,NULL,37,10205,27.80851064,Private
85021,Phoenix,AZ,American Indian College Inc,3,3,2,6,11,NULL,89,3313,26.53968254,Private
85268,Fountain Hills,AZ,American Institute of Interior Design,1,1,3,6,21,NULL,28,10364,34.78571429,Private
85043-4729,Phoenix,AZ,American Institute of Technology,1,1,3,6,11,NULL,266,7854,36.67647059,Private
85712,Tucson,AZ,Arizona Academy of Beauty-East,1,1,3,6,11,NULL,32,10287,28.72881356,Private
85705,Tucson,AZ,Arizona Academy of Beauty-North,1,1,3,6,11,NULL,49,7879,28.83333333,Private
85301-3579,Glendale,AZ,Arizona Automotive Institute,1,1,3,6,21,NULL,628,17356,28.79209486,Private
85032-7097,Phoenix,AZ,Arizona Christian University,3,3,2,6,11,0.5673,620,9345,22.40201005,Private
85302,Glendale,AZ,Arizona College-Glendale,1,2,3,6,21,NULL,630,11275,28.4327791,Private
85259,Scottsdale,AZ,Arizona Culinary Institute,1,1,3,6,12,NULL,119,15579,26.60621762,Private
85716-1518,Tucson,AZ,Arizona School of Acupuncture and Oriental Medicine,3,4,3,6,11,NULL,NULL,14885,NULL,Private
86324-3106,Clarkdale,AZ,Arizona School of Integrative Studies,NULL,1,3,6,41,NULL,91,6755,33.61016949,Private
85287,Tempe,AZ,Arizona State University-Tempe,3,4,1,6,12,0.8433,39316,12460,24.58611455,Public
85004,Phoenix,AZ,Arizona Summit Law School,3,4,3,6,11,NULL,NULL,45692,NULL,Private
85365-8834,Yuma,AZ,Arizona Western College,1,2,1,6,13,NULL,7218,679,23.37633008,Public
85210,Mesa,AZ,Avalon School of Cosmetology-Mesa,1,1,3,6,11,NULL,360,7516,24.60136869,Private
85719-4876,Tucson,AZ,Aveda Institute-Tucson,1,1,3,6,11,NULL,140,6702,24.73773987,Private
85021,Phoenix,AZ,Brookline College-Phoenix,1,4,3,6,11,NULL,1357,16664,28.68958851,Private
85051-4063,Phoenix,AZ,Carrington College-Phoenix,1,3,3,6,11,0.9904,617,13638,26.67952923,Private
85282,Tempe,AZ,Carsten Institute of Cosmetology,1,1,3,6,12,NULL,59,18499,25.68,Private
85128-9030,Coolidge,AZ,Central Arizona College,2,2,1,6,41,NULL,5275,1192,27.053125,Public
85225-2499,Chandler,AZ,Chandler-Gilbert Community College,1,2,1,6,21,NULL,10842,1907,25.1975,Public
86403,Lake Havasu City,AZ,Charles of Italy Beauty College,1,1,3,6,13,NULL,54,8454,27.30612245,Private
85607-6190,Douglas,AZ,Cochise County Community College District,2,2,1,6,42,NULL,3759,744,24.8651333,Public
86005-2701,Flagstaff,AZ,Coconino Community College,2,2,1,6,41,NULL,2837,2788,24.75854701,Public
86001,Flagstaff,AZ,CollegeAmerica-Flagstaff,2,3,2,6,13,NULL,176,17541,28.35923141,Private
85282-1707,Tempe,AZ,Conservatory of Recording Arts and Sciences,1,1,3,6,12,NULL,673,5993,24.16071429,Private
85257,Scottsdale,AZ,Cortiva Institute-Scottsdale,1,1,3,6,12,NULL,87,7936,31.49438202,Private
85710,Tucson,AZ,Cortiva Institute-Tucson,1,1,3,6,11,NULL,130,7758,29.66467066,Private
86556,Tsaile,AZ,Dine College,2,3,1,6,43,NULL,1420,157,24.26482213,Public
85201,Mesa,AZ,East Valley Institute of Technology,1,1,1,6,11,NULL,211,4131,27.58974359,Public
85552-0769,Thatcher,AZ,Eastern Arizona College,1,2,1,6,33,NULL,4634,752,23.97520661,Public
85392-1000,Avondale,AZ,Estrella Mountain Community College,2,2,1,6,22,NULL,7735,1491,25.94925766,Public
85021-1641,Phoenix,AZ,Everest College-Phoenix,2,3,3,6,11,NULL,4102,13130,30.67933967,Private
85261-4430,Scottsdale,AZ,Frank Lloyd Wright School of Architecture,3,4,2,6,41,NULL,NULL,52798,NULL,Private
85034,Phoenix,AZ,GateWay Community College,1,2,1,6,11,NULL,5211,2394,29.24889868,Public
85302,Glendale,AZ,Glendale Community College,1,2,1,6,21,NULL,16156,1489,25.28577257,Public
85017,Phoenix,AZ,Grand Canyon University,3,4,3,6,11,0.5757,38905,10550,31.50031515,Private
85546,Safford,AZ,Hair Academy of Safford,1,1,3,6,41,NULL,85,3587,28.24489796,Private
85706,Tucson,AZ,HDS Truck Driving Institute,1,1,3,6,41,NULL,158,8285,32.43448276,Private
85282-6730,Tempe,AZ,International Academy of Hair Design,1,1,3,6,12,NULL,188,9428,27.28125,Private
85286,Chandler,AZ,International Baptist College and Seminary,3,4,2,6,21,NULL,52,6862,20.94736842,Private
85251-2729,Scottsdale,AZ,Le Cordon Bleu College of Culinary Arts-Scottsdale,1,3,3,6,12,NULL,1566,7653,30.33275434,Private
85202,Mesa,AZ,Mesa Community College,1,2,1,6,11,NULL,19055,1957,25.99302903,Public
86409-1238,Kingman,AZ,Mohave Community College,1,2,1,6,41,NULL,4044,1568,28.11842707,Public
85014-1561,Phoenix,AZ,National Paralegal College,2,3,3,6,11,NULL,1042,7872,33.39878049,Private
86314,Prescott Valley,AZ,Northcentral University,3,4,3,6,41,NULL,208,13771,37.14084507,Private
86011-4092,Flagstaff,AZ,Northern Arizona University,3,4,1,6,13,0.8099,23189,7331,24.02204186,Public
86025-0610,Holbrook,AZ,Northland Pioneer College,1,2,1,6,41,NULL,1691,1245,27.66666667,Public
85032,Phoenix,AZ,Paradise Valley Community College,1,2,1,6,11,NULL,6515,1876,26.51444724,Public
85017,Phoenix,AZ,Paul Mitchell the School-Phoenix,1,1,3,6,11,NULL,143,9698,23.79802956,Private
85254-4065,Scottsdale,AZ,Penrose Academy,1,1,3,6,11,NULL,186,9941,25.32941177,Private
85013,Phoenix,AZ,Phoenix College,1,2,1,6,11,NULL,9921,1488,27.47357412,Public
85012,Phoenix,AZ,Phoenix Institute of Herbal Medicine & Acupuncture,3,4,3,6,11,NULL,NULL,9037,PrivacySuppressed,Private
85018-7607,Phoenix,AZ,Phoenix Seminary,NULL,4,2,6,11,NULL,NULL,9120,NULL,Private
85709-1275,Tucson,AZ,Pima Community College,1,2,1,6,11,NULL,24590,1742,25.7374151,Public
85716,Tucson,AZ,Pima Medical Institute-Tucson,1,3,3,6,11,NULL,1948,6165,26.53106012,Private
86301,Prescott,AZ,Prescott College,3,4,2,6,13,0.6873,454,17501,27.7965368,Private
85716-3823,Tucson,AZ,Pure Aesthetics,1,1,3,6,11,NULL,33,16304,30.45070423,Private
85034-1816,Phoenix,AZ,Refrigeration School Inc,1,2,3,6,11,NULL,695,10449,30.71516755,Private
85281,Tempe,AZ,Rio Salado College,1,2,1,6,12,NULL,8366,2724,31.15618503,Public
85007,Phoenix,AZ,Roberto-Venn School of Luthiery,1,1,3,6,11,NULL,42,10458,26.20253165,Private
85256,Scottsdale,AZ,Scottsdale Community College,2,2,1,6,41,NULL,7335,2294,26.1107067,Public
85281,Tempe,AZ,Sessions College for Professional Design,NULL,2,3,6,12,0.8571,99,43931,33.52554745,Private
85042,Phoenix,AZ,South Mountain Community College,2,2,1,6,11,NULL,3653,982,27.5081043,Public
85282,Tempe,AZ,Southwest College of Naturopathic Medicine & Health Sciences,3,4,2,6,12,NULL,NULL,22828,NULL,Private
85281,Tempe,AZ,Southwest Institute of Healing Arts,1,2,3,6,12,NULL,943,9386,34.68452983,Private
85716,Tucson,AZ,Southwest University of Visual Arts-Tucson,3,4,3,6,11,NULL,161,19099,24.49242424,Private
85224,Chandler,AZ,Studio Academy of Beauty,1,1,3,6,21,NULL,332,9265,26.91100324,Private
85021-2859,Phoenix,AZ,The Art Institute of Phoenix,2,3,3,6,11,NULL,1009,13708,28.48027096,Private
85306-6000,Glendale,AZ,Thunderbird School of Global Management,1,4,2,6,21,NULL,1,71514,30.63636364,Private
85634-3129,Sells,AZ,Tohono O'Odham Community College,1,2,1,6,43,NULL,179,2056,26.50892857,Public
85711,Tucson,AZ,Tucson College,1,1,3,6,11,NULL,356,12540,28.08955224,Private
85705,Tucson,AZ,Tucson College of Beauty,1,1,3,6,11,NULL,56,5117,29.29292929,Private
85122,Casa Grande,AZ,Turning Point Beauty College,1,1,3,6,41,NULL,47,11716,24.96774194,Private
85323,Avondale,AZ,Universal Technical Institute of Arizona Inc,1,2,3,6,22,NULL,2340,12401,23.20417525,Private
85027,Phoenix,AZ,Universal Technical Institute of Arizona Inc-Motorcycle Mechanics Institute Division,1,1,3,6,11,NULL,1724,9773,25.63453608,Private
85283,Tempe,AZ,University of Advancing Technology,3,4,3,6,12,0.8345,784,21957,23.43713733,Private
85721-0066,Tucson,AZ,University of Arizona,3,4,1,6,11,0.7462,32646,12441,21.1658363,Public
85282,Tempe,AZ,University of Phoenix-Arizona,NULL,4,3,6,12,NULL,151558,12922,31.76334255,Private
85282,Tempe,AZ,Western International University,3,4,3,6,12,NULL,996,8252,35.33613445,Private
86301,Prescott,AZ,Yavapai College,1,2,1,6,13,NULL,5359,2060,29.10615435,Public
90010,Los Angeles,CA,Academy for Jewish Religion-California,NULL,4,2,8,11,NULL,NULL,16241,NULL,Private
95050-4057,Santa Clara,CA,Academy for Salon Professionals,1,1,3,8,12,NULL,125,12625,25.86338798,Private
91304-2305,Canoga Park,CA,Academy for Salon Professionals,1,1,3,8,11,NULL,65,11067,29.29032258,Private
94105,San Francisco,CA,Academy of Art University,3,4,3,8,11,NULL,9885,25086,25.4598147,Private
94612,Oakland,CA,Academy of Chinese Culture and Health Sciences,NULL,4,2,8,11,NULL,NULL,7414,NULL,Private
90211,Beverly Hills,CA,Academy of Couture Art,3,2,3,8,21,1,22,32907,22.5625,Private
91340-3212,San Fernando,CA,Academy of Esthetics and Cosmetology,1,1,3,8,21,NULL,36,2492,26.66666667,Private
94704,Berkeley,CA,Acupuncture and Integrative Medicine College-Berkeley,3,4,2,8,12,NULL,NULL,7641,NULL,Private
95380,Turlock,CA,Adrian's College of Beauty Turlock,1,1,3,8,23,NULL,133,5921,23.08843537,Private
92843,Garden Grove,CA,Advance Beauty College,1,1,3,8,21,NULL,474,5178,37.15955766,Private
92583-6572,San Jacinto,CA,Advance Beauty Techs Academy,1,1,3,8,22,NULL,50,6553,25.96938776,Private
93291,Visalia,CA,Advanced Career Institute,1,1,3,8,12,NULL,253,6788,31.77538462,Private
90280,South Gate,CA,Advanced College,1,2,3,8,21,NULL,125,8891,27.58857143,Private
90010-3911,Los Angeles,CA,Advanced Computing Institute,NULL,2,3,8,11,NULL,354,4214,36.91489362,Private
92020,El Cajon,CA,Advanced Training Associates,1,2,3,8,21,NULL,85,10462,30.28292683,Private
91801,Alhambra,CA,Alhambra Beauty College,1,1,3,8,21,NULL,92,765,33.25714286,Private
93454-6399,Santa Maria,CA,Allan Hancock College,2,2,1,8,13,NULL,9738,678,23.63832895,Public
92131,San Diego,CA,Alliant International University-San Diego,3,4,2,8,11,0.3855,236,17614,31.20666667,Private
92653-1337,Laguna Hills,CA,Allied American University,1,3,3,8,21,NULL,2202,8773,29.50792952,Private
94704-3029,Berkeley,CA,American Baptist Seminary of the West,3,4,2,8,12,NULL,NULL,11239,PrivacySuppressed,Private
91790,West Covina,CA,American Beauty College,1,1,3,8,21,NULL,97,6960,25.05660377,Private
90004,Los Angeles,CA,American Career College-Los Angeles,1,2,3,8,11,NULL,1613,11851,25.65378671,Private
90262,Lynwood,CA,American Career College-Lynwood,1,0,3,8,21,NULL,202,6921,25.60833333,Private
91764,Ontario,CA,American Career College-Ontario,1,2,3,8,12,NULL,1483,12887,26.42213961,Private
92505,Riverside,CA,American College of Healthcare,1,1,3,8,11,NULL,240,1217,26.97122302,Private
94107,San Francisco,CA,American College of Traditional Chinese Medicine,3,4,2,8,11,NULL,NULL,12631,NULL,Private
94108-5834,San Francisco,CA,American Conservatory Theater,1,4,2,8,11,NULL,0,25044,NULL,Private
90027-1625,Los Angeles,CA,American Film Institute Conservatory,3,4,2,8,11,NULL,NULL,26320,PrivacySuppressed,Private
92705-5479,Santa Ana,CA,American Institute of Massage Therapy,1,1,3,8,11,NULL,38,5796,34.23684211,Private
90077-1519,Los Angeles,CA,American Jewish University,3,4,2,8,11,0.4146,96,16159,21.6875,Private
91204-5108,Glendale,CA,American Medical Sciences Center,1,1,3,8,12,NULL,84,19768,31.31460674,Private
95841-4286,Sacramento,CA,American River College,1,2,1,8,21,NULL,26803,451,26.73582474,Public
90755-3612,Signal Hill,CA,American University of Health Sciences,3,4,3,8,21,1,274,23680,27.53956835,Private
90010,Los Angeles,CA,Angeles College,1,3,3,8,11,NULL,94,13513,34.26744186,Private
90701-6610,ARTESIA,CA,Angeles Institute,1,1,3,8,21,NULL,114,19407,26.93560606,Private
91335-5426,Reseda,CA,Annenberg School of Nursing,1,1,2,8,11,NULL,19,16000,28.64705882,Private
93536-5426,Lancaster,CA,Antelope Valley College,2,2,1,8,21,NULL,12367,350,26.47978671,Public
92868,Orange,CA,Argosy University-Orange County,3,4,3,8,21,NULL,222,14609,29.89395879,Private
91103,Pasadena,CA,Art Center College of Design,3,4,2,8,12,0.809,1814,30191,22.98330551,Private
92373,Redlands,CA,Ashdown College of Health Sciences,2,2,3,8,13,NULL,31,6530,29.32608696,Private
95825,Sacramento,CA,Asher College,1,2,3,8,13,NULL,716,7442,36.96713615,Private
92123,San Diego,CA,Ashford University,3,4,3,8,11,NULL,44744,11829,33.92551389,Private
92683,Westminster,CA,Asian American International Beauty College,1,1,3,8,21,NULL,173,572,37.57615894,Private
90017-1604,Los Angeles,CA,Associated Technical College-Los Angeles,1,1,3,8,11,NULL,361,15296,31.31424936,Private
92101,San Diego,CA,Associated Technical College-San Diego,1,1,3,8,11,NULL,119,15755,30.60349854,Private
90650,Norwalk,CA,ATI College-Norwalk,1,1,3,8,21,NULL,109,14953,26.68965517,Private
94501,Alameda,CA,Avalon School of Cosmetology-Alameda,1,1,3,8,21,NULL,253,7387,25.43223443,Private
92154,San Diego,CA,Avance Beauty College,1,1,3,8,11,NULL,60,9377,28.03174603,Private
91702-7000,Azusa,CA,Azusa Pacific University,3,4,2,8,21,0.8183,5918,18423,25.83837638,Private
93305-1299,Bakersfield,CA,Bakersfield College,1,2,1,8,11,NULL,16982,540,23.40268779,Public
91706-4221,Baldwin Park,CA,Baldwin Park Adult & Community Education,1,1,1,8,21,NULL,307,2482,25.73401535,Public
92311,Barstow,CA,Barstow Community College,2,2,1,8,32,NULL,1588,339,28.51318543,Public
94108-3623,San Francisco,CA,Bay Area Medical Academy,NULL,1,3,8,11,NULL,95,44918,27.37113402,Private
92223,Beaumont,CA,Beaumont Adult School,1,1,1,8,21,NULL,93,16041,28.60144928,Public
92021,El Cajon,CA,Bellus Academy-El Cajon,1,1,3,8,21,NULL,145,12952,25.80833333,Private
91950,National City,CA,Bellus Academy-National City,1,1,3,8,21,NULL,177,11921,24.632,Private
92064,Poway,CA,Bellus Academy-Poway,1,1,3,8,21,NULL,369,13706,25.85136897,Private
94928,Rohnert Park,CA,Bergin University of Canine Studies,2,4,2,8,21,NULL,43,12636,27.1,Private
94704,Berkeley,CA,Berkeley City College,2,2,1,8,12,NULL,5917,1088,25.23920266,Public
92801,Anaheim,CA,Bethesda University,3,4,2,8,11,0.6686,261,4432,24.41880342,Private
90670,Santa Fe Springs,CA,Beyond 21st Century Beauty Academy,1,1,3,8,21,NULL,50,6929,25.12280702,Private
90639-0001,La Mirada,CA,Biola University,3,4,2,8,21,0.754,4364,21146,20.2681764,Private
95687,Vacaville,CA,Blake Austin College,1,1,3,8,23,NULL,312,17997,25.89210019,Private
90047,Los Angeles,CA,Borner's Barber College,1,1,3,8,11,NULL,29,13189,27.34,Private
91203,Glendale,CA,Brand College,NULL,1,3,8,12,0.8,59,13441,NULL,Private
92618,Irvine,CA,Brandman University,3,4,2,8,12,0.7317,3755,13539,32.57693575,Private
95368,Salida,CA,Brightwood College-Modesto,1,2,3,8,21,NULL,408,9427,24.86839749,Private
91606-3231,North Hollywood,CA,Brightwood College-North Hollywood,1,1,3,8,11,NULL,778,8656,25.45494186,Private
95821,Sacramento,CA,Brightwood College-Sacramento,1,2,3,8,21,NULL,426,8296,25.32458564,Private
92123,San Diego,CA,Brightwood College-San Diego,1,2,3,8,11,NULL,1285,11735,26.73414231,Private
92083-7736,Vista,CA,Brightwood College-Vista,1,2,3,8,21,NULL,804,9023,25.3762533,Private
92806-6198,Anaheim,CA,Bristol University,1,2,3,8,11,NULL,49,1863,27.55154639,Private
93001,Ventura,CA,Brooks Institute,3,4,3,8,21,0.9912,415,22622,23.59821429,Private
92805,Anaheim,CA,Brownson Technical School,1,1,3,8,11,NULL,46,8167,29.8537415,Private
95670-4443,Gold River,CA,Bryan College-Gold River,2,2,3,8,21,NULL,85,12535,29.79452055,Private
90010,Los Angeles,CA,Bryan University,2,4,3,8,11,NULL,1324,15123,32.90825688,Private
95965-8399,Oroville,CA,Butte College,1,2,1,8,42,NULL,11164,930,24.31160297,Public
95003,Aptos,CA,Cabrillo College,2,2,1,8,22,NULL,12423,987,24.76173176,Public
92504-3297,Riverside,CA,California Baptist University,3,4,2,8,11,0.7967,6435,18625,23.84067706,Private
95354,Modesto,CA,California Beauty School,1,1,3,8,12,NULL,93,4015,22.75949367,Private
91303-2006,Canoga Park,CA,California Career College,1,1,3,8,11,NULL,94,8343,31.45555556,Private
92840-2816,Garden Grove,CA,California Career Institute,1,1,3,8,21,NULL,73,36374,31.81900453,Private
92805,Anaheim,CA,California Career School,1,1,3,8,11,NULL,136,18013,33.5,Private
93727,Fresno,CA,California Christian College,3,3,2,8,11,NULL,16,9731,31.28571429,Private
94107-2247,San Francisco,CA,California College of the Arts,3,4,2,8,11,0.6369,1512,27248,22.16161616,Private
92111,San Diego,CA,California College San Diego,NULL,3,2,8,11,NULL,912,17303,28.31137725,Private
91941-5055,La Mesa,CA,California Hair Design Academy,1,1,3,8,21,NULL,195,8556,26.27304965,Private
90746-7323,Carson,CA,California Healing Arts College,1,1,3,8,13,NULL,44,14587,29.34033613,Private
94103,San Francisco,CA,California Institute of Integral Studies,3,4,2,8,11,NULL,104,17739,33.5326087,Private
91125,Pasadena,CA,California Institute of Technology,3,4,2,8,12,0.0883,983,16533,19.2611465,Private
91355-2397,Valencia,CA,California Institute of the Arts,3,4,2,8,21,0.2442,946,29456,21.303207,Private
91360-2787,Thousand Oaks,CA,California Lutheran University,3,4,2,8,12,0.6097,2799,18773,21.74370113,Private
92108,San Diego,CA,California Miramar University,NULL,4,3,8,11,NULL,245,3708,PrivacySuppressed,Private
92264,Palm Springs,CA,California Nurses Educational Institute,1,1,3,8,21,NULL,162,15181,26.61611374,Private
93407,San Luis Obispo,CA,California Polytechnic State University-San Luis Obispo,3,4,1,8,23,0.3089,19177,8330,20.09519868,Public
91768,Pomona,CA,California State Polytechnic University-Pomona,3,4,1,8,21,0.5187,22269,4552,21.96133699,Public
93311-1099,Bakersfield,CA,California State University-Bakersfield,3,4,1,8,11,0.706,7524,2882,22.84741551,Public
93012,Camarillo,CA,California State University-Channel Islands,3,4,1,8,22,0.7241,5649,6192,23.23459028,Public
95929-0150,Chico,CA,California State University-Chico,3,4,1,8,13,0.7096,15844,4966,22.31849957,Public
90747-0005,Carson,CA,California State University-Dominguez Hills,3,4,1,8,13,0.4234,12199,5053,25.19672883,Public
94542,Hayward,CA,California State University-East Bay,3,4,1,8,12,0.7031,12275,6661,24.57312253,Public
93740,Fresno,CA,California State University-Fresno,3,4,1,8,11,0.594,20128,3810,22.0933181,Public
92831-3599,Fullerton,CA,California State University-Fullerton,3,4,1,8,21,0.4447,32610,5984,22.74643287,Public
90840-0115,Long Beach,CA,California State University-Long Beach,3,4,1,8,11,0.3546,31494,5325,22.6486014,Public
90032,Los Angeles,CA,California State University-Los Angeles,3,4,1,8,11,0.6107,20643,4315,23.22707675,Public
93955-8001,Seaside,CA,California State University-Monterey Bay,3,4,1,8,22,0.6936,5924,5147,23.48434565,Public
91330,Northridge,CA,California State University-Northridge,3,4,1,8,11,0.5286,35409,6041,22.45085456,Public
95819-2694,Sacramento,CA,California State University-Sacramento,3,4,1,8,11,0.7265,26400,5144,23.33225034,Public
92407-2397,San Bernardino,CA,California State University-San Bernardino,3,4,1,8,12,0.8445,16439,4359,22.78901373,Public
92096-0001,San Marcos,CA,California State University-San Marcos,3,4,1,8,21,0.618,11506,7383,22.29095098,Public
95382-0299,Turlock,CA,California State University-Stanislaus,3,4,1,8,23,0.7272,7844,4697,23.13248543,Public
92801,Anaheim,CA,California University of Management and Sciences,3,4,2,8,11,NULL,98,8179,PrivacySuppressed,Private
92101-3046,San Diego,CA,California Western School of Law,3,4,2,8,11,NULL,NULL,35778,NULL,Private
95993,Yuba City,CA,Cambridge Junior College-Yuba City,1,2,3,8,13,0.8768,159,9113,25.29310345,Private
94061-1099,Redwood City,CA,Canada College,2,2,1,8,21,NULL,5142,750,26.71966134,Public
91103,Pasadena,CA,Capstone College,1,1,3,8,12,NULL,40,14800,29.8,Private
92845,Garden Grove,CA,Career Academy of Beauty,1,1,3,8,21,NULL,157,7618,27.52838428,Private
93534,Lancaster,CA,Career Care Institute,1,1,3,8,21,NULL,585,12932,26.09221557,Private
90041,Los Angeles,CA,Career College Consultants,1,1,3,8,11,NULL,119,9614,34.41477273,Private
92701,Santa Ana,CA,Career College of California,1,1,3,8,11,NULL,194,10990,26.95,Private
90035,Los Angeles,CA,Career Development Institute Inc,1,1,3,8,11,NULL,63,10458,29.98148148,Private
92868-4710,Orange,CA,Career Networks Institute,1,1,3,8,12,NULL,651,10618,28.47185629,Private
95826,Sacramento,CA,Carrington College-Sacramento,1,2,3,8,21,0.9565,1385,15742,25.63412112,Private
91405,Van Nuys,CA,Casa Loma College-Van Nuys,1,2,2,8,11,0.875,446,8209,26.55616943,Private
90010,Los Angeles,CA,CBD College,1,1,2,8,11,NULL,411,2564,27.13612565,Private
93401,San Luis Obispo,CA,Central California School of Continuing Education,1,1,3,8,13,NULL,385,3238,26.78475336,Private
93901-3301,Salinas,CA,Central Coast College,1,1,3,8,12,0.4696,276,5705,23.99344262,Private
90650-6298,Norwalk,CA,Cerritos College,2,2,1,8,21,NULL,18171,700,23.49995002,Public
93555-9571,Ridgecrest,CA,Cerro Coso Community College,2,2,1,8,41,NULL,4314,742,29.4010877,Public
91502-2750,Burbank,CA,CES College,1,1,2,8,12,NULL,140,1630,36.95,Private
95110,San Jose,CA,CET-Sobrato,1,1,2,8,11,NULL,327,5988,30.15485362,Private
94545,Hayward,CA,Chabot College,2,2,1,8,12,NULL,11968,1081,25.29973404,Public
91737-3002,Rancho Cucamonga,CA,Chaffey College,2,2,1,8,21,NULL,17284,797,24.23358486,Public
92264,Palm Springs,CA,Champion Institute of Cosmetology,1,1,3,8,21,NULL,39,4492,30.4,Private
92866,Orange,CA,Chapman University,3,4,2,8,12,0.4704,6211,25520,20.46951819,Private
95824-1529,Sacramento,CA,Charles A Jones Career and Education Center,1,1,1,8,11,NULL,695,60,28.62176166,Public
90059,Los Angeles,CA,Charles R Drew University of Medicine and Science,2,4,2,8,21,1,69,27468,27.46268657,Private
91351,Canyon Country,CA,Charter College-Canyon Country,1,2,3,8,21,NULL,1062,5503,26.9615644,Private
94709-1211,Berkeley,CA,Church Divinity School of the Pacific,3,4,2,8,12,NULL,NULL,10444,PrivacySuppressed,Private
94108-3204,San Francisco,CA,Cinta Aveda Institute,1,1,3,8,11,NULL,241,16681,26.85714286,Private
91741-1899,Glendora,CA,Citrus College,2,2,1,8,21,NULL,11388,971,23.19973293,Public
95610-1410,Citrus Heights,CA,Citrus Heights Beauty College,1,1,3,8,21,NULL,105,2490,23.51886793,Private
94112-1898,San Francisco,CA,City College of San Francisco,1,2,1,8,11,NULL,21683,1415,27.94553164,Public
91711-6160,Claremont,CA,Claremont Graduate University,3,4,2,8,21,NULL,NULL,30407,37.92307692,Private
91711-6400,Claremont,CA,Claremont McKenna College,3,4,2,8,21,0.1077,1293,30090,19.45652174,Private
91711-3199,Claremont,CA,Claremont School of Theology,3,4,2,8,21,NULL,NULL,3377,NULL,Private
93611,Clovis,CA,Clovis Adult Education,1,1,1,8,21,NULL,617,3234,30.32352941,Public
92253,La Quinta,CA,Coachella Valley Beauty College,1,1,3,8,21,NULL,64,4900,24.44099379,Private
90015-3040,Los Angeles,CA,Coast Career Institute,1,1,3,8,11,NULL,212,5150,28.89833333,Private
92708,Fountain Valley,CA,Coastline Beauty College,1,1,3,8,13,NULL,182,5269,39.61788618,Private
92708-2597,Fountain Valley,CA,Coastline Community College,2,2,1,8,13,NULL,9503,850,32.43833815,Public
92866,Orange,CA,COBA Academy,1,1,3,8,12,NULL,36,3827,25.35555556,Private
95134,San Jose,CA,Cogswell College,3,4,3,8,11,0.438,607,15016,21.97814208,Private
92123-1506,San Diego,CA,Coleman University,2,4,2,8,11,NULL,512,10324,29.11875,Private
92701-0000,Santa Ana,CA,Colleen O'Haras Beauty Academy,1,1,3,8,11,NULL,126,8758,24.42307692,Private
94501,Alameda,CA,College of Alameda,2,2,1,8,21,NULL,5141,1067,26.59852775,Public
94904-2590,Kentfield,CA,College of Marin,2,2,1,8,21,NULL,4663,1196,27.8156831,Public
94402-3784,San Mateo,CA,College of San Mateo,1,2,1,8,21,NULL,7981,1100,23.88389732,Public
91355-1899,Santa Clarita,CA,College of the Canyons,2,2,1,8,21,NULL,15204,931,23.93286432,Public
92260,Palm Desert,CA,College of the Desert,2,2,1,8,21,NULL,8937,776,23.8327384,Public
95501-9300,Eureka,CA,College of the Redwoods,2,2,1,8,41,NULL,2635,772,25.05053192,Public
93277-2214,Visalia,CA,College of the Sequoias,2,2,1,8,12,NULL,9650,418,23.61968322,Public
96094-2899,Weed,CA,College of the Siskiyous,2,2,1,8,33,NULL,1772,1256,25.08622755,Public
92374,Redlands,CA,Colton-Redlands-Yucaipa Regional Occupational Program,1,1,1,8,13,NULL,80,6689,26.76923077,Public
95370,Sonora,CA,Columbia College,2,2,1,8,41,NULL,2191,660,25.39201638,Public
91356-1411,Tarzana,CA,Columbia College-Hollywood,3,3,2,8,11,0.7849,307,18913,23.83944954,Private
92374,Redlands,CA,Community Christian College,2,2,2,8,13,NULL,101,33369,25.125,Private
92507,Riverside,CA,Computer Training Academy,NULL,1,3,8,11,NULL,92,33953,35.08125,Private
95356,Modesto,CA,Computer Tutor Business and Technical Institute,1,1,3,8,21,NULL,111,6535,27.91631799,Private
92840-9201,Garden Grove,CA,Concorde Career College-Garden Grove,1,2,3,8,21,1,974,13757,26.38312318,Private
91606-3134,North Hollywood,CA,Concorde Career College-North Hollywood,1,2,3,8,11,1,620,13257,24.92670683,Private
92408-3403,San Bernardino,CA,Concorde Career College-San Bernardino,1,2,3,8,12,1,668,13469,25.46826127,Private
92113-1964,San Diego,CA,Concorde Career College-San Diego,1,2,3,8,11,1,967,7326,26.81173594,Private
92612-3203,Irvine,CA,Concordia University-Irvine,3,4,2,8,12,0.8608,1884,12439,22.07878151,Private
94806-3195,San Pablo,CA,Contra Costa College,2,2,1,8,21,NULL,5333,721,26.4632713,Public
92252,Joshua Tree,CA,Copper Mountain Community College,2,2,1,8,42,NULL,1373,318,26.78545781,Public
95821-6800,Sacramento,CA,Cosmo Beauty Academy,1,1,3,8,13,NULL,81,4125,31.46902655,Private
95060-4401,Santa Cruz,CA,Cosmo Factory Cosmetology Academy,1,1,3,8,13,NULL,19,8118,26.7,Private
95823-5799,Sacramento,CA,Cosumnes River College,2,2,1,8,11,NULL,13378,458,25.36171603,Public
92339-1799,Yucaipa,CA,Crafton Hills College,2,2,1,8,41,NULL,5152,522,22.48484849,Public
92845-4321,Garden Grove,CA,CRU Institute,1,1,3,8,21,NULL,49,1760,24.42424242,Private
93403-8106,San Luis Obispo,CA,Cuesta College,2,2,1,8,23,NULL,7864,1101,25.15584416,Public
92019,El Cajon,CA,Cuyamaca College,2,2,1,8,21,NULL,7588,807,28.54144205,Public
90630-5897,Cypress,CA,Cypress College,2,2,1,8,21,NULL,14817,781,23.50714142,Public
90660,Pico Rivera,CA,David's Academy of Beauty,1,1,3,8,21,NULL,90,7962,37.14642857,Private
95014,Cupertino,CA,De Anza College,2,2,1,8,13,NULL,20317,1689,23.50068942,Public
95525-0816,Blue Lake,CA,Dell'Arte International School of Physical Theatre,1,4,2,8,41,NULL,24,7035,27.9,Private
92121,San Diego,CA,Design Institute of San Diego,3,3,3,8,11,NULL,171,18917,24.91666667,Private
93446,Paso Robles,CA,Design's School of Cosmetology,1,1,3,8,13,NULL,49,3997,26.45934959,Private
94523,Pleasant Hill,CA,Diablo Valley College,1,2,1,8,21,NULL,18314,1917,25.02714469,Public
91733-2180,South El Monte,CA,Diamond Beauty College,1,1,3,8,21,NULL,146,2331,33.76923077,Private
90017-1604,Los Angeles,CA,Diversified Vocational College,1,1,3,8,11,NULL,679,7469,36.3456,Private
94708-1816,Berkeley,CA,Dominican School of Philosophy & Theology,NULL,4,2,8,12,NULL,NULL,12845,NULL,Private
94901-2298,San Rafael,CA,Dominican University of California,3,4,2,8,13,0.8092,1448,22713,21.91,Private
90020-1704,Los Angeles,CA,Dongguk University-Los Angeles,3,4,2,8,11,NULL,20,6519,PrivacySuppressed,Private
90241,Downey,CA,Downey Adult School,1,1,1,8,21,NULL,1210,8269,27.30521092,Public
91754-6099,Monterey Park,CA,East Los Angeles College,1,2,1,8,13,NULL,32173,610,23.13691962,Public
91790,West Covina,CA,East San Gabriel Valley Regional Occupational Program,1,2,1,8,21,NULL,581,328,29.4744898,Public
90506,Torrance,CA,El Camino Community College District,2,2,1,8,21,NULL,22082,1045,23.89083757,Public
90028-6106,Hollywood,CA,Elegance International,1,1,3,8,11,NULL,374,11013,24.07773852,Private
92284-2860,Yucca Valley,CA,Elite Cosmetology School,1,1,3,8,32,NULL,91,7207,24.65972222,Private
90403,Santa Monica,CA,Emperor's College of Traditional Oriental Medicine,3,4,3,8,13,NULL,NULL,12812,NULL,Private
95403-2126,Santa Rosa,CA,Empire College,1,2,3,8,12,NULL,411,13509,27.20543807,Private
95841,Sacramento,CA,Epic Bible College,2,3,2,8,21,NULL,208,11427,32.42553192,Private
93291,Visalia,CA,Estes Institute of Cosmetology Arts and Science,1,1,3,8,12,NULL,76,5848,24.38541667,Private
91803,Alhambra,CA,Everest College-Alhambra,1,1,3,8,21,NULL,439,9567,26.04669988,Private
92801-5229,Anaheim,CA,Everest College-Anaheim,1,2,3,8,11,NULL,443,10448,25.8312611,Private
90247,Gardena,CA,Everest College-Gardena,1,1,3,8,13,NULL,424,9459,27.57515879,Private
91761-2338,Ontario,CA,Everest College-Ontario,1,1,3,8,12,NULL,707,9574,27.90174472,Private
91335-4631,Reseda,CA,Everest College-Reseda,1,2,3,8,11,NULL,596,10084,27.54861417,Private
92408,San Bernardino,CA,Everest College-San Bernardino,1,2,3,8,12,NULL,737,9938,26.42611276,Private
90501,Torrance,CA,Everest College-Torrance,1,1,3,8,12,NULL,142,9847,25.8241206,Private
95135-1598,San Jose,CA,Evergreen Valley College,2,2,1,8,11,NULL,7325,1153,26.98794754,Public
94608,Emeryville,CA,Expression College for Digital Arts,3,3,3,8,21,NULL,445,35928,23.29230769,Private
91730,Rancho Cucamonga,CA,Fab School,NULL,1,3,8,21,NULL,107,27734,25.76829268,Private
90015-1421,Los Angeles,CA,Fashion Institute of Design & Merchandising-Los Angeles,2,3,3,8,11,0.5178,3142,27199,21.5266752,Private
95971-9124,Quincy,CA,Feather River Community College District,2,2,1,8,41,NULL,1543,753,23.91407678,Public
95834,Sacramento,CA,Federico Beauty Institute,1,1,3,8,21,NULL,283,7927,25.73479319,Private
93105-3538,Santa Barbara,CA,Fielding Graduate University,3,4,2,8,13,NULL,NULL,23505,NULL,Private
95062,Santa Cruz,CA,Five Branches University,3,4,3,8,22,NULL,NULL,10081,PrivacySuppressed,Private
91351-3381,Canyon Country,CA,Flair Beauty College,1,1,3,8,21,NULL,46,8024,25.08641975,Private
95630,Folsom,CA,Folsom Lake College,2,2,1,8,13,NULL,7307,691,26.1370844,Public
94022,Los Altos Hills,CA,Foothill College,2,2,1,8,21,NULL,13478,2085,25.68575553,Public
92324,Colton,CA,Four-D College,1,2,3,8,21,NULL,633,4245,27.60021097,Private
92057,Oceanside,CA,Franciscan School of Theology,NULL,4,2,8,21,NULL,NULL,7459,NULL,Private
95501,Eureka,CA,Fredrick and Charles Beauty College,1,1,3,8,33,NULL,73,6308,25.7625,Private
90703,Cerritos,CA,Fremont College,2,3,3,8,21,NULL,387,15267,28.53303965,Private
93741,Fresno,CA,Fresno City College,2,2,1,8,11,NULL,19770,422,23.62215076,Public
93702-4709,Fresno,CA,Fresno Pacific University,3,4,2,8,11,0.6662,2605,13869,28.34456929,Private
91182,Pasadena,CA,Fuller Theological Seminary in California,3,4,2,8,12,NULL,NULL,11167,PrivacySuppressed,Private
92832-2095,Fullerton,CA,Fullerton College,2,2,1,8,21,NULL,22990,788,23.5274929,Public
91606-1593,North Hollywood,CA,Galaxy Medical College,1,1,3,8,11,NULL,31,5082,29.32653061,Private
95020,Gilroy,CA,Gavilan College,2,2,1,8,23,NULL,4754,693,23.49486405,Public
92008,Carlsbad,CA,Gemological Institute of America-Carlsbad,1,1,2,8,12,NULL,215,16886,27.45588235,Private
91203,Glendale,CA,Glendale Career College,1,1,3,8,12,1,346,10275,28.32533013,Private
91208-2894,Glendale,CA,Glendale Community College,2,2,1,8,12,NULL,13471,881,26.09706993,Public
90038,Hollywood,CA,Gnomon School of Visual Effects,1,1,3,8,11,1,376,15808,26.04210526,Private
94105-2968,San Francisco,CA,Golden Gate University-San Francisco,3,4,2,8,11,NULL,482,21868,33.49781659,Private
94588-3677,Pleasanton,CA,Golden State College of Court Reporting,1,1,3,8,13,NULL,51,8714,33.65217391,Private
92647-2710,Huntington Beach,CA,Golden West College,1,2,1,8,21,NULL,11466,1005,23.97662729,Public
92833-3860,Fullerton,CA,Grace Mission University,3,4,2,8,21,NULL,73,3541,44.69230769,Private
94709,Berkeley,CA,Graduate Theological Union,3,4,2,8,12,NULL,NULL,8204,NULL,Private
92020-1799,El Cajon,CA,Grossmont College,2,2,1,8,21,NULL,16357,480,25.24924319,Public
94403,San Mateo,CA,Gurnick Academy of Medical Arts,1,1,3,8,21,NULL,873,13987,29.8255814,Private
91746-0002,La Puente,CA,Hacienda La Puente Adult Education,1,1,1,8,21,NULL,3980,670,28.97864078,Public
93901,Salinas,CA,Hartnell College,2,2,1,8,12,NULL,9161,362,22.91477068,Public
91711,Claremont,CA,Harvey Mudd College,3,3,2,8,21,0.1425,802,28151,19.1957672,Private
94103,San Francisco,CA,Heald College-San Francisco,2,2,3,8,11,NULL,748,14629,27.95085828,Private
92025,Escondido,CA,Healing Hands School of Holistic Health,1,1,3,8,21,NULL,281,4881,31.34895833,Private
93534-1134,Lancaster,CA,High Desert Medical College,NULL,1,3,8,21,NULL,211,11308,25.87348354,Private
94014,Daly City,CA,Hilltop Beauty School,1,1,3,8,21,NULL,109,1014,33.27559055,Private
94591,Vallejo,CA,Hinton Barber and Beauty College,1,1,3,8,12,NULL,57,6079,26.85714286,Private
94619-1699,Oakland,CA,Holy Names University,3,4,2,8,11,0.5706,690,17558,24.77664975,Private
90505,Torrance,CA,Homestead Schools,1,1,2,8,12,NULL,168,16306,29.95546559,Private
92831-3199,Fullerton,CA,Hope International University,3,4,2,8,21,0.31,816,10009,23.62018349,Private
92111-2622,San Diego,CA,Horizon University,3,3,2,8,11,NULL,34,4590,28.23076923,Private
95521-8299,Arcata,CA,Humboldt State University,3,4,1,8,33,0.7655,7962,4825,22.13356164,Public
95207-3896,Stockton,CA,Humphreys College-Stockton and Modesto Campuses,3,4,2,8,11,NULL,617,10688,27.48011364,Private
91356-4159,Tarzana,CA,Hypnosis Motivation Institute,1,1,2,8,11,NULL,75,11415,41.78865979,Private
90255,Huntington Park,CA,ICDC College,1,2,3,8,21,NULL,2811,14272,31.29617509,Private
92251-0158,Imperial,CA,Imperial Valley College,2,2,1,8,41,NULL,6958,383,23.10586974,Public
90723-5258,Paramount,CA,InfoTech Career College,1,1,3,8,21,NULL,136,12297,26.76712329,Private
95051-1303,Santa Clara,CA,Institute for Business and Technology,1,1,3,8,12,NULL,196,16256,29.53196527,Private
93612,Clovis,CA,Institute of Technology Inc,1,2,3,8,21,NULL,1487,11522,28.30003784,Private
91104,Pasadena,CA,Integrity College of Health,NULL,1,3,8,12,NULL,53,12697,31.10526316,Private
92868,Orange,CA,InterCoast Colleges-Orange,1,2,3,8,12,NULL,56,2762,32.25943853,Private
92660,Newport Beach,CA,Interior Designers Institute,1,4,3,8,13,NULL,203,23120,30.14814815,Private
90039-1012,Los Angeles,CA,International College of Beauty Arts & Sciences,1,1,3,8,11,NULL,53,8314,33.79746835,Private
94601-3525,Oakland,CA,International College of Cosmetology,1,1,3,8,11,NULL,165,4049,30.73728814,Private
92231,Calexico,CA,International Polytechnic Institute,1,1,2,8,22,NULL,24,637,NULL,Private
92123,San Diego,CA,International Professional School of Bodywork,1,2,3,8,11,NULL,136,7194,31.13207547,Private
92260-2740,Palm Desert,CA,International School of Beauty Inc,1,1,3,8,21,NULL,220,5413,26.76491228,Private
92618-0301,Irvine,CA,Irvine Valley College,1,2,1,8,12,NULL,11622,1461,24.2355592,Public
94523-4817,Pleasant Hill,CA,John F. Kennedy University,3,4,2,8,21,NULL,251,22654,35.30232558,Private
92025,Escondido,CA,John Paul the Great Catholic University,3,4,2,8,21,0.875,195,12989,20.95833333,Private
90813,Long Beach,CA,John Wesley International Barber and Beauty College,1,1,3,8,11,NULL,86,5484,26.4140625,Private
91711,Claremont,CA,Keck Graduate Institute,NULL,4,2,8,21,NULL,NULL,28036,24.58536585,Private
92515-8247,Riverside,CA,La Sierra University,3,4,2,8,11,0.4064,2054,28202,20.9991327,Private
92651,Laguna Beach,CA,Laguna College of Art and Design,3,4,2,8,41,0.5847,543,17713,22.1682243,Private
96150,South Lake Tahoe,CA,Lake Tahoe Community College,2,2,1,8,41,NULL,2190,1280,27.20062696,Public
93534,Lancaster,CA,Lancaster Beauty School,1,1,3,8,21,NULL,124,6468,25.13023256,Private
94607,Oakland,CA,Laney College,2,2,1,8,11,NULL,9707,1197,29.31876751,Public
94551-7650,Livermore,CA,Las Positas College,2,2,1,8,41,NULL,8144,1051,24.45080321,Public
96130,Susanville,CA,Lassen Community College,2,2,1,8,41,NULL,2291,934,24.61325967,Public
93401,San Luis Obispo,CA,Laurus College,1,1,3,8,13,NULL,897,10055,32.41916168,Private
93230-4102,Hanford,CA,Lawrence & Company College of Cosmetology,1,1,3,8,13,NULL,62,4551,23.37037037,Private
93662-3509,Selma,CA,Lawrence & Company College of Cosmetology,NULL,1,3,8,31,NULL,30,6098,23.1,Private
91101,Pasadena,CA,Le Cordon Bleu College of Culinary Arts-Pasadena,1,2,3,8,12,NULL,1792,9976,25.99409237,Private
94103,San Francisco,CA,Le Cordon Bleu College of Culinary Arts-San Francisco,1,2,3,8,11,NULL,442,9328,27.97755611,Private
94558-2935,Napa,CA,LeMelange Academy of Hair,1,1,3,8,13,NULL,56,12009,27.45783133,Private
94545-2800,Hayward,CA,Life Chiropractic College West,NULL,4,2,8,12,NULL,NULL,33136,NULL,Private
91773-3298,San Dimas,CA,Life Pacific College,3,4,2,8,21,0.6633,479,9442,21.76025237,Private
94612-2801,Oakland,CA,Lincoln University,2,4,2,8,11,NULL,119,14686,30.34090909,Private
92350,Loma Linda,CA,Loma Linda University,3,4,2,8,21,NULL,1039,31045,26.28158295,Private
90808-1706,Long Beach,CA,Long Beach City College,1,2,1,8,11,NULL,22768,565,23.93378791,Public
90029,Los Angeles,CA,Los Angeles City College,2,2,1,8,11,NULL,15953,650,27.8750381,Public
91105,Pasadena,CA,Los Angeles College of Music,2,2,3,8,12,NULL,147,20540,24.93846154,Private
90033-1084,Los Angeles,CA,Los Angeles County College of Nursing and Allied Health,2,2,1,8,11,NULL,204,4167,31.43283582,Public
90028-7318,Hollywood,CA,Los Angeles Film School,2,3,3,8,11,NULL,2284,16019,24.94729478,Private
90744-2397,Wilmington,CA,Los Angeles Harbor College,2,2,1,8,11,NULL,8707,794,24.95971042,Public
91342-3200,Sylmar,CA,Los Angeles Mission College,2,2,1,8,11,NULL,8487,500,25.93697868,Public
90048,Los Angeles,CA,Los Angeles ORT College-Los Angeles Campus,1,2,2,8,11,NULL,306,1939,39.73627288,Private
91371-0002,Woodland Hills,CA,Los Angeles Pierce College,2,2,1,8,11,NULL,18449,764,25.06919042,Public
90047-4899,Los Angeles,CA,Los Angeles Southwest College,2,2,1,8,21,NULL,5890,200,27.34626039,Public
90015-4181,Los Angeles,CA,Los Angeles Trade Technical College,1,2,1,8,11,NULL,12769,336,27.78609721,Public
91401-4096,Valley Glen,CA,Los Angeles Valley College,1,2,1,8,11,NULL,16127,636,26.43666947,Public
94565,Pittsburg,CA,Los Medanos College,2,2,1,8,21,NULL,7751,663,25.15400844,Public
90045-2659,Los Angeles,CA,Loyola Marymount University,3,4,2,8,11,0.5271,6064,29570,20.52344932,Private
93001-2729,Ventura,CA,Lu Ross Academy,1,1,3,8,12,NULL,274,6577,25.61299435,Private
93710,Fresno,CA,Lyles Fresno College of Beauty,1,1,3,8,11,NULL,51,6431,26.70552147,Private
95403,Santa Rosa,CA,Lytles Redwood Empire Beauty College Inc,1,1,3,8,21,NULL,132,10672,24.67973856,Private
93637,Madera,CA,Madera Beauty College,1,1,3,8,13,NULL,37,6434,23.10714286,Private
91502-1322,Burbank,CA,Make-up Designory,1,1,3,8,12,NULL,216,24289,23.42230347,Private
93726,Fresno,CA,Manchester Beauty College,1,1,3,8,11,NULL,64,6241,26.16,Private
90010,Los Angeles,CA,Marian Health Careers Center-Los Angeles Campus,1,1,3,8,11,NULL,117,7245,27.60588235,Private
91502,Burbank,CA,Marinello Schools of Beauty-Burbank,1,1,3,8,12,NULL,426,9772,26.47214485,Private
92545,Hemet,CA,Marinello Schools of Beauty-Hemet,1,1,3,8,22,NULL,1142,10424,26.19804527,Private
92630,Lake Forest,CA,Marinello Schools of Beauty-Lake Forest,1,1,3,8,21,NULL,496,10857,25.19058296,Private
90023,Los Angeles,CA,Marinello Schools of Beauty-Los Angeles,1,1,3,8,11,NULL,2317,9552,25.41971545,Private
92553,Moreno Valley,CA,Marinello Schools of Beauty-Moreno Valley,1,1,3,8,21,NULL,258,11587,25.6381579,Private
95841,Sacramento,CA,Marinello Schools of Beauty-Sacramento,1,1,3,8,21,NULL,462,10774,25.26551724,Private
94103,San Francisco,CA,Marinello Schools of Beauty-San Francisco,1,1,3,8,11,NULL,535,9987,26.03822314,Private
95050,Santa Clara,CA,Marinello Schools of Beauty-Santa Clara,1,1,3,8,12,NULL,547,10669,25.80227273,Private
92831-1699,Fullerton,CA,Marshall B Ketchum University,3,4,2,8,21,NULL,NULL,33097,NULL,Private
90275-6299,Rancho Palos Verdes,CA,Marymount California University,2,3,2,8,21,NULL,1086,22264,21.043257,Private
92234,Cathedral City,CA,Mayfield College,1,2,3,8,21,NULL,509,10489,27.08280255,Private
90670-4710,Santa Fe Springs,CA,Medical Allied Career Center,1,1,3,8,21,NULL,63,7140,28.69117647,Private
95482,Ukiah,CA,Mendocino College,2,2,1,8,41,NULL,3151,545,26.74899058,Public
94027-4301,Atherton,CA,Menlo College,3,3,2,8,21,0.4506,793,18268,20.59210526,Private
95348-2898,Merced,CA,Merced College,2,2,1,8,13,NULL,9053,567,22.92866352,Public
94619-3196,Oakland,CA,Merritt College,2,2,1,8,11,NULL,5643,1265,28.29277219,Public
92211,Palm Desert,CA,Milan Institute-Palm Desert,1,1,3,8,21,NULL,234,7478,25.25986395,Private
93277,Visalia,CA,Milan Institute-Visalia,1,1,3,8,12,NULL,352,7495,25.60049221,Private
94613,Oakland,CA,Mills College,3,4,2,8,11,0.7614,909,19224,22.71504425,Private
92056-3899,Oceanside,CA,MiraCosta College,1,2,1,8,21,NULL,13855,1082,25.4931599,Public
95054-1897,Santa Clara,CA,Mission College,2,2,1,8,12,NULL,6737,1055,27.45384615,Public
93030,Oxnard,CA,Modern Beauty Academy,1,1,3,8,12,NULL,36,7928,24.65306122,Private
92708-9821,Fountain Valley,CA,Modern Technology School,1,1,3,8,13,0.9545,131,20199,27.73913044,Private
95350-5800,Modesto,CA,Modesto Junior College,2,2,1,8,12,NULL,16253,528,25.0378497,Public
94609-2419,Oakland,CA,Moler Barber College,1,1,3,8,11,NULL,102,5650,29.16161616,Private
93940-4799,Monterey,CA,Monterey Peninsula College,2,2,1,8,22,NULL,7067,1104,24.65561084,Public
93021-1695,Moorpark,CA,Moorpark College,2,2,1,8,22,NULL,13180,1024,23.7880916,Public
92551,Moreno Valley,CA,Moreno Valley College,2,2,1,8,21,NULL,7372,764,24.9838753,Public
90049-1599,Los Angeles,CA,Mount Saint Mary's University,3,4,2,8,11,0.783,2659,22593,23.80593325,Private
91789-1399,Walnut,CA,Mt San Antonio College,2,2,1,8,21,NULL,26463,849,23.29926209,Public
92583-2399,San Jacinto,CA,Mt San Jacinto Community College District,2,2,1,8,22,NULL,13695,481,25.5746136,Public
91016,Monrovia,CA,Mt Sierra College,3,3,3,8,21,NULL,465,9736,25.43459916,Private
94518-1199,Concord,CA,Mt. Diablo Adult Education-Mt. Diablo USD,1,1,1,8,21,NULL,129,16043,29.54117647,Public
95207-4349,Stockton,CA,MTI Business College Inc,1,1,3,8,11,NULL,146,2558,28.30481283,Private
95841-9817,Sacramento,CA,MTI College,1,2,3,8,21,0.8745,1020,11191,28.06890756,Private
92108-3002,San Diego,CA,Mueller College,1,1,3,8,11,NULL,107,18582,31.00769231,Private
90028,Hollywood,CA,Musicians Institute,1,3,3,8,11,0.945,1065,23399,23.95641932,Private
95823-2513,Sacramento,CA,My Le's Beauty College,1,1,3,8,21,NULL,144,5345,32.04123711,Private
94558-6236,Napa,CA,Napa Valley College,2,2,1,8,13,NULL,5752,1068,24.16809606,Public
91402,Panorama City,CA,National Career College,1,1,3,8,11,NULL,147,14091,30.49642857,Private
94608-2008,Emeryville,CA,National Holistic Institute,1,1,3,8,21,NULL,900,19954,30.02341137,Private
90040,Commerce,CA,National Polytechnic College,1,1,3,8,21,NULL,198,9168,24.81564246,Private
92037-1011,La Jolla,CA,National University,3,4,2,8,11,NULL,9425,8682,31.23440193,Private
91505,Burbank,CA,New York Film Academy,1,4,3,8,12,NULL,1453,10596,25.05285118,Private
91344-7401,Granada Hills,CA,Newberry School of Beauty,1,1,3,8,11,NULL,122,8725,26.30232558,Private
92101,San Diego,CA,Newschool of Architecture and Design,3,4,3,8,11,0.98,360,19447,24.48091603,Private
92860,Norco,CA,Norco College,2,2,1,8,21,NULL,7867,722,24.52806039,Public
95350-2381,Modesto,CA,North Adrian's College of Beauty Inc,1,1,3,8,12,NULL,280,10081,25.91558442,Private
94577-2819,San Leandro,CA,Northern California Institute of Cosmetology Inc,1,1,3,8,13,NULL,34,5562,32.95555556,Private
91101,Pasadena,CA,North-West College-Pasadena,1,1,3,8,12,1,221,9920,27.16242038,Private
91768,Pomona,CA,North-West College-Pomona,1,1,3,8,21,1,268,9797,26.73820225,Private
91790,West Covina,CA,North-West College-West Covina,1,1,3,8,21,1,559,10439,25.89282551,Private
94002-1908,Belmont,CA,Notre Dame de Namur University,3,4,2,8,21,0.7771,1177,18929,24.43279173,Private
90670,Santa Fe Springs,CA,NTMA Training Centers of Southern California,1,1,2,8,21,NULL,512,8961,28.78643725,Private
90041-3392,Los Angeles,CA,Occidental College,3,4,2,8,11,0.4204,2023,25220,19.41652614,Private
92054-5356,Oceanside,CA,Oceanside College of Beauty,1,1,3,8,21,NULL,77,6837,25.37254902,Private
94539-0390,Fremont,CA,Ohlone College,2,2,1,8,21,NULL,10093,1604,24.41138561,Public
92626,Costa Mesa,CA,Orange Coast College,2,2,1,8,12,NULL,20496,984,23.50113821,Public
90045-3505,Los Angeles,CA,Otis College of Art and Design,3,4,2,8,11,0.6648,1090,27323,21.53002611,Private
93033-6699,Oxnard,CA,Oxnard College,2,2,1,8,12,NULL,6652,439,24.06820902,Public
92626,Costa Mesa,CA,Pacific College,1,3,3,8,12,NULL,274,6434,31.66549296,Private
92108-4407,San Diego,CA,Pacific College of Oriental Medicine-San Diego,2,4,3,8,11,NULL,111,7151,32.18615752,Private
94708-1597,Berkeley,CA,Pacific Lutheran Theological Seminary,3,4,2,8,12,NULL,NULL,4186,NULL,Private
91103,Pasadena,CA,Pacific Oaks College,3,4,2,8,12,NULL,482,24985,35.3912037,Private
94709,Berkeley,CA,Pacific School of Religion,NULL,4,2,8,12,NULL,NULL,10813,PrivacySuppressed,Private
90010,Los Angeles,CA,Pacific States University,3,4,2,8,11,NULL,15,13784,NULL,Private
94508-9707,Angwin,CA,Pacific Union College,3,4,2,8,41,0.4744,1583,16683,21.06463415,Private
93013,Carpinteria,CA,Pacifica Graduate Institute,3,4,3,8,41,NULL,NULL,27091,NULL,Private
90006,Los Angeles,CA,Palace Beauty College,1,1,3,8,11,NULL,148,8209,30.01282051,Private
91780,Temple City,CA,Palladium Technical Academy,1,1,3,8,21,NULL,48,6403,26.17424242,Private
94304-1337,Palo Alto,CA,Palo Alto University,3,4,2,8,41,NULL,194,26517,29.71287129,Private
92225,Blythe,CA,Palo Verde College,1,2,1,8,42,NULL,2981,468,24.36901409,Public
92069-1487,San Marcos,CA,Palomar College,1,2,1,8,21,NULL,22589,1000,24.31838959,Public
92078,San Marcos,CA,Palomar Institute of Cosmetology,1,1,3,8,21,NULL,121,10857,26.46078431,Private
90407-2138,Santa Monica,CA,Pardee RAND Graduate School,NULL,4,2,8,13,NULL,NULL,14437,NULL,Private
94520,Concord,CA,Paris Beauty College,1,1,3,8,21,NULL,161,5294,30.09803922,Private
91106-2003,Pasadena,CA,Pasadena City College,2,2,1,8,12,NULL,24900,1337,22.55428441,Public
94523,Pleasant Hill,CA,Paul Mitchell the School-East Bay,1,1,3,8,21,NULL,221,8806,23.91721854,Private
93710,Fresno,CA,Paul Mitchell the School-Fresno,1,1,3,8,11,NULL,231,8557,22.8259587,Private
95350,Modesto,CA,Paul Mitchell the School-Modesto,1,1,3,8,12,NULL,90,17900,24.36386768,Private
91101,Pasadena,CA,Paul Mitchell the School-Pasadena,1,1,3,8,12,NULL,164,9880,24.51256281,Private
95825,Sacramento,CA,Paul Mitchell the School-Sacramento,1,1,3,8,13,NULL,446,7217,25.08858859,Private
93101,Santa Barbara,CA,Paul Mitchell the School-Santa Barbara,1,1,3,8,13,NULL,132,10144,23.10236221,Private
91403,Sherman Oaks,CA,Paul Mitchell the School-Sherman Oaks,1,1,3,8,11,NULL,291,9448,24.70308123,Private
92591,Temecula,CA,Paul Mitchell the School-Temecula,1,1,3,8,12,NULL,277,11304,23.77468354,Private
90703,Cerritos,CA,PCI College,1,1,3,8,21,NULL,94,11000,26.37254902,Private
90263,Malibu,CA,Pepperdine University,3,4,2,8,21,0.3546,3434,26889,20.96915423,Private
91311,Chatsworth,CA,Phillips Graduate Institute,3,4,2,8,11,NULL,NULL,17461,NULL,Private
91803,Alhambra,CA,Pinnacle College,1,1,3,8,21,NULL,174,31738,25.34955752,Private
91711-6101,Claremont,CA,Pitzer College,3,3,2,8,21,0.1302,1076,47001,20.64976959,Private
91803,Alhambra,CA,Platt College-Los Angeles,2,3,3,8,21,NULL,661,10485,25.28248932,Private
92115-3919,San Diego,CA,Platt College-San Diego,2,3,3,8,11,NULL,314,15678,26.68965517,Private
92106-2899,San Diego,CA,Point Loma Nazarene University,3,4,2,8,11,0.6953,2560,19120,21.3699422,Private
91711-6319,Claremont,CA,Pomona College,3,3,2,8,21,0.1219,1635,23238,19.41791045,Private
91766-1233,Pomona,CA,Pomona Unified School District Adult and Career Education,1,1,1,8,21,NULL,432,2111,27.16612378,Public
93257,Porterville,CA,Porterville College,2,2,1,8,13,NULL,3319,347,23.48137109,Public
90010,Los Angeles,CA,Preferred College of Nursing-Los Angeles,1,1,3,8,11,NULL,58,24567,29.06896552,Private
91401-1442,Van Nuys,CA,Preferred College of Nursing-Van Nuys,1,1,3,8,11,NULL,15,16751,31.6,Private
91706-3746,Irwindale,CA,Premiere Career College,1,1,3,8,21,NULL,399,8186,27.83184258,Private
92591,Temecula,CA,Professional Golfers Career College,2,2,3,8,12,NULL,248,30696,26.75796178,Private
91731,El Monte,CA,Professional Institute of Beauty,1,1,3,8,21,NULL,120,2585,31.97945206,Private
91104,Pasadena,CA,Providence Christian College,3,3,2,8,12,0.4455,91,14481,20.30555556,Private
92805-2962,Anaheim,CA,Real Barbers College,1,1,3,8,11,NULL,150,6670,25.31318681,Private
90278-3111,Redondo Beach,CA,Redondo Beach Beauty College,NULL,1,3,8,21,NULL,37,1913,28.90909091,Private
93654,Reedley,CA,Reedley College,2,2,1,8,32,NULL,12900,486,22.49545971,Public
90601-1616,Whittier,CA,Rio Hondo College,2,2,1,8,21,NULL,13915,581,22.66901811,Public
92506,Riverside,CA,Riverside City College,2,2,1,8,11,NULL,16547,791,23.40124453,Public
92508,Riverside,CA,Riverside County Office of Education,NULL,1,1,8,11,NULL,310,3338,23.96875,Public
91770-1639,Rosemead,CA,Rosemead Beauty School,1,1,3,8,21,NULL,189,355,37.42857143,Private
92590,Temecula,CA,Royale College of Beauty,1,1,3,8,12,NULL,76,9764,26.32926829,Private
95628-6811,Fair Oaks,CA,Rudolf Steiner College,NULL,4,2,8,21,NULL,36,13024,NULL,Private
90746-1051,Carson,CA,RWM Fiber Optics,1,1,3,8,13,NULL,55,1909,32.94968554,Private
95822-1386,Sacramento,CA,Sacramento City College,2,2,1,8,11,NULL,21506,437,24.92540323,Public
92692-3635,Mission Viejo,CA,Saddleback College,1,2,1,8,21,NULL,18540,1557,25.6336096,Public
90038,Los Angeles,CA,SAE Institute of Technology-Los Angeles,1,1,3,8,11,NULL,259,9648,25.13856813,Private
92557-6720,Moreno Valley,CA,Sage College,1,2,3,8,21,NULL,407,17321,31.63485477,Private
94575,Moraga,CA,Saint Mary's College of California,3,4,2,8,41,0.7595,2949,23532,20.81521739,Private
93901-2405,Salinas,CA,Salinas Beauty College Inc,1,1,3,8,12,NULL,59,4844,28.21428571,Private
92879,Corona,CA,Salon Success Academy-Corona,1,1,3,8,12,NULL,126,7201,25.22924901,Private
92506,Riverside,CA,Salon Success Academy-Riverside,1,1,3,8,11,NULL,27,7350,23.67924528,Private
91786,Upland,CA,Salon Success Academy-Upland,1,1,3,8,21,NULL,190,4663,24.19583333,Private
94609,Oakland,CA,Samuel Merritt University,3,4,2,8,11,NULL,522,28399,28.05128205,Private
92410-2798,San Bernardino,CA,San Bernardino Valley College,2,2,1,8,12,NULL,11590,546,24.93645485,Public
92071,Santee,CA,San Diego Christian College,3,4,2,8,21,0.555,940,18695,27.69081272,Private
92101-4787,San Diego,CA,San Diego City College,2,2,1,8,11,NULL,13920,628,25.37384259,Public
92101,San Diego,CA,San Diego College,1,1,3,8,11,NULL,75,4373,29.42622951,Private
91942,La Mesa,CA,San Diego Culinary Institute,1,1,3,8,21,0.8592,45,30001,29.43846154,Private
92111-4998,San Diego,CA,San Diego Mesa College,2,2,1,8,11,NULL,20838,419,23.71351351,Public
92126-2999,San Diego,CA,San Diego Miramar College,2,2,1,8,11,NULL,10722,501,25.61841669,Public
92182,San Diego,CA,San Diego State University,3,4,1,8,11,0.3448,27824,6721,22.29936784,Public
94133-2299,San Francisco,CA,San Francisco Art Institute,3,4,2,8,11,0.9508,459,24660,23.48039216,Private
94102-6011,San Francisco,CA,San Francisco Conservatory of Music,3,4,2,8,11,0.3727,170,24730,20.39130435,Private
94103,San Francisco,CA,San Francisco Institute of Esthetics & Cosmetology Inc,1,1,3,8,11,NULL,211,15423,26,Private
94132,San Francisco,CA,San Francisco State University,3,4,1,8,11,0.6597,25170,6348,22.95974727,Public
94960-0000,San Anselmo,CA,San Francisco Theological Seminary,NULL,4,2,8,21,NULL,NULL,5630,NULL,Private
93612-1312,Clovis,CA,San Joaquin College of Law,3,4,2,8,21,NULL,NULL,22919,NULL,Private
95207,Stockton,CA,San Joaquin Delta College,2,2,1,8,11,NULL,15887,460,24.73818032,Public
932914523,Visalia,CA,San Joaquin Valley College-Online,2,0,3,8,NULL,NULL,NULL,NULL,25.97669693,Private
93291-9283,Visalia,CA,San Joaquin Valley College-Visalia,2,2,3,8,41,NULL,5219,9816,25.97669693,Private
95128-2798,San Jose,CA,San Jose City College,2,2,1,8,11,NULL,7654,1503,27.35819601,Public
95192-0001,San Jose,CA,San Jose State University,3,4,1,8,11,0.5985,26528,7716,22.59150103,Public
92705-7820,Santa Ana,CA,Santa Ana Beauty Academy,1,1,3,8,11,NULL,57,3957,31.73684211,Private
92706-2321,Santa Ana,CA,Santa Ana Beauty College,NULL,1,3,8,11,NULL,420,1951,35.19512195,Private
92706-3398,Santa Ana,CA,Santa Ana College,2,2,1,8,11,NULL,27443,560,23.17382175,Public
93309,Bakersfield,CA,Santa Barbara Business College-Bakersfield,2,3,3,8,11,NULL,562,14534,24.99705882,Private
93454,Santa Maria,CA,Santa Barbara Business College-Santa Maria,1,3,3,8,13,NULL,202,13893,24.26923077,Private
93003,Ventura,CA,Santa Barbara Business College-Ventura,2,4,3,8,12,NULL,377,13535,28.02325581,Private
93109-2394,Santa Barbara,CA,Santa Barbara City College,2,2,1,8,13,NULL,15826,1857,24.42714043,Public
95053,Santa Clara,CA,Santa Clara University,3,4,2,8,12,0.4935,5447,22800,20.16419142,Private
90405-1628,Santa Monica,CA,Santa Monica College,1,2,1,8,13,NULL,27795,2437,22.62603619,Public
95401-4395,Santa Rosa,CA,Santa Rosa Junior College,1,2,1,8,12,NULL,20334,1110,25.23751224,Public
92869-4512,Orange,CA,Santiago Canyon College,1,2,1,8,12,NULL,10634,491,22.20865936,Public
94612-1943,Oakland,CA,Saybrook University,3,4,2,8,11,NULL,NULL,19482,NULL,Private
91711-3905,Claremont,CA,Scripps College,3,4,2,8,21,0.284,962,29662,19.61728395,Private
96002,Redding,CA,Shasta Bible College and Graduate School,3,4,2,8,13,1,39,3321,27.30769231,Private
96003,Redding,CA,Shasta College,2,2,1,8,22,NULL,7096,779,25.39192547,Public
96003,Redding,CA,Shasta School of Cosmetology,1,1,3,8,13,NULL,53,3295,24.57142857,Private
95677-3397,Rocklin,CA,Sierra College,2,2,1,8,21,NULL,17296,1054,26.15622571,Public
95340,Merced,CA,Sierra College of Beauty,1,1,3,8,13,NULL,173,1701,26.75172414,Private
93726,Fresno,CA,Sierra Valley College of Court Reporting,1,1,3,8,11,NULL,111,8109,27.51724138,Private
96003-8606,Redding,CA,Simpson University,3,4,2,8,13,0.5736,1065,13361,27.32775453,Private
94066-1698,San Bruno,CA,Skyline College,2,2,1,8,21,NULL,8690,700,24.83967156,Public
94303,Palo Alto,CA,Sofia University,3,4,3,8,13,NULL,16,17035,36.375,Private
92656-8081,Aliso Viejo,CA,Soka University of America,3,3,2,8,21,0.4346,411,2567,19.38947368,Private
94534-3197,Fairfield,CA,Solano Community College,2,2,1,8,22,NULL,8450,693,26.67663044,Public
94928-3609,Rohnert Park,CA,Sonoma State University,3,4,1,8,21,0.8002,8441,6952,21.91770085,Public
92801-1701,Anaheim,CA,South Baylo University,3,4,2,8,11,NULL,107,6334,40.5,Private
92868-2609,Orange,CA,South Coast College,1,2,3,8,12,NULL,342,9285,29.61403509,Private
91601-3154,North Hollywood,CA,Southern California Health Institute,1,1,3,8,11,NULL,329,7771,30.06608479,Private
90013-1822,Los Angeles,CA,Southern California Institute of Architecture,3,4,2,8,11,0.8079,263,37339,22.14705882,Private
92801-3758,Anaheim,CA,Southern California Institute of Technology,1,3,3,8,11,NULL,526,12038,29.91246291,Private
92019-1108,El Cajon,CA,Southern California Seminary,3,4,2,8,21,NULL,62,8230,34.93478261,Private
90604,Whittier,CA,Southern California University of Health Sciences,3,4,2,8,21,NULL,3,22108,32.64583333,Private
90010,Los Angeles,CA,Southern California University SOMA,3,4,3,8,11,NULL,57,26294,PrivacySuppressed,Private
91910-7299,Chula Vista,CA,Southwestern College,2,2,1,8,21,NULL,17057,314,23.1940901,Public
90010-1106,Los Angeles,CA,Southwestern Law School,3,4,2,8,11,NULL,NULL,34134,NULL,Private
90301-2904,Inglewood,CA,Spartan College of Aeronautics & Technology,1,1,3,8,21,NULL,414,10850,26.97392924,Private
92612,Irvine,CA,Stanbridge College,1,3,3,8,12,0.6983,1073,10580,28.61853089,Private
94305,Stanford,CA,Stanford University,3,4,2,8,21,0.0509,7018,24668,19.50631458,Private
94709-1209,Berkeley,CA,Starr King School for the Ministry,NULL,4,2,8,12,NULL,NULL,10630,PrivacySuppressed,Private
94603,Oakland,CA,SUM Bible College and Theological Seminary,3,4,2,8,11,NULL,463,6555,26.75617284,Private
92324,Colton,CA,Summit College,1,1,3,8,21,NULL,663,13877,27.55380795,Private
95991,Yuba City,CA,Sutter Beauty College,NULL,1,3,8,13,NULL,86,3238,23.42990654,Private
93268,Taft,CA,Taft College,2,2,1,8,32,NULL,4830,796,24.65433855,Public
92840,Garden Grove,CA,Thanh Le College School of Cosmetology,1,1,3,8,21,NULL,41,4625,32.84313726,Private
92647,Huntington Beach,CA,The Academy of Radio and TV Broadcasting,1,1,3,8,21,NULL,14,12261,30.60294118,Private
94590,Vallejo,CA,The California Maritime Academy,3,4,1,8,12,0.667,1047,7649,21.50510204,Public
90017,Los Angeles,CA,The Chicago School of Professional Psychology at Los Angeles,3,4,2,8,11,NULL,16,37098,34.65384615,Private
94607,Oakland,CA,The English Center,1,1,2,8,11,NULL,82,1844,34.07391304,Private
91321-1200,Santa Clarita,CA,The Master's College and Seminary,3,4,2,8,21,0.7588,1182,13518,21.80885312,Private
95127-3823,San Jose,CA,The National Hispanic University,3,4,3,8,11,NULL,47,9503,29.05940594,Private
95129-5101,San Jose,CA,The Salon Professional Academy-San Jose,NULL,1,3,8,11,NULL,19,11508,25.20338983,Private
94704-1796,Berkeley,CA,The Wright Institute,3,4,2,8,12,NULL,NULL,21081,NULL,Private
93060,Santa Paula,CA,Thomas Aquinas College,3,3,2,8,42,0.827,378,12606,19.56375839,Private
92101,San Diego,CA,Thomas Jefferson School of Law,3,4,2,8,11,NULL,NULL,45599,NULL,Private
91766,Pomona,CA,Thuy Princess Beauty College,1,1,3,8,21,NULL,74,5677,32.68831169,Private
95337-5703,Manteca,CA,Toni & Guy Hairdressing Academy-Manteca,1,1,3,8,23,NULL,72,2169,24.88435374,Private
95356-0535,Modesto,CA,Toni & Guy Hairdressing Academy-Modesto,1,1,3,8,12,NULL,69,20001,23.51162791,Private
90401,Santa Monica,CA,Toni & Guy Hairdressing Academy-Santa Monica,1,1,3,8,13,NULL,225,8366,24.28635347,Private
94592,Vallejo,CA,Touro University California,3,4,2,8,12,NULL,NULL,41191,30.3,Private
90720,Los Alamitos,CA,Touro University Worldwide,3,4,2,8,21,0.3385,214,10969,32.41293532,Private
92115-6347,San Diego,CA,Tramy Beauty School,1,1,3,8,11,NULL,158,2033,34.8559322,Private
90630-5041,Cypress,CA,Trident University International,3,4,3,8,21,0.9351,2902,7733,34.16398038,Private
90248,Torrance,CA,Trinity School of Health and Allied Sciences,1,1,3,8,11,NULL,153,9616,29.375,Private
93274,Tulare,CA,Tulare Beauty College,1,1,3,8,22,NULL,41,6283,25.66666667,Private
93726,Fresno,CA,UEI College-Fresno,1,1,3,8,11,NULL,1418,14063,25.36802696,Private
90247,Gardena,CA,UEI College-Gardena,1,1,3,8,11,NULL,1487,8737,26.26444205,Private
95065,Santa Cruz,CA,UEI College-Santa Cruz,1,1,3,8,22,NULL,67,6762,28.375,Private
95482-3865,Ukiah,CA,Ukiah Adult School,1,1,1,8,33,0.6102,39,3490,31.37142857,Public
90255,Huntington Park,CA,United Education Institute-Huntington Park Campus,1,2,3,8,21,NULL,3564,8130,26.10180676,Private
91911,Chula Vista,CA,United States University,3,4,3,8,21,NULL,274,8143,32.72491909,Private
94538,Fremont,CA,Unitek College,1,3,3,8,21,NULL,1017,32822,28.4375,Private
94080-1005,South San Francisco,CA,Unitek College,1,1,3,8,13,NULL,74,13131,27.5,Private
90044,Los Angeles,CA,Universal College of Beauty Inc-Los Angeles 1,1,1,3,8,21,NULL,28,2099,25.94202899,Private
93534,Lancaster,CA,University of Antelope Valley,1,4,3,8,21,NULL,753,6656,26.11764706,Private
94720,Berkeley,CA,University of California-Berkeley,3,4,1,8,12,0.1602,27126,17867,21.19091575,Public
95616-8678,Davis,CA,University of California-Davis,3,4,1,8,23,0.4037,27547,13468,21.05485372,Public
94102-4978,San Francisco,CA,University of California-Hastings College of Law,3,4,1,8,11,NULL,NULL,29651,PrivacySuppressed,Public
92697,Irvine,CA,University of California-Irvine,3,4,1,8,12,0.3742,24474,13947,20.35622026,Public
90095-1405,Los Angeles,CA,University of California-Los Angeles,3,4,1,8,11,0.1856,29627,15556,20.977017,Public
95343-5603,Merced,CA,University of California-Merced,3,4,1,8,41,0.6718,5884,7985,19.53490054,Public
92521,Riverside,CA,University of California-Riverside,3,4,1,8,11,0.5829,18784,12326,20.28076725,Public
92093,La Jolla,CA,University of California-San Diego,3,4,1,8,11,0.3329,24801,14857,20.57138998,Public
94143-0244,San Francisco,CA,University of California-San Francisco,3,4,1,8,11,NULL,NULL,18618,PrivacySuppressed,Public
93106,Santa Barbara,CA,University of California-Santa Barbara,3,4,1,8,22,0.3634,20237,13281,20.01248829,Public
95064-1011,Santa Cruz,CA,University of California-Santa Cruz,3,4,1,8,13,0.5572,16277,11623,20.31791304,Public
94085-3922,Sunnyvale,CA,University of East-West Medicine,3,4,3,8,12,NULL,NULL,5244,PrivacySuppressed,Private
91750-4401,La Verne,CA,University of La Verne,3,4,2,8,21,0.4656,5137,14914,26.66510791,Private
92373-0999,Redlands,CA,University of Redlands,3,4,2,8,13,0.7309,3710,17893,24.32155907,Private
92110-2492,San Diego,CA,University of San Diego,3,4,2,8,11,0.4625,5656,27197,20.59210526,Private
94117-1080,San Francisco,CA,University of San Francisco,3,4,2,8,11,0.6005,6745,27427,21.45314824,Private
90089,Los Angeles,CA,University of Southern California,3,4,2,8,11,0.1802,18392,30675,20.55793481,Private
92069,San Marcos,CA,University of St Augustine for Health Sciences,3,4,3,8,21,NULL,NULL,29469,NULL,Private
95211-0197,Stockton,CA,University of the Pacific,3,4,2,8,11,0.549,3802,30355,20.50403769,Private
91770,Rosemead,CA,University of the West,3,4,2,8,21,NULL,116,6881,23.88135593,Private
91304,West Hills,CA,Valley College of Medical Careers,1,1,3,8,11,NULL,94,12779,28.8630137,Private
92626,Costa Mesa,CA,Vanguard University of Southern California,3,4,2,8,12,0.58,1941,15711,23.06969697,Private
93003-0000,Ventura,CA,Ventura Adult and Continuing Education,1,1,1,8,12,NULL,104,2447,32.76470588,Public
93003-3872,Ventura,CA,Ventura College,2,2,1,8,12,NULL,11763,643,23.81066177,Public
92395,Victorville,CA,Victor Valley Beauty College Inc,1,1,3,8,12,NULL,97,9556,23.80821918,Private
92395-5850,Victorville,CA,Victor Valley College,2,2,1,8,12,NULL,9811,394,25.22732558,Public
90015-4001,Los Angeles,CA,Virginia Sewing Machines and School Center,1,1,3,8,11,NULL,106,5869,25.15846995,Private
94526,Danville,CA,W Academy of Salon and Spa,1,1,3,8,21,NULL,40,6142,27.18181818,Private
93906-2830,Salinas,CA,Waynes College of Beauty,1,1,3,8,12,NULL,34,7310,24.46666667,Private
90211,Beverly Hills,CA,West Coast Ultrasound Institute,1,2,3,8,21,NULL,687,23245,28.39905735,Private
91606,North Hollywood,CA,West Coast University-Los Angeles,3,4,3,8,11,0.5357,1395,27473,26.82149363,Private
93210,Coalinga,CA,West Hills College-Coalinga,2,2,1,8,32,NULL,2534,680,23.01822917,Public
93245,Lemoore,CA,West Hills College-Lemoore,2,2,1,8,41,NULL,3719,455,25.37125749,Public
90230-3519,Culver City,CA,West Los Angeles College,1,2,1,8,21,NULL,9292,780,26.19749304,Public
95070-5698,Saratoga,CA,West Valley College,2,2,1,8,21,NULL,7736,1025,25.50842171,Public
92335,Fontana,CA,Westech College,1,1,3,8,21,NULL,456,7342,25.89651163,Private
91766-1854,Pomona,CA,Western University of Health Sciences,3,4,2,8,21,NULL,NULL,41132,NULL,Private
95128-0000,San Jose,CA,WestMed College,1,1,2,8,11,NULL,366,14019,27.22377622,Private
92027,Escondido,CA,Westminster Theological Seminary in California,3,4,2,8,21,NULL,NULL,7888,NULL,Private
93108-1089,Santa Barbara,CA,Westmont College,3,3,2,8,22,0.7936,1297,20556,19.63434343,Private
90010,Los Angeles,CA,Westwood College-Los Angeles,3,4,3,8,11,NULL,1689,14396,29.85803627,Private
90502,Torrance,CA,Westwood College-South Bay,3,3,3,8,11,NULL,441,14821,28.11643836,Private
90601,Whittier,CA,Whittier College,3,4,2,8,21,0.6188,1624,24728,19.82180851,Private
95765-3707,Rocklin,CA,William Jessup University,3,4,2,8,41,0.7581,1131,14330,24.1983871,Private
91510-7846,Burbank,CA,Woodbury University,3,4,2,8,11,NULL,1331,19323,23.11458333,Private
95776,Woodland,CA,Woodland Community College,2,2,1,8,23,NULL,2294,350,26.41659312,Public
90020,Los Angeles,CA,World Mission University,1,4,2,8,11,0.7778,139,5633,48.15909091,Private
94539,Fremont,CA,Wyotech-Fremont,1,2,3,8,21,NULL,805,8433,26.81392931,Private
90810-3800,Long Beach,CA,Wyotech-Long Beach,1,2,3,8,11,NULL,1136,8918,26.6382772,Private
95202-1332,Stockton,CA,Xavier College School of Nursing,1,1,3,8,11,NULL,58,12837,25.8490566,Private
90046,Los Angeles,CA,Yeshiva Ohr Elchonon Chabad West Coast Talmudical Seminary,3,3,2,8,11,0.7297,163,10376,18.98969072,Private
90066,Los Angeles,CA,Yo San University of Traditional Chinese Medicine,3,4,2,8,21,NULL,NULL,5587,PrivacySuppressed,Private
95901,Marysville,CA,Yuba College,2,2,1,8,22,NULL,6062,369,25.20215869,Public
80631-9441,Greeley,CO,Academy of Natural Therapy Inc,1,2,3,7,13,NULL,54,17487,28.34210526,Private
81101,Alamosa,CO,Adams State University,3,4,1,7,33,0.6529,2110,6568,22.64187551,Public
80632,Greeley,CO,Aims Community College,1,2,1,7,13,NULL,3683,2981,26.32132624,Public
80014-6510,Aurora,CO,American Sentinel University,3,4,3,7,11,NULL,1701,11313,38.73903509,Private
80160-9002,Littleton,CO,Arapahoe Community College,1,2,1,7,21,NULL,8627,4555,28.11513002,Public
80246,Denver,CO,Aspen University,3,4,3,7,21,NULL,231,5274,32.88757396,Private
80305,Boulder,CO,Auguste Escoffier School of Culinary Arts-Boulder,1,1,3,7,13,NULL,382,16807,27.02890173,Private
80202,Denver,CO,Aveda Institute-Denver,1,1,3,7,11,NULL,440,7665,24.19318182,Private
80247,Denver,CO,Bel-Rea Institute of Animal Technology,2,2,3,7,11,0.8141,489,6473,25.30769231,Private
80002-3754,Arvada,CO,College of International Esthetics Inc,1,1,3,7,21,NULL,86,13896,30.79865772,Private
80222,Denver,CO,CollegeAmerica-Denver,2,3,2,7,11,NULL,407,17746,29.83200908,Private
80906-4944,Colorado Springs,CO,Colorado Academy of Veterinary Technology,2,2,3,7,11,0.9091,72,9623,26.45,Private
80226,Lakewood,CO,Colorado Christian University,3,4,2,7,12,0.9432,3657,13179,32.76190476,Private
80903,Colorado Springs,CO,Colorado College,3,4,2,7,11,0.179,2036,28609,19.56626506,Private
80236-2711,Denver,CO,Colorado Heights University,1,4,2,7,11,NULL,107,5830,34.5578635,Private
81501-3122,Grand Junction,CO,Colorado Mesa University,3,4,1,7,13,0.8227,8413,6676,22.72985671,Public
81601-0233,Glenwood Springs,CO,Colorado Mountain College,1,3,1,7,33,NULL,3558,2145,25.20350877,Public
81648-3598,Rangely,CO,Colorado Northwestern Community College,2,2,1,7,43,NULL,670,5120,25.46743295,Public
80226,Lakewood,CO,Colorado School of Healing Arts,1,2,3,7,12,NULL,171,7868,29.91304348,Private
80401,Golden,CO,Colorado School of Mines,3,4,1,7,21,0.3647,4383,18760,20.88748951,Public
80215-2996,Lakewood,CO,Colorado School of Trades,2,2,3,7,12,NULL,196,11934,29.5631068,Private
80206,Denver,CO,Colorado School of Traditional Chinese Medicine,2,4,3,7,11,NULL,NULL,11910,NULL,Private
80523-0100,Fort Collins,CO,Colorado State University-Fort Collins,3,4,1,7,12,0.8048,22373,12634,21.3716235,Public
80111-0000,Greenwood Village,CO,Colorado State University-Global Campus,3,4,1,7,21,NULL,6506,10021,32.67599915,Public
81001-4901,Pueblo,CO,Colorado State University-Pueblo,3,4,1,7,12,0.9278,4227,4750,23.46480804,Public
80907-3812,Colorado Springs,CO,Colorado Technical University-Colorado Springs,3,4,3,7,11,NULL,1139,16251,33.60340764,Private
80011-9036,Aurora,CO,Community College of Aurora,2,2,1,7,11,NULL,5347,4533,27.81480539,Public
80204-2026,Denver,CO,Community College of Denver,2,2,1,7,11,NULL,7725,3770,26.97632858,Public
80010-4314,Aurora,CO,Concorde Career College-Aurora,1,2,3,7,11,0.572,761,13623,27.59176755,Private
81416,Delta,CO,Delta Montrose Technical College,1,1,1,7,41,NULL,239,2908,28.32994924,Public
80202,Denver,CO,Denver School of Nursing,3,3,3,7,11,NULL,790,17242,29.52160494,Private
80120,Littleton,CO,Denver Seminary,3,4,2,7,21,NULL,NULL,11454,PrivacySuppressed,Private
80203,Denver,CO,Emily Griffith Technical College,1,1,1,7,11,NULL,3612,2256,30.34687954,Public
80916,Colorado Springs,CO,Everest College-Colorado Springs,1,2,3,7,11,NULL,330,10363,27.42120344,Private
80229,Thornton,CO,Everest College-Thornton,1,2,3,7,21,NULL,342,10908,27.74536083,Private
81301-3999,Durango,CO,Fort Lewis College,3,3,1,7,32,0.9082,3609,5828,22.02308136,Public
80031,Westminster,CO,Front Range Community College,1,2,1,7,21,NULL,15551,4561,26.60479042,Public
81601,Glenwood Springs,CO,Glenwood Beauty Academy,1,1,3,7,33,NULL,47,7911,26.34782609,Private
80525,Fort Collins,CO,Hair Dynamics Education Center,1,1,3,7,12,NULL,172,9402,25.16504854,Private
80525-3479,Fort Collins,CO,Healing Arts Institute,1,1,3,7,12,NULL,53,17194,29.14473684,Private
80212,Denver,CO,Heritage College-Denver,1,2,3,7,21,NULL,482,6902,27.37801047,Private
80919,Colorado Springs,CO,IBMC College,2,2,3,7,11,NULL,357,7087,28.82680412,Private
80525,Fort Collins,CO,IBMC College,2,2,3,7,12,NULL,341,7533,27.53993399,Private
80210-4798,Denver,CO,Iliff School of Theology,3,4,2,7,11,NULL,NULL,17895,39.27272727,Private
80027,Louisville,CO,Institute of Taoist Education and Acupuncture,3,4,2,7,23,NULL,NULL,12516,NULL,Private
80909-6096,Colorado Springs,CO,Intellitec College-Colorado Springs,2,2,3,7,11,NULL,828,17722,29.53444444,Private
81506,Grand Junction,CO,Intellitec College-Grand Junction,2,2,3,7,13,NULL,617,7363,27.70740741,Private
80918-3684,Colorado Springs,CO,International Salon and Spa Academy,1,1,3,7,11,NULL,263,6463,27.17759563,Private
80112,Centennial,CO,Jones International University,3,4,3,7,21,NULL,1195,16706,34.90349418,Private
81052-3999,Lamar,CO,Lamar Community College,2,2,1,7,33,NULL,476,3495,23.70982143,Public
80206,Denver,CO,Massage Therapy Institute of Colorado,1,1,3,7,11,NULL,61,7885,29.58333333,Private
80217-3362,Denver,CO,Metropolitan State University of Denver,3,4,1,7,11,0.6511,20583,5712,25.76020129,Public
80501,Longmont,CO,Montage Academy,1,1,3,7,23,NULL,52,9086,27.55421687,Private
80230,Denver,CO,Montessori Casa International,1,1,2,7,11,NULL,15,8664,PrivacySuppressed,Private
80301,Boulder,CO,Montessori Education Center of the Rockies,1,1,2,7,13,1,14,7602,32.61904762,Private
80701,Fort  Morgan,CO,Morgan Community College,1,2,1,7,33,NULL,800,3757,28.04869565,Public
80302-6697,Boulder,CO,Naropa University,3,4,2,7,13,0.7006,434,22064,24.50632911,Private
80221,Denver,CO,National Beauty College,1,1,3,7,21,NULL,51,11411,34.76190476,Private
80401-3304,Lakewood,CO,National Personal Training Institute of Colorado,1,1,3,7,12,NULL,97,8854,29.61594203,Private
80910-3704,Colorado Springs,CO,Nazarene Bible College,3,3,2,7,11,NULL,758,10171,35.66666667,Private
80138-9801,Parker,CO,New Dimensions Beauty Academy Inc,1,1,3,7,21,NULL,57,11031,26.98461539,Private
80751-2944,Sterling,CO,Northeastern Junior College,2,2,1,7,33,NULL,1317,3792,22.53596059,Public
81050,La Junta,CO,Otero Junior College,1,2,1,7,33,NULL,962,2731,26.96248535,Public
80903,Colorado Springs,CO,Paul Mitchell the School-Colorado Springs,1,1,3,7,11,NULL,241,7878,24.830721,Private
80226,Lakewood,CO,Paul Mitchell the School-Denver,NULL,1,3,7,12,NULL,171,6934,23.6373057,Private
80011-9307,Aurora,CO,Pickens Technical College,1,1,1,7,11,NULL,1084,1726,29.45544555,Public
80906-5498,Colorado Springs,CO,Pikes Peak Community College,2,2,1,7,21,NULL,11748,3942,27.31415445,Public
80012-0000,Aurora,CO,Pima Medical Institute-Aurora,1,2,3,7,11,NULL,315,4070,25.89307229,Private
80014-3141,Aurora,CO,Platt College-Aurora,3,3,3,7,11,0.5,209,14077,27.53435115,Private
81004-1499,Pueblo,CO,Pueblo Community College,1,2,1,7,12,NULL,4790,2614,27.65719017,Public
80228-1255,Lakewood,CO,Red Rocks Community College,1,2,1,7,12,NULL,7745,4636,27.8333725,Public
80021-3465,Broomfield,CO,Redstone College,2,2,3,7,13,NULL,552,12664,27.35552194,Private
80221-1099,Denver,CO,Regis University,3,4,2,7,11,0.9604,4914,14235,29.35832155,Private
80214,Lakewood,CO,Rocky Mountain College of Art and Design,3,4,3,7,12,NULL,1013,17017,27.2909261,Private
80134,Parker,CO,Rocky Vista University,NULL,4,3,7,21,NULL,NULL,43610,NULL,Private
80301-0000,Boulder,CO,Rolf Institute of Structural Integration,1,1,2,7,13,NULL,61,28924,35.07317073,Private
80246,Denver,CO,Taft University System,3,4,3,7,21,NULL,0,5806,43.4,Private
80203-2983,Denver,CO,The Art Institute of Colorado,3,3,3,7,11,NULL,1414,14763,25.50422902,Private
80918,Colorado Springs,CO,The Salon Professional Academy-Colorado Springs,1,1,3,7,11,NULL,56,7093,23.48387097,Private
81501,Grand Junction,CO,The Salon Professional Academy-Grand Junction,1,1,3,7,13,NULL,75,7912,23.232,Private
80918,Colorado Springs,CO,Toni & Guy Hairdressing Academy-Colorado Springs,1,1,3,7,11,NULL,172,14812,24.24773414,Private
81082,Trinidad,CO,Trinidad State Junior College,1,2,1,7,33,NULL,1183,2885,25.55952381,Public
80223-2936,Denver,CO,United Beauty College,1,1,3,7,11,NULL,91,4045,31.58333333,Private
80309-0017,Boulder,CO,University of Colorado Boulder,3,4,1,7,13,0.8416,25873,17532,20.65182186,Public
80918,Colorado Springs,CO,University of Colorado Colorado Springs,3,4,1,7,11,0.924,9310,10048,23.56415479,Public
80217-3364,Denver,CO,University of Colorado Denver/Anschutz Medical Campus,3,4,1,7,11,0.7299,10786,13347,24.42123215,Public
80208,Denver,CO,University of Denver,3,4,2,7,11,0.7649,5629,26394,20.69390321,Private
80639,Greeley,CO,University of Northern Colorado,3,4,1,7,13,0.7088,9104,9425,21.75783133,Public
80202-1787,Denver,CO,University of the Rockies,3,4,3,7,11,NULL,NULL,18730,PrivacySuppressed,Private
81231,Gunnison,CO,Western State Colorado University,3,4,1,7,33,0.9741,1936,7976,21.0129717,Public
80221,Denver,CO,Westwood College-Denver North,3,3,3,7,21,NULL,342,13845,26.46876513,Private
80014,Aurora,CO,Xenon International Academy-Denver,1,1,3,7,11,NULL,62,11629,24.74285714,Private
6492,Wallingford,CT,Academy Di Capelli-School of Cosmetology,1,1,3,1,21,NULL,27,12276,26.61151079,Private
6716,Wolcott,CT,Ace Cosmetology and Barber Training Center,NULL,1,3,1,22,NULL,14,6092,29.79411765,Private
6106,Hartford,CT,Albert I Prince Technical High School,1,1,1,1,12,NULL,56,3144,31.51724138,Public
06511-1189,New Haven,CT,Albertus Magnus College,3,4,2,1,12,NULL,1249,12659,28.31055901,Private
06110-1922,West Hartford,CT,American Institute-West Hartford,1,1,3,1,13,NULL,419,9884,28.00192493,Private
6082,Enfield,CT,Asnuntuck Community College,1,2,1,1,21,NULL,1316,3603,26.22819594,Public
06704-1035,Waterbury,CT,Belle Academy of Cosmetology,NULL,1,3,1,22,NULL,14,5846,23.66666667,Private
6405,Branford,CT,Branford Academy of Hair and Cosmetology,1,1,3,1,21,NULL,42,7383,29.51428571,Private
6405,Branford,CT,Branford Hall Career Institute-Branford Campus,1,1,3,1,21,NULL,493,11519,29.42500966,Private
6610,Bridgeport,CT,Bridgeport Hospital School of Nursing,1,1,2,1,12,NULL,189,NULL,30.89772727,Private
6010,Bristol,CT,Bristol Technical Education Center,1,1,1,1,21,NULL,51,4169,25.56756757,Public
6610,Bridgeport,CT,Bullard-Havens Technical High School,2,1,1,1,12,NULL,15,8526,32.18181818,Public
6103,Hartford,CT,Capital Community College,2,2,1,1,12,NULL,3572,1863,27.08630705,Public
6050,New Britain,CT,Central Connecticut State University,3,4,1,1,21,0.6044,9600,7796,22.28131116,Public
6053,New Britain,CT,Charter Oak State College,3,3,1,1,21,NULL,1799,7955,35.96049661,Public
06111-3975,Newington,CT,Connecticut Center for Massage Therapy-Newington,1,1,3,1,21,NULL,279,6871,31.63870968,Private
06320-4196,New London,CT,Connecticut College,3,4,2,1,13,0.376,1875,28347,19.51287554,Private
6716,Wolcott,CT,Connecticut Institute of Hair Design,1,1,3,1,22,NULL,24,5626,28.78125,Private
6226,Willimantic,CT,Eastern Connecticut State University,3,4,1,1,31,0.631,4793,6709,21.11017326,Public
6514,Hamden,CT,Eli Whitney Technical High School,1,1,1,1,21,NULL,42,7113,31.27272727,Public
06437-2319,Guilford,CT,European Academy of Cosmetology and Hairdressing,1,1,3,1,21,NULL,12,9676,22.5,Private
06824-5195,Fairfield,CT,Fairfield University,3,4,2,1,21,0.7153,3841,24805,19.91469194,Private
6510,New Haven,CT,Gateway Community College,2,2,1,1,12,NULL,7127,2679,25.66842588,Public
6118,East Hartford,CT,Goodwin College,2,3,2,1,13,NULL,3291,15929,29.55058824,Private
06105-2260,Hartford,CT,Hartford Seminary,3,4,2,1,12,NULL,NULL,13038,NULL,Private
06416-2005,Cromwell,CT,Holy Apostles College and Seminary,3,4,2,1,21,NULL,58,10494,28.2,Private
06604-4704,Bridgeport,CT,Housatonic Community College,2,2,1,1,12,NULL,4908,2404,25.08929863,Public
6114,Hartford,CT,Howell Cheney THS/CT Aero Tech School,1,1,1,1,12,NULL,52,1249,24,Public
6706,Waterbury,CT,Industrial Management Training Institute,1,1,3,1,22,NULL,140,15783,28.25899281,Private
6109,Wethersfield,CT,International Institute of Cosmetology,1,1,3,1,21,NULL,147,8098,23.15436242,Private
06489-1057,Southington,CT,Lincoln College of New England-Southington,2,3,3,1,21,NULL,713,20794,25.14852941,Private
6105,Hartford,CT,Lincoln Technical Institute-Hartford,1,1,3,1,12,NULL,450,31573,25.19141324,Private
6051,New Britain,CT,Lincoln Technical Institute-New Britain,1,1,3,1,21,NULL,459,16965,25.126537,Private
6371,Old Lyme,CT,Lyme Academy College of Fine Arts,3,3,2,1,22,NULL,0,20995,22.47058824,Private
6040,Manchester,CT,Manchester Community College,2,2,1,1,21,NULL,6564,3153,24.44361137,Public
6108,East Hartford,CT,Marinello Schools of Beauty-East Hartford,1,1,3,1,13,NULL,203,7150,26.03266332,Private
6450,Meriden,CT,Marinello Schools of Beauty-Meriden,1,1,3,1,21,NULL,390,8106,27.61690885,Private
6357,Niantic,CT,Marinello Schools of Beauty-Niantic,1,1,3,1,22,NULL,260,8572,25.64343164,Private
06457-4829,Middletown,CT,Middlesex Community College,2,2,1,1,13,NULL,2534,3095,26.00363372,Public
6320,New London,CT,Mitchell College,3,3,2,1,13,0.7004,710,14981,21.34243176,Private
06708-3089,Waterbury,CT,Naugatuck Valley Community College,2,2,1,1,22,NULL,6443,3009,24.74229527,Public
6071,Somers,CT,New England Tractor Trailer Training School of Connecticut,1,1,3,1,21,NULL,310,32490,33.04653061,Private
6098,Winsted,CT,Northwestern Connecticut Community College,2,2,1,1,31,NULL,1206,2983,25.63247863,Public
6854,Norwalk,CT,Norwalk Community College,2,2,1,1,13,NULL,5028,3683,24.26086957,Public
06360-2425,Norwich,CT,Norwich Technical High School/Adult Licensed Practical Nurse Program,1,1,1,1,13,NULL,39,4928,30.96875,Public
6483,Seymour,CT,Oxford Academy of Hair Design Inc,1,1,3,1,21,NULL,95,8432,24,Private
06514-3902,Hamden,CT,Paier College of Art Inc,3,3,3,1,21,NULL,112,13083,23.53571429,Private
6810,Danbury,CT,Paul Mitchell the School-Danbury,1,1,3,1,13,NULL,137,10483,22.80434783,Private
6473,North Haven,CT,Paul Mitchell the School-North Haven,1,1,3,1,21,NULL,175,12159,22.58602151,Private
6461,Milford,CT,Platt Technical High School,1,1,1,1,13,NULL,20,2020,30,Public
6405,Branford,CT,Porter and Chester Institute of Branford,1,1,3,1,21,NULL,286,18623,26.91952055,Private
06615-7158,Stratford,CT,Porter and Chester Institute of Stratford,1,1,3,1,13,NULL,2378,18476,26.63590469,Private
6723,Waterbury,CT,Post University,3,4,3,1,22,0.8707,6594,11859,31.78439197,Private
06239-1436,Danielson,CT,Quinebaug Valley Community College,2,2,1,1,21,NULL,1729,2407,25.69022265,Public
6518,Hamden,CT,Quinnipiac University,3,4,2,1,21,0.6591,6503,27462,19.86213518,Private
06470-0000,Newtown,CT,Ricci's Academy of Cosmetology,NULL,1,3,1,22,NULL,89,10372,24.90322581,Private
6320,New London,CT,Ridley-Lowell Business & Technical Institute-New London,1,1,3,1,13,NULL,255,11544,29.30411585,Private
06825-1000,Fairfield,CT,Sacred Heart University,3,4,2,1,21,0.5715,4904,19851,21.06389239,Private
06515-1355,New Haven,CT,Southern Connecticut State University,3,4,1,1,12,0.7154,8133,8750,21.63987392,Public
06606-4201,Bridgeport,CT,St Vincent's College,2,3,2,1,12,0.3846,737,14381,28.44913151,Private
6516,West Haven,CT,Stone Academy-Hamden,1,1,3,1,21,NULL,436,8151,28.1468278,Private
6360,Norwich,CT,Three Rivers Community College,2,2,1,1,13,NULL,4161,2609,25.58817967,Public
06106-3100,Hartford,CT,Trinity College,3,4,2,1,12,0.3304,2262,30787,20.50314465,Private
06032-3187,Farmington,CT,Tunxis Community College,2,2,1,1,21,NULL,3546,3586,23.95210218,Public
06604-5620,Bridgeport,CT,University of Bridgeport,3,4,2,1,12,0.6072,3021,16453,24.55452972,Private
6269,Storrs,CT,University of Connecticut,3,4,1,1,21,0.4996,18016,11680,20.4366462,Public
06117-1599,West Hartford,CT,University of Hartford,3,4,2,1,12,0.7213,4956,16393,20.64578313,Private
06516-1916,West Haven,CT,University of New Haven,3,4,2,1,21,0.8086,4974,18751,20.50673401,Private
6117,West Hartford,CT,University of Saint Joseph,3,4,2,1,13,0.7997,930,18255,23.35318275,Private
6457,Middletown,CT,Vinal Technical High School,1,1,1,1,13,NULL,27,5486,31.52,Public
6708,Waterbury,CT,W F Kaynor Technical High School,1,1,1,1,22,0.75,38,5784,33.36363636,Public
6459,Middletown,CT,Wesleyan University,3,4,2,1,13,0.2391,2907,29384,19.58132045,Private
06810-6826,Danbury,CT,Western Connecticut State University,3,4,1,1,13,0.4003,5206,7369,21.51054284,Public
06226-2040,Willimantic,CT,Windham Memorial Hospital-Radiologic Technology Program,1,1,2,1,31,NULL,17,6833,26.07692308,Private
6226,Willimantic,CT,Windham Technical High School,1,1,1,1,31,NULL,16,2562,24.6,Public
6520,New Haven,CT,Yale University,3,4,2,1,12,0.063,5473,15008,19.55520505,Private
6510,New Haven,CT,Yale-New Haven Hospital Dietetic Internship,NULL,0,2,1,12,NULL,NULL,3128,NULL,Private
20016-8001,Washington,DC,American University,3,4,2,2,11,0.4584,7094,30440,19.75347506,Private
20017,Washington,DC,Bennett Career Institute,1,1,3,2,11,NULL,311,1865,27.42898551,Private
20005,Washington,DC,Career Technical Institute,1,1,3,2,11,NULL,607,7241,31.99900794,Private
20064,Washington,DC,Catholic University of America,3,4,2,2,11,0.7391,3529,22765,20.8074191,Private
20002-3695,Washington,DC,Gallaudet University,3,4,2,2,11,0.6532,1001,12269,22.76036866,Private
20052,Washington,DC,George Washington University,3,4,2,2,11,0.4379,10433,28464,20.92079208,Private
20057-0001,Washington,DC,Georgetown University,3,4,2,2,11,0.1735,7211,34183,20.41473988,Private
20024,Washington,DC,Graduate School USA,NULL,2,2,2,11,NULL,22,1292154,PrivacySuppressed,Private
20059-0001,Washington,DC,Howard University,3,4,2,2,11,0.4841,6961,17361,20.62689394,Private
20036,Washington,DC,Institute of World Politics,3,4,2,2,11,NULL,NULL,23302,NULL,Private
20007,Washington,DC,National Conservatory of Dramatic Arts,1,1,2,2,11,1,39,7985,27,Private
20017-1585,Washington,DC,Pontifical Faculty of the Immaculate Conception at the Dominican House of Studies,NULL,4,2,2,11,NULL,NULL,9331,NULL,Private
20064,Washington,DC,Pontifical John Paul II Institute for Studies on Marriage and Family,NULL,4,2,2,11,NULL,NULL,10307,NULL,Private
20005-3542,Washington,DC,Radians College,2,2,3,2,11,NULL,215,7838,34.51683938,Private
20005,Washington,DC,Strayer University-District of Columbia,3,4,3,2,11,NULL,774,17247,32.88876014,Private
20005,Washington,DC,Strayer University-Global Region,3,4,3,2,11,NULL,2738,7350,32.88876014,Private
20006-5540,Washington,DC,Technical Learning Centers Inc,1,1,3,2,11,NULL,258,5430,27.16190476,Private
20017-1094,Washington,DC,Trinity Washington University,3,4,2,2,11,0.9085,1665,15381,24.29863813,Private
20008,Washington,DC,University of the District of Columbia,3,4,1,2,11,NULL,4253,7812,26.86736475,Public
20005,Washington,DC,University of the Potomac-Washington DC Campus,3,4,3,2,11,NULL,253,6271,33.52409639,Private
20016-5690,Washington,DC,Wesley Theological Seminary,3,4,2,2,11,NULL,NULL,7414,PrivacySuppressed,Private
19701,Bear,DE,Academy of Massage and Bodywork,1,1,3,2,21,NULL,48,11813,32.56043956,Private
19805-1511,Wilmington,DE,Dawn Career Institute Inc,1,1,3,2,21,NULL,226,5742,29.30238095,Private
19801-3007,Wilmington,DE,Delaware College of Art and Design,2,2,2,2,13,0.4848,185,14913,19.86666667,Private
19939,Dagsboro,DE,Delaware Learning Institute of Cosmetology,1,1,3,2,32,NULL,70,9088,25.45263158,Private
19901,Dover,DE,Delaware State University,3,4,1,2,13,0.4374,3654,6032,20.38352941,Public
19947,Georgetown,DE,Delaware Technical Community College-Owens,2,2,1,2,31,NULL,3854,4698,25.20315399,Public
19801,Wilmington,DE,Delaware Technical Community College-Stanton/Wilmington,2,2,1,2,13,NULL,6081,4198,25.48365617,Public
19901,Dover,DE,Delaware Technical Community College-Terry,2,2,1,2,13,NULL,2740,4334,25.68157961,Public
19808,Wilmington,DE,Goldey-Beacom College,3,4,2,2,21,0.5095,629,14321,22.80546075,Private
19803,Wilmington,DE,Harris School of Business-Wilmington Campus,1,1,3,2,21,NULL,387,16163,28.07665505,Private
19958,Lewes,DE,Margaret H Rollins School of Nursing at Beebe Medical Center,1,1,2,2,32,NULL,42,5497,29.27586207,Private
19702,Newark,DE,Paul Mitchell the School-Delaware,1,1,3,2,21,NULL,140,8845,23.66666667,Private
19711,Newark,DE,Schilling-Douglas School of Hair Design LLC,1,1,3,2,21,NULL,136,2433,23.63190184,Private
19716,Newark,DE,University of Delaware,3,4,1,2,21,0.6783,18222,17838,19.69909849,Public
19901-3875,Dover,DE,Wesley College,3,4,2,2,13,0.567,1431,14441,20.44085028,Private
19720,New Castle,DE,Wilmington University,3,4,2,2,21,NULL,8671,8049,28.79636192,Private
32601,Gainesville,FL,Academy for Five Element Acupuncture,NULL,4,2,5,12,NULL,NULL,9810,NULL,Private
33417,West Palm Beach,FL,Academy for Nursing and Health Occupations,2,2,2,5,21,NULL,424,5770,31.63304348,Private
34741,Kissimmee,FL,Academy of Career Training,1,1,3,5,13,NULL,147,8413,28.59907834,Private
32953,Merritt Island,FL,Academy of Cosmetology,1,1,3,5,21,NULL,137,6418,28.26126126,Private
33463-2113,Lake Worth,FL,Academy of Palm Beach,1,1,3,5,21,NULL,66,6742,34.45744681,Private
33176,Miami,FL,Acupuncture and Massage College,1,4,3,5,13,NULL,37,6795,33.67307692,Private
33012,Hialeah,FL,Advance Science Institute,1,1,3,5,21,NULL,34,1067,32.98039216,Private
33122,Miami,FL,Advanced Technical Centers,1,1,2,5,21,NULL,31,0,59.29411765,Private
32803,Orlando,FL,Adventist University of Health Sciences,3,4,2,5,12,1,1870,12392,27.31381216,Private
32773,Sanford,FL,Aerosim Flight Academy,1,1,3,5,13,NULL,135,19217,23.46296296,Private
33132-1418,Miami,FL,AI Miami International University of Art and Design,3,4,3,5,11,NULL,2778,15302,24.51293314,Private
32935-8771,Melbourne,FL,Ambiance Beauty & Barber Academy Inc,1,1,3,5,13,NULL,39,8948,32.21428571,Private
32065,Orange Park,FL,American Academy of Cosmetology,1,1,3,5,21,NULL,117,7723,29.64673913,Private
33014,Hialeah,FL,American Advanced Technicians Institute,1,1,3,5,21,NULL,124,22380,33.76097561,Private
34668,Port Richey,FL,American Health Institute,1,1,3,5,21,NULL,73,632,29.75,Private
33771,Largo,FL,American Institute of Beauty,1,1,3,5,21,NULL,50,13585,29.28117914,Private
33063,Margate,FL,American Institute-Margate,1,1,3,5,21,NULL,250,10063,29.1943662,Private
33186-4830,Miami,FL,American Medical Academy,1,2,3,5,21,NULL,247,6809,27.65605096,Private
33610,Tampa,FL,Aparicio-Levy Technical College,NULL,1,1,5,21,NULL,181,8057,28.66666667,Public
33605,Tampa,FL,Artistic Nails and Beauty Academy-Tampa,1,1,3,5,11,NULL,183,4576,28.71684588,Private
33314,Davie,FL,ASM Beauty World Academy,1,1,3,5,21,NULL,328,3682,35.50359712,Private
33301-3510,Fort Lauderdale,FL,Atlantic Institute of Oriental Medicine,3,4,2,5,12,NULL,23,5912,31.28571429,Private
33063-3902,Coconut Creek,FL,Atlantic Technical College,1,1,1,5,21,NULL,2599,4122,29.32055749,Public
34119,Naples,FL,Ave Maria School of Law,2,4,2,5,21,NULL,NULL,30494,PrivacySuppressed,Private
34142-9505,Ave Maria,FL,Ave Maria University,3,4,2,5,42,0.517,1019,9576,19.98945148,Private
33314,Davie,FL,Aveda Institute-South Florida,1,1,3,5,21,NULL,580,9718,25.16038882,Private
32304,Tallahassee,FL,Aveda Institute-Tallahassee,1,1,3,5,12,NULL,572,8638,24.87984496,Private
32707,Casselberry,FL,Aviation Institute of Maintenance-Orlando,1,1,3,5,21,NULL,209,15163,27.45454546,Private
34946,Fort Pierce,FL,Aviator College of Aeronautical Science and Technology,1,2,3,5,41,NULL,176,61752,28.34146342,Private
33169-5345,Miami Gardens,FL,Azure College,NULL,2,3,5,21,NULL,211,42779,35.34069982,Private
33161-6695,Miami,FL,Barry University,3,4,2,5,21,0.4611,3913,16459,26.45536928,Private
34748,Leesburg,FL,Beacon College,3,3,2,5,22,0.5901,223,30888,21.64130435,Private
33016-2421,Hialeah Gardens,FL,Beauty Academy of South Florida,1,1,3,5,21,NULL,239,14298,38.72140763,Private
33062-1000,Pompano Beach,FL,Beauty Anatomy Institute of Cosmetology and Wellness,NULL,1,3,5,13,NULL,40,4539,29.22916667,Private
33626-2610,Tampa,FL,Beauty and Health Institute,NULL,1,3,5,21,NULL,70,8534,37.13939394,Private
33012-3322,Hialeah,FL,Beauty Schools of America-Hialeah,1,1,3,5,21,NULL,877,11161,30.77471483,Private
34652,New Port Richey,FL,Benes International School of Beauty,1,1,3,5,21,NULL,307,7163,28.84123711,Private
32114-3099,Daytona Beach,FL,Bethune-Cookman University,3,4,2,5,13,0.6371,3897,10171,20.53601533,Private
32601-4021,Gainesville,FL,Bly's School of Cosmetology,NULL,1,3,5,12,NULL,77,5363,30.76470588,Private
33434-4178,Boca Raton,FL,Boca Beauty Academy,1,1,3,5,21,NULL,208,26137,30.50917431,Private
32091,Starke,FL,Bradford-Union Technical Center,1,1,1,5,32,NULL,121,1844,28.77586207,Public
33602-2196,Tampa,FL,Brewster Technical College,1,1,1,5,11,NULL,195,1988,32.28870293,Public
33301,Fort Lauderdale,FL,Broward College,2,3,1,5,21,NULL,39175,1200,24.9809575,Public
33426-6591,Boynton Beach,FL,Burnett International College,NULL,2,3,5,21,NULL,281,163977,37.83333333,Private
32701,Altamonte Springs,FL,Cambridge Institute of Allied Health & Technology,1,1,3,5,21,NULL,188,18373,32.34309623,Private
33484,Delray Beach,FL,Cambridge Institute of Allied Health & Technology,2,2,3,5,21,NULL,189,22142,30.33888889,Private
33993-2479,Cape Coral,FL,Cape Coral Technical College,1,1,1,5,12,NULL,275,2836,30.52589641,Public
32208,Jacksonville,FL,CDA Technical Institute,1,1,3,5,11,NULL,190,23254,26.07682776,Private
33144,Miami,FL,Celebrity School of Beauty,1,1,3,5,21,NULL,182,10737,35.89861751,Private
32810,Orlando,FL,Centura Institute,1,1,3,5,21,NULL,47,18164,33.74576271,Private
33948-3399,Port Charlotte,FL,Charlotte Technical Center,1,1,1,5,22,NULL,204,2560,28.265625,Public
32446-2053,Marianna,FL,Chipola College,2,3,1,5,32,NULL,1565,1414,23.7627551,Public
32547,Fort Walton Beach,FL,CHOICE High School and Technical Center,1,1,1,5,13,NULL,321,1532,30.6953405,Public
32714,Altamonte Springs,FL,City College-Altamonte Springs,2,2,2,5,21,NULL,410,16401,30.05311355,Private
33309,Fort Lauderdale,FL,City College-Fort Lauderdale,2,3,2,5,12,NULL,571,16235,28.91823491,Private
33759-4595,Clearwater,FL,Clearwater Christian College,3,4,2,5,12,0.6192,409,11484,20.7654321,Private
33176,Miami,FL,College of Business and Technology-Kendall,1,3,3,5,13,NULL,63,6311,35.60180624,Private
34474,Ocala,FL,College of Central Florida,2,3,1,5,13,NULL,6937,1192,25.50114837,Public
33012-4861,Hialeah,FL,Compu-Med Vocational Careers Corp,1,1,3,5,21,NULL,822,3034,32.81993569,Private
32256-6905,Jacksonville,FL,Concorde Career Institute-Jacksonville,1,2,3,5,11,1,652,10648,28.07540984,Private
33025,Miramar,FL,Concorde Career Institute-Miramar,1,2,3,5,21,1,640,11585,27.59102244,Private
33607-4127,Tampa,FL,Concorde Career Institute-Tampa,1,2,3,5,11,1,411,12276,28.84116022,Private
33781,Pinellas Park,FL,Cortiva Institute-Florida,1,1,3,5,21,NULL,187,7985,29.86402754,Private
33309-6060,Oakland Park,FL,Cosmix School of Makeup Artistry,NULL,1,3,5,21,NULL,92,20591,26.38028169,Private
34135,Bonita Springs,FL,Cozmo Beauty School,1,1,3,5,21,NULL,66,3307,27.38823529,Private
33147-6304,Miami,FL,D A Dorsey Technical College,1,1,1,5,21,NULL,217,1551,28.75,Public
33126,Miami,FL,Dade Medical College-Miami,2,3,3,5,11,NULL,1037,11315,32.66300106,Private
32174-8445,Ormond Beach,FL,Daytona College,1,2,3,5,13,NULL,276,10905,31.47906977,Private
32114,Daytona Beach,FL,Daytona State College,2,3,1,5,13,NULL,11815,1501,25.81263316,Public
33487,Boca Raton,FL,Digital Media Arts College,3,4,3,5,13,NULL,289,14339,22.63709677,Private
34234-0000,Sarasota,FL,East West College of Natural Medicine,3,4,3,5,13,NULL,5,9168,35.90909091,Private
32922,Cocoa,FL,Eastern Florida State College,2,2,1,5,21,NULL,12454,1610,25.96387496,Public
33711-4700,Saint Petersburg,FL,Eckerd College,3,3,2,5,12,0.7274,2062,19367,22.27626459,Private
32209,Jacksonville,FL,Edward Waters College,3,3,2,5,11,0.5295,927,9307,22.67452136,Private
32114-3900,Daytona Beach,FL,Embry-Riddle Aeronautical University-Daytona Beach,3,4,2,5,13,0.7306,4954,29248,25.86175363,Private
32114-3900,Daytona Beach,FL,Embry-Riddle Aeronautical University-Worldwide,3,4,2,5,13,0.6876,9625,10137,25.86175363,Private
32433,DeFuniak Springs,FL,Emerald Coast Technical College,1,1,1,5,32,NULL,115,3061,29.0516129,Public
33610-8299,Tampa,FL,Erwin Technical College,1,1,1,5,11,NULL,751,905,29.14078947,Public
33415-5719,West Palm Beach,FL,Eternity Cosmetology School,1,1,3,5,21,NULL,177,6847,35.69058296,Private
33174,Miami,FL,Eureka Institute of Health and Beauty,1,1,3,5,21,NULL,82,4935,42.77647059,Private
32810,Orlando,FL,Everest University-North Orlando,2,4,3,5,21,NULL,584,11246,31.10064174,Private
33431,Boca Raton,FL,Everglades University,3,4,2,5,13,0.8588,1284,20629,34.03306613,Private
34231-4813,Sarasota,FL,Fashion Focus Hair Academy,1,1,3,5,21,NULL,67,6116,28.49253731,Private
32210-8054,Jacksonville,FL,First Coast Barber Academy,NULL,1,3,5,11,NULL,18,20463,31.875,Private
32084-1919,Saint Augustine,FL,First Coast Technical College,1,1,1,5,23,NULL,542,3300,26.92879747,Public
32084,Saint Augustine,FL,Flagler College-St Augustine,3,3,2,5,23,0.4788,2767,13414,22.23184713,Private
32164,Palm Coast,FL,Flagler Technical Institute,1,1,1,5,41,NULL,269,2304,32.21590909,Public
33966-1155,Fort Myers,FL,Florida Academy,1,1,3,5,13,NULL,200,5476,31.0965251,Private
33311,Oakland Park,FL,Florida Academy of Health & Beauty,1,1,3,5,21,NULL,31,8225,30.58139535,Private
32307,Tallahassee,FL,Florida Agricultural and Mechanical University,3,4,1,5,12,0.4895,7995,5113,20.78533569,Public
33431-0991,Boca Raton,FL,Florida Atlantic University,3,4,1,5,13,0.6603,24228,5550,23.52392507,Public
33317,Plantation,FL,Florida Barber Academy,1,1,3,5,21,NULL,241,10778,31.14361702,Private
33174,Miami,FL,Florida Career College-Miami,1,3,3,5,21,NULL,6227,8903,31.16733636,Private
32256,Jacksonville,FL,Florida Coastal School of Law,3,4,3,5,11,NULL,NULL,46351,NULL,Private
33617,Temple Terrace,FL,Florida College,2,3,2,5,21,0.7659,555,15025,19.853125,Private
32809-5721,Orlando,FL,Florida College of Integrative Medicine,3,4,3,5,21,NULL,NULL,6216,31.7,Private
33064,Pompano Beach,FL,Florida College of Natural Health-Pompano Beach,1,2,3,5,13,NULL,203,6777,30.79096546,Private
33144,Miami,FL,Florida Education Institute,1,1,3,5,21,NULL,316,7842,35.55451128,Private
32025-2007,Lake City,FL,Florida Gateway College,2,3,1,5,32,NULL,2170,1412,25.82978723,Public
33965-6565,Fort Myers,FL,Florida Gulf Coast University,3,4,1,5,21,0.5888,13253,4905,21.59642225,Public
32804-3309,Orlando,FL,Florida Institute of Recording Sound and Technology,1,1,3,5,12,NULL,170,20118,25.18781726,Private
32901-6975,Melbourne,FL,Florida Institute of Technology,3,4,2,5,13,0.6157,3348,21450,30.28447025,Private
32901,Melbourne,FL,Florida Institute of Technology-Online,3,4,2,5,13,NULL,2063,6244,30.28447025,Private
32514,Pensacola,FL,Florida Institute of Ultrasound Inc,1,1,3,5,13,NULL,52,5983,28.06666667,Private
33199,Miami,FL,Florida International University,3,4,1,5,21,0.5278,39102,6256,23.47250655,Public
33040,Key West,FL,Florida Keys Community College,2,2,1,5,33,NULL,833,2503,25.12761506,Public
33054-6199,Miami Gardens,FL,Florida Memorial University,3,4,2,5,21,0.2054,1478,14724,20.65820106,Private
33012,Hialeah,FL,Florida National University-Main Campus,2,4,3,5,21,NULL,1798,8000,28.99057315,Private
32428-1618,Chipley,FL,Florida Panhandle Technical College,1,1,1,5,32,NULL,210,2445,26.18559557,Public
32608-5419,Gainesville,FL,Florida School of Massage,1,1,3,5,41,NULL,81,13222,30.09359606,Private
32601,Gainesville,FL,Florida School of Traditional Midwifery,1,1,2,5,12,NULL,49,6720,30.36363636,Private
33801-5698,Lakeland,FL,Florida Southern College,3,4,2,5,13,0.4481,2352,16051,21.93269231,Private
33919,Fort Myers,FL,Florida SouthWestern State College,2,3,1,5,21,NULL,12620,1318,24.04521161,Public
32202,Jacksonville,FL,Florida State College at Jacksonville,2,3,1,5,11,NULL,22539,1854,25.93245361,Public
32306-1037,Tallahassee,FL,Florida State University,3,4,1,5,12,0.5539,32432,6263,20.86730919,Public
32826,Orlando,FL,Florida Technical College,1,3,3,5,21,NULL,2977,5633,29.41498284,Private
33144,Miami,FL,Florida Vocational Institute,1,1,3,5,21,NULL,106,5814,37.05882353,Private
33916-2204,Fort Myers,FL,Fort Myers Technical College,1,1,1,5,13,NULL,630,2266,28.13582677,Public
34982-6333,Fort Pierce,FL,Fort Pierce Beauty Academy,1,1,3,5,21,NULL,28,1976,29.90861619,Private
32065,Orange Park,FL,Fortis College-Orange Park,1,2,3,5,21,NULL,312,8823,29.54268293,Private
32789,Winter Park,FL,Fortis College-Winter Park,2,2,3,5,21,NULL,14,15102,31.83369803,Private
33860,Mulberry,FL,Fortis Institute-Mulberry,1,1,3,5,21,NULL,44,8862,29.8125,Private
33614,Tampa,FL,Fred D. Learey Technical College,NULL,1,1,5,21,NULL,461,3522,23.64285714,Public
32792-7429,Winter Park,FL,Full Sail University,3,4,3,5,21,NULL,17205,13051,25.82182379,Private
33012-3325,Hialeah,FL,Futura Career Institute,1,1,3,5,21,NULL,138,4845,35.78632479,Private
33135-4142,Miami,FL,Future-Tech Institute,1,1,3,5,11,NULL,38,4996,38.29473684,Private
32526-8922,Pensacola,FL,George Stone Technical Center,1,1,1,5,21,NULL,456,1047,28.59433962,Public
33142,Miami,FL,George T Baker Aviation Technical College,1,1,1,5,21,NULL,649,1596,24.64370546,Public
32405,Panama City,FL,Gooding Institute of Nurse Anesthesia,NULL,4,3,5,13,NULL,NULL,20472,NULL,Private
32401,Panama City,FL,Gulf Coast State College,2,3,1,5,13,NULL,4379,1166,26.06491165,Public
34210,Bradenton,FL,GUTI The Premier Beauty & Wellness Academy,1,1,3,5,13,NULL,80,10058,29.39130435,Private
33912,Fort Myers,FL,Heritage Institute-Ft Myers,2,2,3,5,21,NULL,738,6902,26.16635514,Private
32216,Jacksonville,FL,Heritage Institute-Jacksonville,2,2,3,5,11,NULL,285,6817,29.40562914,Private
33606-3584,Tampa,FL,Hillsborough Community College,2,2,1,5,11,NULL,24027,2363,25.37258045,Public
33455-1065,Hobe Sound,FL,Hobe Sound Bible College,3,3,2,5,21,NULL,233,6675,26.96694215,Private
34119-7932,Naples,FL,Hodges University,3,4,2,5,21,0.7429,1680,15809,31.75811688,Private
33023,Hollywood,FL,Hollywood Institute of Beauty Careers,1,1,3,5,21,NULL,79,6536,29.7123857,Private
34142,Immokalee,FL,Immokalee Technical College,1,1,1,5,32,NULL,215,2287,23.48026316,Public
34981-5596,Fort Pierce,FL,Indian River State College,2,3,1,5,21,NULL,14368,1316,24.56538949,Public
32707,Casselberry,FL,Institute of Technical Arts,1,1,3,5,21,NULL,202,10410,26.20512821,Private
33174-2950,Miami,FL,InterAmerican Technical Institute,NULL,1,3,5,21,NULL,29,6026,39.22222222,Private
32119,South Daytona,FL,International Academy,1,1,3,5,21,NULL,265,12425,29.7827381,Private
33155,Miami,FL,International Training Careers,1,1,2,5,21,NULL,225,9060,37.28893443,Private
32208,Jacksonville,FL,Jacksonville Beauty Institute,1,1,3,5,11,NULL,15,9629,28.03030303,Private
32211-3394,Jacksonville,FL,Jacksonville University,3,4,2,5,11,0.5607,3164,10885,27.78724709,Private
32211,Jacksonville,FL,Jones College-Jacksonville,2,3,2,5,11,NULL,490,3205,31.5441989,Private
33026,Pembroke Pines,FL,Jose Maria Vargas University,1,3,3,5,21,NULL,30,7583,PrivacySuppressed,Private
33024-6609,Pembroke Pines,FL,Kaizen Beauty Academy,NULL,1,3,5,21,NULL,52,4843,26.54054054,Private
33309,Fort Lauderdale,FL,Keiser University-Ft Lauderdale,2,4,2,5,12,0.4868,18018,14124,28.89908154,Private
33004-3046,Dania Beach,FL,Key College,2,2,3,5,21,NULL,59,5583,36.73333333,Private
33308-3209,Fort Lauderdale,FL,Knox Theological Seminary,NULL,4,2,5,12,NULL,NULL,4972,NULL,Private
33144,Miami,FL,La Belle Beauty Academy,1,1,3,5,21,NULL,403,11090,33.43478261,Private
33012,Hialeah,FL,La Belle Beauty School,1,1,3,5,21,NULL,251,0,33.97377049,Private
32726,Eustis,FL,Lake Technical College,1,1,1,5,22,NULL,669,2578,27.34226804,Public
34788-8751,Leesburg,FL,Lake-Sumter State College,2,2,1,5,22,NULL,3677,1925,24.06178764,Public
33916-9320,Fort Myers,FL,Lee Professional Institute,NULL,1,3,5,13,NULL,36,4773,35.11827957,Private
32730-2351,Fern Park,FL,Lincoln Technical Institute-Fern Park,1,1,3,5,21,NULL,242,10569,28.62629758,Private
33127,Miami,FL,Lindsey Hopkins Technical College,1,1,1,5,11,NULL,716,2040,30.5300207,Public
32304-2895,Tallahassee,FL,Lively Technical Center,1,1,1,5,12,NULL,907,1352,27.94642857,Public
33710,Saint Petersburg,FL,Loraines Academy & Spa,1,1,3,5,12,NULL,186,7812,29.58108108,Private
34104-4405,Naples,FL,Lorenzo Walker Technical College,1,1,1,5,21,NULL,679,2706,26.37078652,Public
33431-5598,Boca Raton,FL,Lynn University,3,4,2,5,13,0.7487,1911,22163,21.64176571,Private
33126,Miami,FL,Management Resources College,1,2,3,5,11,NULL,708,8492,36.83333333,Private
34203,Bradenton,FL,Manatee Technical College,1,1,1,5,21,NULL,928,1854,27.49791667,Public
33611,Tampa,FL,Manhattan Hairstyling Academy,1,1,3,5,11,NULL,160,21172,28.03809524,Private
34653,New Port Richey,FL,Marchman Technical Education Center,1,1,1,5,21,NULL,173,683,25.37647059,Public
34471-3172,Ocala,FL,Marion County Community Technical and Adult Education Center,1,1,1,5,13,NULL,381,5813,29.55658199,Public
33175,Miami,FL,Mattia College,2,3,3,5,21,NULL,965,11517,32.15290179,Private
33409,West Palm Beach,FL,MCI Institute of Technology,1,1,3,5,21,NULL,146,51396,30.40070922,Private
33133-2703,Miami,FL,M-DCPS The English Center,1,1,1,5,11,NULL,164,638,38.90163934,Public
33463,Greenacres,FL,Medical Institute of Palm Beach,1,1,3,5,21,NULL,66,29853,27.70909091,Private
34240,Sarasota,FL,Meridian College,1,2,3,5,41,NULL,182,7124,29.25746269,Private
33334-4925,Oakland Park,FL,Merryfield School of Pet Grooming,NULL,1,3,5,21,NULL,181,9571,35.34375,Private
33127,Miami,FL,Miami Ad School-Wynwood,1,1,3,5,11,NULL,141,26735,27.13586957,Private
33132-2204,Miami,FL,Miami Dade College,2,3,1,5,11,NULL,61470,1476,23.94228003,Public
33014,Miami Lakes,FL,Miami Lakes Educational Center and Technical College,1,1,1,5,21,NULL,935,1552,28.06191951,Public
33178-2369,Doral,FL,Millennia Atlantic University,3,4,3,5,21,NULL,95,6391,28.6,Private
33012,Hialeah,FL,More Tech Institute,NULL,1,3,5,21,NULL,67,4041,36.59259259,Private
33760,Clearwater,FL,National Aviation Academy of Tampa Bay,1,1,3,5,21,NULL,605,13116,27.0855615,Private
34243-2109,Sarasota,FL,New College of Florida,3,3,1,5,13,0.5987,834,2307,19.91696751,Public
33135,Miami,FL,New Concept Massage and Beauty School,1,1,3,5,11,NULL,29,1736,38.07857143,Private
33134,Miami,FL,New Professions Technical Institute,1,1,3,5,11,NULL,56,10696,34.21734475,Private
32065,Orange Park,FL,North Florida Academy,1,1,3,5,21,NULL,31,6119,24.06818182,Private
32340,Madison,FL,North Florida Community College,2,2,1,5,41,NULL,866,972,25.52204586,Public
32312,Tallahassee,FL,North Florida Cosmetology Institute Inc,1,1,3,5,12,NULL,139,7453,27.88596491,Private
32578-1295,Niceville,FL,Northwest Florida State College,2,3,1,5,41,NULL,5119,1854,26.20113636,Public
33125,Miami,FL,Nouvelle Institute,1,1,3,5,11,NULL,117,5653,37.74609375,Private
33314-7796,Fort Lauderdale,FL,Nova Southeastern University,3,4,2,5,21,0.4881,4582,17966,25.77269108,Private
32809,Orlando,FL,Orange Technical College-Mid Florida Campus,1,1,1,5,21,NULL,1418,8867,28.20918367,Public
32801-1197,Orlando,FL,Orange Technical College-Orlando Campus,1,1,1,5,12,NULL,377,1626,27.81504702,Public
34787-3733,Winter Garden,FL,Orange Technical College-Westside Campus,1,1,1,5,21,NULL,541,2175,27.03846154,Public
32789-3049,Winter Park,FL,Orange Technical College-Winter Park Campus,1,1,1,5,21,NULL,219,2332,29.48026316,Public
33317,Plantation,FL,Orion College,1,2,3,5,21,NULL,441,7279,31.36548913,Private
33403,Lake Park,FL,Palm Beach Academy of Health & Beauty,1,1,3,5,21,NULL,103,2465,28.92575406,Private
33401,West Palm Beach,FL,Palm Beach Atlantic University,3,4,2,5,13,0.9527,2585,16273,23.53010279,Private
33461-4796,Lake Worth,FL,Palm Beach State College,2,3,1,5,21,NULL,25217,1991,23.48155307,Public
32204-4127,Jacksonville,FL,Parisian Spa Institute,NULL,1,3,5,11,NULL,88,4511,29.01724138,Private
34654-5199,New Port Richey,FL,Pasco-Hernando State College,2,2,1,5,21,NULL,9184,1386,24.89152716,Public
32246,Jacksonville,FL,Paul Mitchell the School-Jacksonville,1,1,3,5,11,NULL,133,10141,24.65506329,Private
33156,Miami,FL,Paul Mitchell the School-Miami,1,1,3,5,13,NULL,145,9762,25.4301676,Private
32504,Pensacola,FL,Pensacola School of Massage Therapy & Health Careers,1,1,3,5,13,NULL,91,5298,30.22988506,Private
32504-8998,Pensacola,FL,Pensacola State College,2,3,1,5,13,NULL,8304,1375,25.5262181,Public
33760-2140,Clearwater,FL,Pinellas Technical College-Clearwater,1,1,1,5,21,NULL,1233,2078,32.23012552,Public
33711-2209,Saint Petersburg,FL,Pinellas Technical College-St. Petersburg,1,1,1,5,12,NULL,1488,1994,32.15011038,Public
33881-4299,Winter Haven,FL,Polk State College,2,3,1,5,13,NULL,8990,1559,25.57898512,Public
33135,Miami,FL,Praxis Institute,1,1,3,5,11,NULL,365,236,36.28534704,Private
33160-4102,North Miami Beach,FL,Prestige Health & Beauty Sciences Academy,NULL,1,3,5,21,NULL,33,8129,40.40425532,Private
33125,Miami,FL,Professional Hands Institute,1,1,3,5,11,NULL,37,228,40.89320388,Private
32570-8188,Milton,FL,Radford M Locklin Technical Center,1,1,1,5,41,NULL,318,1073,28.78165939,Public
33881-9518,Winter Haven,FL,Ridge Career Center,1,1,1,5,13,NULL,664,2526,27.74764151,Public
34234-5895,Sarasota,FL,Ringling College of Art and Design,3,3,2,5,13,0.8522,1216,34848,20.93401015,Private
32064,Live Oak,FL,RIVEROAK Technical College,1,1,1,5,33,NULL,145,2419,27.95544555,Public
33177,Miami,FL,Robert Morgan Educational Center and Technical College,1,1,1,5,21,NULL,624,2635,27.94918699,Public
32789-4499,Winter Park,FL,Rollins College,3,4,2,5,21,0.5729,2670,18320,22.90837989,Private
33134,Miami,FL,SABER College,2,2,2,5,11,0.386,600,12034,32.8805668,Private
33160-4307,North Miami Beach,FL,SAE Institute of Technology-Miami,1,1,3,5,21,NULL,94,8671,25.8852459,Private
33165-3244,Miami,FL,Saint John Vianney College Seminary,3,4,2,5,21,1,77,20490,24.23529412,Private
32177,Palatka,FL,Saint Johns River State College,2,3,1,5,32,NULL,5112,1711,25.88103965,Public
33574-6665,Saint Leo,FL,Saint Leo University,3,4,2,5,23,0.7216,11976,9630,31.34323539,Private
33436-4899,Boynton Beach,FL,Saint Vincent de Paul Regional Seminary,NULL,4,2,5,21,NULL,NULL,13221,NULL,Private
33614,Tampa,FL,Sanford-Brown College-Online,3,3,3,5,21,NULL,957,17680,28.82355596,Private
33307,Tampa,FL,Sanford-Brown College-Tampa,3,3,3,5,11,NULL,426,20233,28.82355596,Private
32256,Jacksonville,FL,Sanford-Brown Institute-Jacksonville,1,2,3,5,11,NULL,340,7717,27.82049364,Private
32606-6210,Gainesville,FL,Santa Fe College,2,3,1,5,22,NULL,13757,2121,23.23104745,Public
34243,Sarasota,FL,Sarasota School of Massage Therapy,1,1,3,5,21,NULL,95,18211,31.56395349,Private
33771,Largo,FL,Schiller International University,3,4,3,5,13,NULL,39,39443,29.8877551,Private
32773-6199,Sanford,FL,Seminole State College of Florida,1,3,1,5,13,NULL,16515,1848,25.39619107,Public
33614,Tampa,FL,Shear Excellence Hair Academy,1,1,3,5,21,NULL,53,3163,29.4,Private
32208,Jacksonville,FL,Shear Finesse Hairstyling Academy,1,1,3,5,11,NULL,17,10153,29.33333333,Private
33021,Hollywood,FL,Sheridan Technical College,1,1,1,5,21,NULL,1465,2190,28.98529412,Public
33441,Deerfield Beach,FL,South Florida Bible College and Theological Seminary,3,4,2,5,13,NULL,92,6582,39.17073171,Private
33125,Miami,FL,South Florida Institute of Technology,1,1,3,5,11,NULL,933,619,37.73059361,Private
33825-9356,Avon Park,FL,South Florida State College,2,2,1,5,41,NULL,2128,1006,23.74430566,Public
32216,Jacksonville,FL,Southeastern College-Jacksonville,1,2,3,5,11,0.5821,173,14494,32.41463415,Private
33411,West Palm Beach,FL,Southeastern College-West Palm Beach,1,2,3,5,21,0.6143,1013,14109,30.32130178,Private
33801-6034,Lakeland,FL,Southeastern University,3,4,2,5,13,0.4394,2946,11590,22.2352657,Private
33907-1108,Fort Myers,FL,Southern Technical College,2,3,3,5,13,NULL,1258,13141,29.24703264,Private
32809,Orlando,FL,Southern Technical College,2,2,3,5,21,NULL,1445,10050,32.19436052,Private
33760-2822,Clearwater,FL,St Petersburg College,2,3,1,5,13,NULL,28003,1973,27.37226843,Public
33054-6459,Miami Gardens,FL,St Thomas University,3,4,2,5,21,0.849,931,16172,24.15433404,Private
34207,Bradenton,FL,State College of Florida-Manatee-Sarasota,2,3,1,5,21,NULL,9228,2379,24.63967296,Public
32207,Jacksonville,FL,Stenotype Institute of Jacksonville Inc-Jacksonville,1,1,3,5,11,NULL,164,9557,33.39090909,Private
32723,DeLand,FL,Stetson University,3,4,2,5,22,0.6124,2821,18645,19.99376947,Private
33014,Miami Gardens,FL,Sullivan and Cogliano Training Center,1,1,3,5,21,NULL,627,6033,38.68192771,Private
33624,Tampa,FL,Summit Salon Academy,1,1,3,5,21,NULL,67,10910,25.82352941,Private
32607,Gainesville,FL,Summit Salon Academy-Gainesville,1,1,3,5,22,0.52,16,9220,26.66942149,Private
34233-1798,Sarasota,FL,Suncoast Technical College,1,1,1,5,21,NULL,346,4897,28.43097643,Public
33907,Fort Myers,FL,Sunstate Academy,1,1,3,5,13,NULL,342,11512,28.41791045,Private
33765-2702,Clearwater,FL,Sunstate Academy,1,1,3,5,12,NULL,205,10461,27.98742138,Private
32304-2895,Tallahassee,FL,Tallahassee Community College,2,2,1,5,12,NULL,11995,1693,23.25909832,Public
33140-3854,Miami Beach,FL,Talmudic College of Florida,3,4,2,5,13,NULL,46,4864,20.84615385,Private
34420,Belleview,FL,Taylor College,2,2,3,5,41,NULL,150,3105,30.99607843,Private
32348,Perry,FL,Taylor Technical Institute,1,1,1,5,41,NULL,142,2798,26.35416667,Public
34744,Kissimmee,FL,Technical Education Center-Osceola,1,1,1,5,21,NULL,400,2736,29.13671875,Public
32162,The Villages,FL,Tenaj Salon Institute,1,1,3,5,13,NULL,114,12120,26.91071429,Private
33316-3000,Fort Lauderdale,FL,The Art Institute of Fort Lauderdale,2,3,3,5,12,NULL,1514,14567,25.63297872,Private
32440,Graceville,FL,The Baptist College of Florida,3,3,2,5,32,0.5556,454,8740,26.07035176,Private
33409,West  Palm Beach,FL,The Beauty Institute,1,1,3,5,21,NULL,45,4726,30.36065574,Private
33907,Fort Myers,FL,The Salon Professional Academy-Ft Myers,1,1,3,5,13,NULL,27,9811,26.79661017,Private
32904,Melbourne,FL,The Salon Professional Academy-Melbourne,1,1,3,5,13,NULL,74,13521,26.60606061,Private
33606-1490,Tampa,FL,The University of Tampa,3,4,2,5,11,0.5188,6811,16628,20.31299552,Private
32514-5750,Pensacola,FL,The University of West Florida,3,4,1,5,13,0.4167,9794,5937,24.18670965,Public
32405,Panama City,FL,Tom P Haney Technical Center,1,1,1,5,22,NULL,395,2899,29.16795367,Public
33803,Lakeland,FL,Traviss Career Center,1,1,1,5,41,NULL,1115,2650,27.72270742,Public
32205,Jacksonville,FL,Trendsetters School of Beauty & Barbering,1,1,3,5,11,NULL,30,8130,33.3559322,Private
32221,Jacksonville,FL,Trinity Baptist College,3,4,2,5,11,0.6368,352,4946,23.06101695,Private
34655-4401,Trinity,FL,Trinity College of Florida,3,3,2,5,21,NULL,224,11781,30.25,Private
33755-4933,Clearwater,FL,Ultimate Medical Academy-Clearwater,1,2,3,5,12,NULL,332,13284,32.77652563,Private
33411,Royal Palm Beach,FL,Ultrasound Medical Institute,2,2,3,5,21,NULL,11,10320,31.92857143,Private
322072409,Jacksonville,FL,United Education Institute,1,0,3,5,NULL,NULL,NULL,NULL,NULL,Private
33174,Sweetwater,FL,Universal Career School,1,1,3,5,21,NULL,137,5283,34.61478599,Private
32816,Orlando,FL,University of Central Florida,3,4,1,5,21,0.4961,52280,5199,23.28372373,Public
32611,Gainesville,FL,University of Florida,3,4,1,5,12,0.4561,31879,7553,21.04915825,Public
32611,Gainesville,FL,University of Florida-Online,NULL,0,1,5,12,0.2286,879,NULL,21.04915825,Public
33313,Lauderhill,FL,University of Fort Lauderdale,2,4,2,5,21,NULL,31,9613,36.5,Private
33146,Coral Gables,FL,University of Miami,3,4,2,5,21,0.3818,10828,29286,20.76306197,Private
32224-7699,Jacksonville,FL,University of North Florida,3,4,1,5,11,0.6057,13884,5264,23.29188982,Public
33620-9951,Tampa,FL,University of South Florida-Main Campus,3,4,1,5,11,0.5316,30279,6454,22.9902162,Public
32225,Jacksonville,FL,University of Southernmost Florida,2,2,3,5,11,NULL,164,9045,31.32303371,Private
32835,Orlando,FL,Valencia College,2,3,1,5,12,NULL,37634,1793,23.24568851,Public
33859-8797,Lake Wales,FL,Warner University,3,4,2,5,41,0.26,1011,4529,26.12191781,Private
33827-0096,Babson Park,FL,Webber International University,3,4,2,5,31,0.5056,687,12023,21.75536993,Private
33317,Davie,FL,William T McFatter Technical College,1,1,1,5,21,NULL,1116,2970,28.31034483,Public
34450-4696,Inverness,FL,Withlacoochee Technical Institute,1,1,1,5,23,NULL,267,3574,28.02617801,Public
34108,Naples,FL,Wolford College,3,4,3,5,21,NULL,NULL,22128,NULL,Private
32174,Ormond Beach,FL,Wyotech-Daytona,1,2,3,5,41,NULL,400,5223,29.4271978,Private
33144-4817,Miami,FL,Yechanlaz Instituto Vocacional,NULL,1,3,5,11,NULL,57,2451,39.15730337,Private
33139,Miami Beach,FL,Yeshivah Gedolah Rabbinical College,3,0,2,5,13,NULL,52,7654,19.65714286,Private
96941,Pohnpei,FM,College of Micronesia-FSM,2,2,1,9,-3,0.9378,2344,441,21.16759985,Public
31793-2601,Tifton,GA,Abraham Baldwin Agricultural College,2,3,1,5,32,0.7726,3244,2359,21.38007929,Public
30030-3770,Decatur,GA,Agnes Scott College,3,3,2,5,21,0.6772,802,12517,20.03457447,Private
31705,Albany,GA,Albany State University,3,4,1,5,13,0.4729,3261,4030,23.45229885,Public
31701,Albany,GA,Albany Technical College,1,2,1,5,13,NULL,3424,1515,27.73960838,Public
39840-5550,Cuthbert,GA,Andrew College,2,2,2,5,32,0.4631,295,5890,19.88821752,Private
31419-1997,Savannah,GA,Armstrong State University,3,4,1,5,12,0.6803,6162,4839,23.69663648,Public
30601,Athens,GA,Athens Technical College,1,2,1,5,12,NULL,4002,2135,25.83762796,Public
30340,Doraville,GA,Atlanta Beauty & Barber Academy,1,1,3,5,21,NULL,257,17,35.31306991,Private
30096,Duluth,GA,Atlanta Institute of Music and Media,1,1,3,5,21,0.873,170,19876,23.53478261,Private
30310-4448,Atlanta,GA,Atlanta Metropolitan State College,2,3,1,5,11,NULL,2850,1363,24.20393621,Public
30338,Atlanta,GA,Atlanta School of Massage,1,1,3,5,21,NULL,78,14187,30.72439024,Private
30310-4446,Atlanta,GA,Atlanta Technical College,1,2,1,5,11,NULL,4017,1267,30.49073406,Public
30309,Atlanta,GA,Atlanta's John Marshall Law School,3,4,3,5,11,NULL,NULL,35867,NULL,Private
30901-2629,Augusta,GA,Augusta Area Dietetic Internship-University Hospital,NULL,0,2,5,12,NULL,NULL,8254,NULL,Private
30809,Evans,GA,Augusta School of Massage,1,1,3,5,21,NULL,48,6238,31.57575758,Private
30906,Augusta,GA,Augusta Technical College,1,2,1,5,12,NULL,4114,1329,27.56166419,Public
30912,Augusta,GA,Augusta University,3,4,1,5,12,0.7654,5030,9501,24.67387238,Public
30096,Duluth,GA,Aviation Institute of Maintenance-Atlanta,1,1,3,5,21,NULL,566,16294,29.57382847,Private
39819,Bainbridge,GA,Bainbridge State College,1,2,1,5,32,NULL,2227,2792,25.69131833,Public
30313,Atlanta,GA,Bauder College,2,3,3,5,11,NULL,398,9879,28.27845529,Private
30297-1443,Forest Park,GA,Beauty College of America,1,1,3,5,21,NULL,46,871,34.08510638,Private
30149,Mount Berry,GA,Berry College,3,4,2,5,23,0.6083,2065,13245,19.60229885,Private
30316,Atlanta,GA,Beulah Heights University,3,4,2,5,11,NULL,451,6405,40.53784861,Private
30501-3668,Gainesville,GA,Brenau University,3,4,2,5,13,0.7581,1581,13562,28.78956373,Private
30445,Mount Vernon,GA,Brewton-Parker College,3,3,2,5,42,NULL,472,6173,21.0817942,Private
30309,Atlanta,GA,Brown College of Court Reporting,1,1,3,5,11,0.8,208,12611,37.41395349,Private
30331,Atlanta,GA,Carver Bible College,3,3,2,5,21,NULL,88,6023,31.57831325,Private
31088,Warner Robins,GA,Central Georgia Technical College,1,2,1,5,13,NULL,6839,1417,28.20875139,Public
30060,Marietta,GA,Chattahoochee Technical College,1,2,1,5,21,NULL,9323,2492,26.37165775,Public
30314-4391,Atlanta,GA,Clark Atlanta University,3,4,2,5,11,0.8467,2567,16292,20.00814775,Private
30260-0285,Morrow,GA,Clayton  State University,3,4,1,5,21,0.4245,6064,4743,26.55847255,Public
31503,Waycross,GA,Coastal Pines Technical College,NULL,2,1,5,33,NULL,1782,2144,27.36340694,Public
30144-2828,Kennesaw,GA,Cobb Beauty College Inc,1,1,3,5,21,NULL,52,9226,26.6056338,Private
31520-3644,Brunswick,GA,College of Coastal Georgia,2,3,1,5,13,0.9235,2833,2309,23.11030303,Public
30030-4118,Decatur,GA,Columbia Theological Seminary,3,4,2,5,21,NULL,NULL,1316,NULL,Private
31907-5645,Columbus,GA,Columbus State University,3,4,1,5,12,0.5522,6715,6154,24.21315949,Public
31904-6572,Columbus,GA,Columbus Technical College,1,2,1,5,12,NULL,3177,1554,26.57745369,Public
30750-4164,Lookout Mountain,GA,Covenant College,3,4,2,5,21,0.9664,1066,13871,19.52023121,Private
30720-3797,Dalton,GA,Dalton State College,2,3,1,5,13,NULL,4671,2252,21.98305085,Public
31707-3098,Albany,GA,Darton State College,2,3,1,5,13,NULL,5300,2443,25.9838256,Public
30401,Swainsboro,GA,East Georgia State College,2,3,1,5,33,NULL,2847,1492,20.93788594,Public
30342-2633,Sandy Springs,GA,Elaine Sterling Institute,1,1,3,5,13,NULL,167,8554,30.31100479,Private
30639,Franklin Springs,GA,Emmanuel College,3,3,2,5,32,0.4912,727,8120,20.55399061,Private
30322,Atlanta,GA,Emory University,3,4,2,5,21,0.2682,7730,24533,21.94867094,Private
30214,Fayetteville,GA,Fayette Beauty Academy,1,1,3,5,21,NULL,48,2121,28.94285714,Private
31030-4313,Fort Valley,GA,Fort Valley State University,3,4,1,5,31,0.2419,2172,3485,22.06332454,Public
30721-3952,Dalton,GA,Georgia Beauty Academy,1,1,3,5,13,NULL,106,5731,26.99270073,Private
30094,Conyers,GA,Georgia Career Institute,1,1,3,5,21,NULL,552,7441,27.03252886,Private
30360,Atlanta,GA,Georgia Christian University,3,4,2,5,21,NULL,165,7692,50.09756098,Private
31061,Milledgeville,GA,Georgia College and State University,3,4,1,5,32,0.7624,5827,7922,20.41614583,Public
30043,Lawrenceville,GA,Georgia Gwinnett College,3,3,1,5,21,NULL,10387,3591,22.33990442,Public
30161-3897,Rome,GA,Georgia Highlands College,2,2,1,5,41,NULL,5159,2454,23.10535259,Public
30606-3152,Athens,GA,Georgia Institute of Cosmetology,1,1,3,5,12,NULL,328,1241,27.60362694,Private
30332-0530,Atlanta,GA,Georgia Institute of Technology-Main Campus,3,4,1,5,11,0.3338,13996,12832,20.56177326,Public
31061,Milledgeville,GA,Georgia Military College,NULL,2,1,5,32,NULL,6621,3651,25.22381137,Public
30161,Rome,GA,Georgia Northwestern Technical College,1,2,1,5,13,NULL,4806,1547,26.73690651,Public
30034-3832,Decatur,GA,Georgia Perimeter College,2,2,1,5,21,0.5134,19025,2819,24.38510473,Public
30021-2397,Clarkston,GA,Georgia Piedmont Technical College,1,2,1,5,21,NULL,3409,1544,30.66634304,Public
30460-8126,Statesboro,GA,Georgia Southern University,3,4,1,5,32,0.631,17232,5686,20.93743154,Public
31709-4693,Americus,GA,Georgia Southwestern State University,3,4,1,5,32,0.6964,2415,4506,25.05259313,Public
30303-3083,Atlanta,GA,Georgia State University,3,4,1,5,11,0.5944,24619,7171,22.63046671,Public
30204,Barnesville,GA,Gordon State College,2,3,1,5,32,0.4839,3864,2139,21.92854665,Public
30303-3050,Atlanta,GA,Grady Health System Professional Schools,1,1,1,5,11,NULL,60,5603,29.27118644,Public
30035-4022,Decatur,GA,Gupton Jones College of Funeral Service,2,2,2,5,21,NULL,162,13491,27.6142132,Private
30047-3447,Lilburn,GA,Gwinnett College-Lilburn,2,2,3,5,21,NULL,325,9327,31.86521739,Private
30328,Sandy Springs,GA,Gwinnett College-Sandy Springs,1,1,3,5,13,NULL,84,6539,32.696,Private
30043-5702,Lawrenceville,GA,Gwinnett Technical College,1,2,1,5,21,NULL,6854,2522,28.53257843,Public
31210,Macon,GA,Helms Career Institute,1,1,2,5,12,NULL,103,13929,31.14864865,Private
31206-5309,Macon,GA,Helms College,NULL,1,2,5,12,NULL,116,9635,29.94488189,Private
30341,Chamblee,GA,Interactive College of Technology-Chamblee,1,2,3,5,21,NULL,344,37194,34.97512094,Private
30314-4143,Atlanta,GA,Interdenominational Theological Center,3,4,2,5,11,NULL,NULL,18882,NULL,Private
30342,Atlanta,GA,International School of Skin Nailcare & Massage Therapy,1,1,3,5,13,NULL,293,13375,31.24380952,Private
30144-5591,Kennesaw,GA,Kennesaw State University,3,4,1,5,21,0.5345,23058,6034,22.97712271,Public
30043,Lawrenceville,GA,Keune Academy by 124,1,1,3,5,21,NULL,90,9590,23.66165414,Private
30240-2999,Lagrange,GA,LaGrange College,3,4,2,5,32,0.5525,874,14307,21.67973856,Private
30501-4546,Gainesville,GA,Lake Lanier School of Massage,1,1,3,5,13,NULL,109,1069,29.29924242,Private
30566,Oakwood,GA,Lanier Technical College,1,2,1,5,22,NULL,3382,2550,27.51966041,Public
30060,Marietta,GA,Life University,3,4,2,5,13,0.571,774,19362,25.6576,Private
30038-9869,Lithonia,GA,Luther Rice University & Seminary,3,4,2,5,21,0.4878,490,6280,38.04,Private
30339,Atlanta,GA,MedTech Institute-Atlanta Campus,1,2,3,5,21,NULL,320,13079,30.17413793,Private
31207,Macon,GA,Mercer University,3,4,2,5,12,0.6672,4418,16330,26.8292011,Private
31206,Macon,GA,Middle Georgia State University,3,3,1,5,12,0.6038,7487,2911,25.34079226,Public
30314,Atlanta,GA,Morehouse College,3,3,2,5,11,0.8403,2106,14394,19.78985507,Private
30310-1495,Atlanta,GA,Morehouse School of Medicine,3,4,2,5,11,NULL,NULL,28496,NULL,Private
31788,Moultrie,GA,Moultrie Technical College,1,2,1,5,41,NULL,1307,1850,27.26666667,Public
30071,Norcross,GA,New Horizons Medical Institute,NULL,1,3,5,21,NULL,358,6417,30.05230769,Private
30523,Clarkesville,GA,North Georgia Technical College,1,2,1,5,41,NULL,2497,2147,25.68555667,Public
31082,Sandersville,GA,Oconee Fall Line Technical College,1,2,1,5,41,NULL,1358,1423,28.22139673,Public
30458,Statesboro,GA,Ogeechee Technical College,1,2,1,5,32,NULL,2217,1812,26.49700273,Public
30319-2797,Atlanta,GA,Oglethorpe University,3,4,2,5,21,0.7823,1064,12338,21.86796117,Private
30349,Atlanta,GA,Omnitech Institute,1,1,3,5,21,NULL,102,9596,31.81643836,Private
30901-3182,Augusta,GA,Paine College,3,3,2,5,12,0.2181,841,14030,20.94586895,Private
30318,Atlanta,GA,Paul Mitchell the School-Atlanta,1,1,3,5,11,NULL,305,9727,24.3011236,Private
30076,Roswell,GA,Paul Mitchell the School-Esani,1,1,3,5,13,NULL,208,9620,26.05319149,Private
30535-0010,Demorest,GA,Piedmont College,3,4,2,5,32,0.5755,1286,9122,24.45260347,Private
31833,West Point,GA,Point University,3,3,2,5,32,0.5189,1399,9337,26.00797267,Private
30309,Atlanta,GA,Portfolio Center,1,1,3,5,11,0.3333,81,14911,27.85057471,Private
30083-3254,Stone Mountain,GA,Pro Way Hair School,1,1,3,5,21,NULL,141,4355,28.32666667,Private
30315,Atlanta,GA,Profile Institute of Barber-Styling,1,1,3,5,11,NULL,71,5568,31.51,Private
30183-2981,Waleska,GA,Reinhardt University,3,4,2,5,41,0.9002,1317,10884,23.91544532,Private
31904,Columbus,GA,Rivertown School of Beauty Barber Skin Care and Nails,1,1,3,5,12,NULL,203,5953,28.4795082,Private
30303-1736,Atlanta,GA,SAE Institute of Technology-Atlanta,1,2,3,5,11,NULL,374,20222,25.92511701,Private
30328,Atlanta,GA,Sanford-Brown College-Atlanta,1,2,3,5,13,NULL,428,7045,27.16793518,Private
31402-3146,Savannah,GA,Savannah College of Art and Design,3,4,2,5,12,0.6655,8846,25740,21.09155613,Private
31404-5310,Savannah,GA,Savannah State University,3,4,1,5,12,0.7763,4659,2800,20.30398724,Public
31405-5594,Savannah,GA,Savannah Technical College,1,2,1,5,12,NULL,4223,1581,26.90724864,Public
30165,Rome,GA,Shorter University,3,4,2,5,13,0.6922,1449,8944,27.76584022,Private
31533,Douglas,GA,South Georgia State College,2,3,1,5,33,NULL,2371,1329,22.3954276,Public
31709,Americus,GA,South Georgia Technical College,1,2,1,5,41,NULL,1472,2084,25,Public
31406,Savannah,GA,South University-Savannah,3,4,3,5,12,NULL,764,13619,30.26096896,Private
31406,Savannah,GA,South UniversityÂSavannah Online,3,4,3,5,12,NULL,8808,7677,30.26096896,Private
30474,Vidalia,GA,Southeastern Technical College,1,2,1,5,33,NULL,1349,2101,25.81135371,Public
30223-2042,Griffin,GA,Southern Crescent Technical College,1,2,1,5,21,NULL,4558,1261,27.69039146,Public
30060-2896,Marietta,GA,Southern Polytechnic State University,3,4,1,5,13,0.7906,5890,6216,23.86953214,Public
31792-9960,Thomasville,GA,Southwest Georgia Technical College,1,2,1,5,32,NULL,1151,1999,26.95319149,Public
30314-4399,Atlanta,GA,Spelman College,3,3,2,5,11,0.54,2135,13712,19.5666004,Private
30328-1635,Atlanta,GA,The Art Institute of Atlanta,3,3,3,5,13,NULL,2584,12641,23.91150038,Private
30324,Atlanta,GA,The Creative Circus,1,1,3,5,11,NULL,126,20450,26.0964467,Private
31792,Thomasville,GA,Thomas University,3,4,2,5,32,0.6027,800,10172,29.97079038,Private
30598,Toccoa Falls,GA,Toccoa Falls College,3,3,2,5,41,0.3705,807,10336,22.15744681,Private
30062,Marietta,GA,Toni & Guy Hairdressing Academy-Atlanta,1,1,3,5,13,NULL,63,7693,25.10483871,Private
30528,Cleveland,GA,Truett-McConnell College,3,3,2,5,41,0.9633,729,8064,21.53663793,Private
30344-6977,East Point,GA,United Medical and Business Institute,1,1,3,5,21,NULL,36,1667,30.11162791,Private
30602,Athens,GA,University of Georgia,3,4,1,5,12,0.5572,26738,10408,20.46409832,Public
30597,Dahlonega,GA,University of North Georgia,3,4,1,5,31,0.6948,14976,4323,23.27523573,Public
30118-0001,Carrollton,GA,University of West Georgia,3,4,1,5,31,0.4861,9982,5366,21.69176783,Public
31698,Valdosta,GA,Valdosta State University,3,4,1,5,13,0.5414,9235,5474,22.21455939,Public
30141-2226,Hiram,GA,Vogue Beauty and Barber School,1,1,3,5,21,NULL,134,5391,28.4,Private
31210-4462,Macon,GA,Wesleyan College,3,4,2,5,12,NULL,553,10081,22.10548523,Private
30182,Waco,GA,West Georgia Technical College,1,2,1,5,41,NULL,5918,1923,26.56142457,Public
31602-0929,Valdosta,GA,Wiregrass Georgia Technical College,1,2,1,5,23,NULL,2842,2370,27.44668792,Public
30084,Tucker,GA,Woodruff Medical Training and Testing,1,1,3,5,21,NULL,127,1017,29.64649682,Private
30582,Young Harris,GA,Young Harris College,3,3,2,5,43,0.5029,1180,9769,19.78676471,Private
96913,Mangilao,GU,Guam Community College,2,2,1,9,33,NULL,2010,1851,23.09566327,Public
96913,Mangilao,GU,Pacific Islands University,3,3,2,9,33,0.625,65,2483,22.76190476,Private
96923,Mangilao,GU,University of Guam,3,4,1,9,33,NULL,3607,3538,21.84976526,Public
96762-1294,Laie,HI,Brigham Young University-Hawaii,3,3,2,8,31,0.3486,2522,3088,21.60511364,Private
96816-1578,Honolulu,HI,Chaminade University of Honolulu,3,4,2,8,11,0.8562,2017,14296,24.42402184,Private
96720-4091,Hilo,HI,Hawaii Community College,2,2,1,8,33,NULL,2633,1873,25.95555556,Public
96817-5195,Honolulu,HI,Hawaii Institute of Hair Design,1,1,3,8,11,NULL,81,7803,27.66153846,Private
96814-3518,Honolulu,HI,Hawaii Medical College,1,1,3,8,11,NULL,3,21648,25.63089431,Private
96813,Honolulu,HI,Hawaii Pacific University,3,4,2,8,11,0.6183,4741,15303,23.45952024,Private
96817-4505,Honolulu,HI,Honolulu Community College,2,2,1,8,11,NULL,3261,2512,25.23356733,Public
96817,Honolulu,HI,Institute of Clinical Acupuncture & Oriental Med,3,4,3,8,11,NULL,NULL,12137,NULL,Private
96816-4421,Honolulu,HI,Kapiolani Community College,2,2,1,8,11,NULL,5764,3746,24.29217759,Public
96766-9500,Lihue,HI,Kauai Community College,2,2,1,8,41,NULL,1212,2162,25.34154351,Public
96782-3366,Pearl City,HI,Leeward Community College,2,2,1,8,21,NULL,5789,2827,24.8985894,Public
96740-2650,Kailua Kona,HI,Mauna Loa Helicopters,1,1,3,8,41,NULL,8,248996,PrivacySuppressed,Private
96813,Honolulu,HI,Med-Assist School of Hawaii Inc,1,1,3,8,11,0.9024,92,3322,25.38181818,Private
96816-2433,Honolulu,HI,Paul Mitchell the School-Honolulu,1,1,3,8,11,NULL,146,8336,23.88172043,Private
96814,Honolulu,HI,Travel Institute of the Pacific,1,1,3,8,11,NULL,153,3653,33.00581395,Private
96720-4091,Hilo,HI,University of Hawaii at Hilo,3,4,1,8,33,0.7134,3295,7031,24.30329397,Public
96822-2217,Honolulu,HI,University of Hawaii at Manoa,3,4,1,8,11,0.7882,13667,9558,22.75342173,Public
96732-1617,Kahului,HI,University of Hawaii Maui College,2,3,1,8,13,NULL,3302,2180,27.54325469,Public
96707-4507,Kapolei,HI,University of Hawaii-West Oahu,3,3,1,8,21,0.709,2424,4902,27.21938776,Public
96744-3528,Kaneohe,HI,Windward Community College,2,2,1,8,22,NULL,1782,2017,25.95715588,Public
96821,Honolulu,HI,World Medicine Institute,NULL,4,2,8,21,NULL,NULL,12992,NULL,Private
50321-1799,Des Moines,IA,AIB College of Business,3,3,2,4,12,0.5922,1012,8658,23.72330097,Private
50703-1999,Waterloo,IA,Allen College,3,4,2,4,13,0,379,17166,25.09342561,Private
52402,Cedar Rapids,IA,American College of Hairstyling-Cedar Rapids,1,1,3,4,12,NULL,8,6879,PrivacySuppressed,Private
50309,Des Moines,IA,American College of Hairstyling-Des Moines,1,1,3,4,12,NULL,20,8952,29.71428571,Private
52641,Mt. Pleasant,IA,American Hair Academy,1,1,3,4,33,NULL,27,1090,22.65714286,Private
50266,West Des Moines,IA,Aveda Institute-Des Moines,1,1,3,4,13,NULL,199,9549,22.99563319,Private
51104,Sioux City,IA,Briar Cliff University,3,4,2,4,13,0.6169,964,12414,24.36294028,Private
50588,Storm Lake,IA,Buena Vista University,3,4,2,4,33,0.6789,1892,10990,27.06433121,Private
52404,Cedar Rapids,IA,Capri College-Cedar Rapids,1,1,3,4,12,NULL,181,5962,23.83636364,Private
52807-3003,Davenport,IA,Capri College-Davenport,1,1,3,4,13,NULL,154,6573,23.77876106,Private
52004-0873,Dubuque,IA,Capri College-Dubuque,1,1,3,4,13,NULL,189,6173,23.62660944,Private
52205,Anamosa,IA,Carlson College of Massage Therapy,1,1,3,4,42,NULL,33,8687,27.62711864,Private
50219,Pella,IA,Central College,3,3,2,4,32,0.689,1333,15272,19.60030864,Private
52001-3198,Dubuque,IA,Clarke University,3,4,2,4,13,0.7049,933,16331,21.96840149,Private
52402-5092,Cedar Rapids,IA,Coe College,3,4,2,4,12,0.553,1363,12992,19.98171589,Private
50703-4734,Waterloo,IA,College of Hair Design,1,1,3,4,13,NULL,40,6303,27.47222222,Private
52314-1098,Mount Vernon,IA,Cornell College,3,3,2,4,31,0.7363,1082,14872,19.7862069,Private
50023-3993,Ankeny,IA,Des Moines Area Community College,2,2,1,4,21,NULL,14356,2011,24.88435159,Public
50312,Des Moines,IA,Des Moines University-Osteopathic Medical Center,3,4,2,4,12,NULL,NULL,31326,PrivacySuppressed,Private
52045,Epworth,IA,Divine Word College,3,3,2,4,42,0.9091,86,4093,22.52631579,Private
51250-1697,Sioux Center,IA,Dordt College,3,4,2,4,33,0.7299,1343,13877,19.64033613,Private
50311-4505,Des Moines,IA,Drake University,3,4,2,4,12,0.6926,3290,19025,20.42030201,Private
51503,Council Bluffs,IA,E Q School of Hair Design,1,1,3,4,13,NULL,57,7240,22.4520548,Private
52801-1221,Davenport,IA,Eastern Iowa Community College District,2,2,1,4,13,NULL,4062,2310,25.78029034,Public
50126,Iowa Falls,IA,Ellsworth Community College,2,2,1,4,32,NULL,769,3248,21.35459184,Public
52001-3096,Dubuque,IA,Emmaus Bible College,1,3,2,4,13,0.3976,216,10032,20.71311475,Private
50023-2152,Ankeny,IA,Faith Baptist Bible College and Theological Seminary,3,4,2,4,21,0.6733,232,10253,20.25806452,Private
50588,Storm Lake,IA,Faust Institute of Cosmetology-Storm Lake,1,1,3,4,33,NULL,22,7551,24.33333333,Private
50140,Lamoni,IA,Graceland University-Lamoni,3,4,2,4,43,0.4984,1415,10847,23.38397503,Private
50316,Des Moines,IA,Grand View University,3,4,2,4,12,0.987,1977,13313,23.52124892,Private
50112-1690,Grinnell,IA,Grinnell College,3,3,2,4,33,0.2801,1670,15725,19.41266376,Private
52807,Davenport,IA,Hamilton Technical College,1,3,3,4,13,NULL,153,6271,26.96296296,Private
50701,Waterloo,IA,Hawkeye Community College,2,2,1,4,13,NULL,3903,2520,24.25735051,Public
52501,Ottumwa,IA,Indian Hills Community College,2,2,1,4,33,NULL,2845,3665,25.45707997,Public
50501,Fort Dodge,IA,Iowa Central Community College,2,2,1,4,33,NULL,3551,3865,25.27685848,Public
51334-2295,Estherville,IA,Iowa Lakes Community College,2,2,1,4,33,NULL,1465,2544,22.76214834,Public
50322-3203,Des Moines,IA,Iowa School of Beauty-Des Moines,1,1,3,4,21,NULL,132,6715,26.35426009,Private
50158,Marshalltown,IA,Iowa School of Beauty-Marshalltown,1,1,3,4,32,NULL,25,5839,25.71052632,Private
52501,Ottumwa,IA,Iowa School of Beauty-Ottumwa,1,1,3,4,33,NULL,46,6165,21.48571429,Private
51106,Sioux City,IA,Iowa School of Beauty-Sioux City,1,1,3,4,13,NULL,38,6649,24.86538462,Private
50011-2030,Ames,IA,Iowa State University,3,4,1,4,13,0.8691,28336,9647,20.60003946,Public
52641,Mount Pleasant,IA,Iowa Wesleyan University,3,3,2,4,33,0.4107,473,13363,23.85230769,Private
51503-1057,Council Bluffs,IA,Iowa Western Community College,2,2,1,4,13,NULL,4823,2924,23.40199336,Public
52807-2095,Davenport,IA,Kaplan University-Davenport Campus,3,4,3,4,13,NULL,40335,8545,32.01281292,Private
52406-2068,Cedar Rapids,IA,Kirkwood Community College,2,2,1,4,12,NULL,9733,2289,24.47592807,Public
50401-3308,Mason City,IA,La James College of Hairstyling and Cosmetology,1,1,3,4,33,NULL,100,7784,23.16239316,Private
50613,Cedar Falls,IA,La James International College-Cedar Falls,1,1,3,4,13,NULL,61,11630,24.97435897,Private
52806,Davenport,IA,La James International College-Davenport,1,1,3,4,13,NULL,43,8583,27.6097561,Private
50501,Fort Dodge,IA,La James International College-Ft Dodge,1,1,3,4,33,NULL,61,8415,24.94897959,Private
52245,Iowa City,IA,La James International College-Iowa City,1,1,3,4,13,NULL,54,7205,25.43055556,Private
50131,Johnston,IA,La James International College-Johnston,1,1,3,4,21,NULL,89,7615,24.59701493,Private
52004-0178,Dubuque,IA,Loras College,3,4,2,4,13,0.9513,1468,12369,19.86337209,Private
52101-1045,Decorah,IA,Luther College,3,3,2,4,33,0.7116,2326,18373,19.56989247,Private
52557,Fairfield,IA,Maharishi University of Management,3,4,2,4,33,0.381,392,10300,27.89189189,Private
50158,Marshalltown,IA,Marshalltown Community College,2,2,1,4,41,NULL,1187,3378,23.87865169,Public
50309-1239,Des Moines,IA,Mercy College of Health Sciences,2,3,2,4,12,0.9667,772,16176,26.7936803,Private
52402,Cedar Rapids,IA,Mercy-St Luke's School of Radiologic Technology,1,1,2,4,12,NULL,23,2514,26.57142857,Private
51106-1751,Sioux City,IA,Morningside College,3,4,2,4,13,0.5682,1293,10192,20.87340154,Private
52402-4797,Cedar Rapids,IA,Mount Mercy University,3,4,2,4,12,0.5683,1417,16210,25.93427835,Private
50401,Mason City,IA,North Iowa Area Community College,2,2,1,4,33,NULL,1930,3898,23.43065693,Public
52132-0400,Calmar,IA,Northeast Iowa Community College,2,2,1,4,42,NULL,2677,2958,24.02183406,Public
51201,Sheldon,IA,Northwest Iowa Community College,2,2,1,4,41,NULL,739,3606,23.459375,Public
51041,Orange City,IA,Northwestern College,3,3,2,4,32,0.7783,1113,11801,20.96691177,Private
52803-5287,Davenport,IA,Palmer College of Chiropractic,3,4,2,4,13,1,34,33907,25.60655738,Private
50010,Ames,IA,PCI Academy-Ames,1,1,3,4,13,NULL,116,6571,24.26428571,Private
52803-2898,Davenport,IA,Saint Ambrose University,3,4,2,4,13,0.9607,2675,15626,22.01412873,Private
50125,Indianola,IA,Simpson College,3,4,2,4,31,0.8545,1644,12406,21.72075472,Private
52655-0180,West Burlington,IA,Southeastern Community College,2,2,1,4,33,NULL,1786,2945,24.43860894,Public
50801,Creston,IA,Southwestern Community College,2,2,1,4,33,NULL,924,2598,23.41629464,Public
51104-0263,Sioux City,IA,St Luke's College,2,2,2,4,13,0.24,254,12971,25.84033613,Private
52240-6083,Iowa City,IA,The Salon Professional Academy-Iowa City,1,1,3,4,13,NULL,47,3488,22.57142857,Private
52136,Cresco,IA,Total Look School of Cosmetology & Massage Therapy,1,1,3,4,41,NULL,9,5329,26.66666667,Private
50309-1453,Des Moines,IA,UnityPoint Health-Des Moines School of Radiologic Technology,1,1,2,4,12,NULL,16,4581,27.78571429,Private
52001,Dubuque,IA,University of Dubuque,3,4,2,4,13,0.7788,1764,17590,22.06740614,Private
52242-1316,Iowa City,IA,University of Iowa,3,4,1,4,13,0.8095,21486,13687,21.34814815,Public
50614-0005,Cedar Falls,IA,University of Northern Iowa,3,4,1,4,13,0.7772,9882,5924,21.10080744,Public
52142-1857,Fayette,IA,Upper Iowa University,3,4,2,4,43,0.6994,4304,7458,30.08913649,Private
50321,Des Moines,IA,Vatterott College-Des Moines,1,2,3,4,12,NULL,194,10348,29.52009456,Private
50436-1713,Forest City,IA,Waldorf College,3,3,3,4,33,0.6885,1356,6955,29.56193354,Private
50677-0903,Waverly,IA,Wartburg College,3,3,2,4,32,0.7883,1614,15348,19.66759777,Private
52003-7769,Dubuque,IA,Wartburg Theological Seminary,3,4,2,4,13,NULL,NULL,7019,PrivacySuppressed,Private
51102-5199,Sioux City,IA,Western Iowa Tech Community College,1,2,1,4,13,NULL,3450,1996,24.72976879,Public
52577,Oskaloosa,IA,William Penn University,3,4,2,4,33,0.5959,1531,9228,24.1027668,Private
83338-2329,Jerome,ID,Academy di Firenze,1,1,3,7,33,NULL,12,3535,28.9,Private
83404-5540,Idaho Falls,ID,Austin Kade Academy,1,1,3,7,13,NULL,193,4452,25.52258065,Private
83704-4406,Boise,ID,Aveda Institute-Boise,1,1,3,7,12,NULL,58,4070,25.31034483,Private
83301,Twin Falls,ID,Aveda Institute-Twin Falls,1,1,3,7,33,NULL,67,4764,25.79381443,Private
83704-5919,Boise,ID,Boise Barber College,1,1,3,7,12,NULL,42,4765,28.49473684,Private
83714-1220,Boise,ID,Boise Bible College,3,3,2,7,21,0.9275,172,11209,22.37755102,Private
83725,Boise,ID,Boise State University,3,4,1,7,12,0.77,16206,6727,24.03575606,Public
83460-1690,Rexburg,ID,Brigham Young University-Idaho,3,3,2,7,32,0.9962,23865,2424,23.2769714,Private
83704-8742,Boise,ID,Carrington College-Boise,2,2,3,7,12,0.5,494,15860,27.31254192,Private
83221-1758,Blackfoot,ID,College of Massage Therapy,1,1,1,7,32,0.7097,35,5601,28.93023256,Public
83301,Twin Falls,ID,College of Southern Idaho,2,2,1,7,33,NULL,4621,1903,24.66754221,Public
83687,Nampa,ID,College of Western Idaho,2,2,1,7,41,NULL,7363,2715,27.25166192,Public
83318,Burley,ID,Cosmetology School of Arts and Science LLC,1,1,3,7,33,NULL,32,3993,27.125,Private
83301,Twin Falls,ID,D & L Academy of Hair Design,1,1,3,7,33,NULL,24,2378,25.6,Private
83404-5788,Idaho Falls,ID,Eastern Idaho Technical College,1,2,1,7,13,NULL,538,1470,27.88366337,Public
83440,Rexburg,ID,Evans Hairstyling College-Rexburg,1,1,3,7,32,NULL,61,10492,21.70967742,Private
83501,Lewiston,ID,Headmasters School of Hair Design,1,1,3,7,13,NULL,38,9119,26.10714286,Private
83209,Pocatello,ID,Idaho State University,3,4,1,7,13,NULL,9370,7624,23.95960929,Public
83501-2698,Lewiston,ID,Lewis-Clark State College,3,3,1,7,13,0.9904,3168,5085,25.34139151,Public
83301-4118,Twin Falls,ID,Master Educators Beauty School,1,1,3,7,33,NULL,30,2510,23.40540541,Private
83843,Moscow,ID,Mr Leon's School of Hair Design-Moscow,1,1,3,7,32,NULL,16,7521,27.47826087,Private
83814-2199,Coeur d'Alene,ID,North Idaho College,2,2,1,7,13,NULL,4749,2028,26.12373159,Public
83686-5897,Nampa,ID,Northwest Nazarene University,3,4,2,7,22,0.6507,1300,11663,24.05898876,Private
83714,Boise,ID,Oliver Finley Academy of Cosmetology,1,1,3,7,21,NULL,210,5473,24.99335548,Private
83709,Boise,ID,Paul Mitchell the School-Boise,1,1,3,7,12,NULL,142,8777,24.08585859,Private
83440,Rexburg,ID,Paul Mitchell the School-Rexburg,1,1,3,7,32,NULL,108,8096,23.24264706,Private
83686-5104,Nampa,ID,Razzle Dazzle College of Hair Design Inc,1,1,3,7,22,NULL,100,4919,27.048,Private
83815,Coeur D'Alene,ID,The Beauty Institute Schwarzkopf Professional - Coeur D'Alene,1,1,3,7,13,NULL,92,7017,24.24482759,Private
83605-4432,Caldwell,ID,The College of Idaho,3,4,2,7,22,0.929,1113,10436,20.38623327,Private
83202,Chubbuck,ID,The School of Hairstyling,1,1,3,7,23,NULL,34,4473,27.11363636,Private
83844-2282,Moscow,ID,University of Idaho,3,4,1,7,41,0.6748,8162,8109,21.94968554,Public
83687-5020,Nampa,ID,Velvet Touch Academy of Cosmetology,1,1,3,7,41,NULL,41,2839,27.53763441,Private
60602,Chicago,IL,Adler University,3,4,2,3,11,NULL,NULL,31502,NULL,Private
62025,Edwardsville,IL,Alvareitas College of Cosmetology-Edwardsville,1,1,3,3,21,NULL,47,2588,28,Private
62035-4150,Godfrey,IL,Alvareitas College of Cosmetology-Godfrey,1,1,3,3,23,NULL,50,4366,26.42,Private
60192,Hoffman Estates,IL,Ambria College of Nursing,1,2,3,3,13,NULL,397,19684,32.19337017,Private
60604-4302,Chicago,IL,American Academy of Art,3,3,3,3,11,NULL,365,25450,19.91176471,Private
60173,Schaumburg,IL,American InterContinental University-Online,3,4,3,3,13,NULL,10542,14577,33.5361916,Private
61201-2296,Rock Island,IL,Augustana College,3,3,2,3,13,0.5361,2469,17802,19.59481961,Private
60506-4892,Aurora,IL,Aurora University,3,4,2,3,21,0.811,3199,11230,23.3245065,Private
60657,Chicago,IL,Aveda Institute-Chicago,1,1,3,3,11,NULL,169,9695,25.10069444,Private
60804,Cicero,IL,Bell Mar Beauty College,1,1,3,3,21,NULL,76,4161,26.63333333,Private
60532-0900,Lisle,IL,Benedictine University,3,4,2,3,21,0.7717,3750,11503,23.63418147,Private
60631,Chicago,IL,Bexley Hall Seabury Western Theological Seminary Federation  Inc.,NULL,4,2,3,11,NULL,NULL,6920,NULL,Private
60659,Chicago,IL,BIR Training Center,1,1,3,3,11,NULL,2132,10307,30.2420307,Private
61265-5899,Moline,IL,Black Hawk College,2,2,1,3,13,NULL,4250,1560,24.43537152,Public
62626,Carlinville,IL,Blackburn College,3,3,2,3,32,0.651,578,12758,20.624,Private
62305-7005,Quincy,IL,Blessing Rieman College of Nursing,3,4,2,3,33,NULL,234,11089,26.13709677,Private
61625-0001,Peoria,IL,Bradley University,3,4,2,3,12,0.643,4585,19329,20.16262567,Private
60615-3510,Chicago,IL,Cain's Barber College Inc,1,1,3,3,11,NULL,90,2282,31.59047619,Private
62002,Alton,IL,CALC Institute of Technology,1,1,3,3,23,NULL,174,10179,28.50442478,Private
60453,Oak Lawn,IL,Cameo Beauty Academy,1,1,3,3,21,NULL,109,9006,25.1025641,Private
60406-2130,Blue Island,IL,Cannella School of Hair Design-Blue Island,1,1,3,3,21,NULL,54,8301,26.56944444,Private
60617-4303,Chicago,IL,Cannella School of Hair Design-Chicago,1,1,3,3,11,NULL,95,7470,26.176,Private
60632-2549,Chicago,IL,Cannella School of Hair Design-Chicago,1,1,3,3,11,NULL,129,6918,29,Private
60639-4828,Chicago,IL,Cannella School of Hair Design-Chicago,1,1,3,3,11,NULL,50,8137,29.72340426,Private
60120,Elgin,IL,Cannella School of Hair Design-Elgin,1,1,3,3,12,NULL,48,8476,32.51515152,Private
60181,Villa Park,IL,Cannella School of Hair Design-Villa Park,1,1,3,3,21,NULL,74,6352,31.23404255,Private
62712-3803,Springfield,IL,Capital Area School of Practical Nursing,1,1,1,3,12,NULL,139,3506,29.63636364,Public
60452,Oak Forest,IL,Capri Beauty College,1,1,3,3,21,NULL,92,11878,23.30939227,Private
62278,Red Bud,IL,Career Center of Southern Illinois,1,1,1,3,42,0.5556,82,5226,28.9261745,Public
61401,Galesburg,IL,Carl Sandburg College,2,2,1,3,41,NULL,1591,2480,24.49775785,Public
60615-5698,Chicago,IL,Catholic Theological Union at Chicago,3,4,2,3,11,NULL,NULL,14973,NULL,Private
60101,Addison,IL,Chamberlain College of Nursing-Illinois,3,4,3,3,21,0.6,13271,16748,33.56443095,Private
60077,Skokie,IL,Chicago ORT Technical Institute,1,2,2,3,13,NULL,433,2802,34.51704546,Private
60628-1598,Chicago,IL,Chicago State University,3,4,1,3,11,0.2996,3874,5468,28.20272109,Public
60637,Chicago,IL,Chicago Theological Seminary,NULL,4,2,3,11,NULL,NULL,13109,NULL,Private
60056-2522,Mount Prospect,IL,Christian Life College,3,3,2,3,21,NULL,38,8535,PrivacySuppressed,Private
60601-2449,Chicago,IL,City Colleges of Chicago-Harold Washington College,1,2,1,3,11,NULL,8513,1349,23.39712578,Public
60640-6063,Chicago,IL,City Colleges of Chicago-Harry S Truman College,2,2,1,3,11,NULL,5523,843,26.13048433,Public
60621-2709,Chicago,IL,City Colleges of Chicago-Kennedy-King College,1,2,1,3,11,NULL,3836,1383,28.02893082,Public
60612-3197,Chicago,IL,City Colleges of Chicago-Malcolm X College,1,2,1,3,11,NULL,4898,627,25.66946721,Public
60628-1696,Chicago,IL,City Colleges of Chicago-Olive-Harvey College,1,2,1,3,11,NULL,2992,657,25.84134988,Public
60652-1299,Chicago,IL,City Colleges of Chicago-Richard J Daley College,1,2,1,3,11,NULL,4271,570,23.76754386,Public
60634-1500,Chicago,IL,City Colleges of Chicago-Wilbur Wright College,2,2,1,3,11,NULL,9067,1221,23.99458551,Public
60137-6599,Glen Ellyn,IL,College of DuPage,2,2,1,3,21,NULL,20964,3424,24.03746053,Public
60030-1198,Grayslake,IL,College of Lake County,1,2,1,3,21,NULL,11061,2368,24.43853306,Public
60605-1996,Chicago,IL,Columbia College-Chicago,3,4,2,3,11,0.8853,8929,19883,21.00070605,Private
60077,Skokie,IL,Computer Systems Institute,1,1,3,3,13,NULL,2608,13647,28.86183605,Private
60305-1499,River Forest,IL,Concordia University-Chicago,3,4,2,3,21,0.5385,1491,13719,22.86503068,Private
60602,Chicago,IL,Cortiva Institute-Chicago,1,1,3,3,11,NULL,139,13471,28.04595186,Private
60014,Crystal Lake,IL,Cosmetology & Spa Academy,1,1,3,3,21,NULL,177,11382,26.35433071,Private
60607-1300,Chicago,IL,Coyne College,1,2,3,3,11,NULL,611,8314,27.65663322,Private
62298-1609,Waterloo,IL,Creative Touch Cosmetology School,NULL,1,3,3,31,NULL,7,18142,26.68181818,Private
60707-1118,Elmwood Park,IL,Curve Metric School of Hair Design,1,1,3,3,21,NULL,47,4822,29.43902439,Private
61832-5118,Danville,IL,Danville Area Community College,1,2,1,3,13,NULL,2212,1728,24.89922481,Public
60115-3301,Dekalb,IL,Debutantes School of Cosmetology and Nail Technology,NULL,1,3,3,23,NULL,48,7748,23.86486487,Private
60604,Chicago,IL,DePaul University,3,4,2,3,11,0.6988,15858,22044,22.42935895,Private
60618,Chicago,IL,DeVry University-Illinois,3,4,3,3,11,0.7225,18055,14281,30.39368286,Private
60305,River Forest,IL,Dominican University,3,4,2,3,21,0.6067,2149,15213,21.69834088,Private
61920,Charleston,IL,Eastern Illinois University,3,4,1,3,32,0.4976,7525,7193,21.78851497,Public
60605,Chicago,IL,East-West University,3,3,2,3,11,NULL,555,6677,24.93867925,Private
61301,La Salle,IL,Educators of Beauty College of Cosmetology-La Salle,1,1,3,3,32,NULL,39,12373,23.74193548,Private
61081-3611,Sterling,IL,Educators of Beauty College of Cosmetology-Sterling,1,1,3,3,32,NULL,43,10331,24.28723404,Private
60123-7193,Elgin,IL,Elgin Community College,1,2,1,3,12,NULL,8354,2273,24.38835517,Public
60126-3096,Elmhurst,IL,Elmhurst College,3,4,2,3,21,0.6771,2773,14872,21.7254447,Private
60654-4510,Chicago,IL,Erikson Institute,3,4,2,3,11,NULL,NULL,18235,NULL,Private
60077-9945,Skokie,IL,Estelle Skin Care and Spa Institute,1,1,3,3,13,NULL,86,9515,34.875,Private
60527,Willowbrook,IL,ETI School of Skilled Trades,1,1,3,3,21,NULL,294,5878,29.53323029,Private
61530,Eureka,IL,Eureka College,3,3,2,3,31,0.6448,652,13716,21.02645503,Private
60077,Skokie,IL,European Massage Therapy School-Skokie,1,1,3,3,13,NULL,64,7617,35.71428571,Private
60077-1074,Skokie,IL,Everest College-Skokie,1,1,3,3,13,NULL,279,10370,26.27015251,Private
60014,Crystal Lake,IL,First Institute Inc,1,1,3,3,21,NULL,286,9586,26.51053864,Private
60638,Bedford Park,IL,Fox College,2,2,3,3,21,0.6667,354,20131,24.62027491,Private
62837,Fairfield,IL,Frontier Community College,1,2,1,3,33,NULL,293,910,26.19282511,Public
60523,Oakbrook,IL,G Skin & Beauty Institute,1,1,3,3,21,NULL,292,10993,27.88539326,Private
60201-3298,Evanston,IL,Garrett-Evangelical Theological Seminary,3,4,2,3,13,NULL,NULL,6784,PrivacySuppressed,Private
62301,Quincy,IL,Gem City College,1,1,3,3,33,NULL,51,7616,25.94444444,Private
60484,University Park,IL,Governors State University,3,4,1,3,41,0.9409,3557,7798,29.34018775,Public
61520-2497,Canton,IL,Graham Hospital School of Nursing,1,1,2,3,32,1,82,13070,28.75862069,Private
62246,Greenville,IL,Greenville College,3,4,2,3,32,0.5568,1055,11475,21.712627,Private
60118,West Dundee,IL,Hair Professionals Academy of Cosmetology,1,1,3,3,21,NULL,239,12590,29.49856734,Private
60178,Sycamore,IL,Hair Professionals Career College,1,1,3,3,23,NULL,80,5252,25.89333333,Private
60465,Palos Hills,IL,Hair Professionals Career College,1,1,3,3,21,NULL,95,6632,26.08737864,Private
60543,Oswego,IL,Hair Professionals School of Cosmetology,1,1,3,3,21,NULL,80,6582,25.19178082,Private
61701,Bloomington,IL,Hairmasters Institute of Cosmetology,1,1,3,3,13,NULL,106,4768,24.88,Private
60606,Chicago,IL,Harrington College of Design,3,4,3,3,11,NULL,298,22880,25.49681529,Private
61761-9446,Normal,IL,Heartland Community College,2,2,1,3,22,NULL,4326,3117,23.73701923,Public
60077,Skokie,IL,Hebrew Theological College,3,3,2,3,13,0.9284,404,4161,19.34988713,Private
61032-9341,Freeport,IL,Highland Community College,2,2,1,3,32,NULL,1456,2486,25.13397129,Public
61635-0001,East Peoria,IL,Illinois Central College,2,2,1,3,21,NULL,7934,3253,24.49557522,Public
62650-2299,Jacksonville,IL,Illinois College,3,4,2,3,32,0.5413,948,10823,19.74904215,Private
60616-3878,Chicago,IL,Illinois College of Optometry,3,4,2,3,11,NULL,NULL,36925,25.30384615,Private
60616,Chicago,IL,Illinois Institute of Technology,3,4,2,3,11,0.506,3046,19025,22.02316602,Private
60148,Lombard,IL,Illinois Media School,1,1,3,3,21,NULL,109,10117,27.49380165,Private
61790-1000,Normal,IL,Illinois State University,3,4,1,3,22,0.7388,18056,9747,20.68708972,Public
61348-9692,Oglesby,IL,Illinois Valley Community College,1,2,1,3,41,NULL,2769,1911,24.1809382,Public
61702-2900,Bloomington,IL,Illinois Wesleyan University,3,3,2,3,13,0.6043,1883,19599,19.48833819,Private
61520,Canton,IL,Innovations Design Academy,1,1,3,3,32,NULL,50,9092,24.57627119,Private
60605-1229,Chicago,IL,Institute for Clinical Social Work,NULL,4,2,3,11,NULL,NULL,28158,NULL,Private
60123,Elgin,IL,J Renee College,1,1,3,3,12,NULL,83,14862,29.71794872,Private
62918-2500,Carterville,IL,John A Logan College,2,2,1,3,23,NULL,3664,1572,23.72408458,Public
60452-2501,Oak Forest,IL,John Amico School of Hair Design,NULL,1,3,3,21,NULL,194,11522,26.74583333,Private
62305-8736,Quincy,IL,John Wood Community College,2,2,1,3,41,NULL,1577,3304,24.05187075,Public
60431-8938,Joliet,IL,Joliet Junior College,2,2,1,3,21,NULL,12606,2565,23.79876298,Public
60123-1498,Elgin,IL,Judson University,3,4,2,3,12,0.7312,1051,12053,25.88383046,Private
60901,Kankakee,IL,Kankakee Community College,2,2,1,3,13,NULL,2893,2219,25.41349481,Public
62801,Centralia,IL,Kaskaskia College,1,2,1,3,41,NULL,2654,1774,25.53656821,Public
60642,Chicago,IL,Kendall College,3,3,3,3,11,0.8351,1452,12262,28.09663409,Private
60150-9699,Malta,IL,Kishwaukee College,2,2,1,3,41,NULL,3293,2176,23.56413858,Public
60076,Skokie,IL,Knowledge Systems Institute,3,4,2,3,13,NULL,NULL,17641,NULL,Private
61401-9999,Galesburg,IL,Knox College,3,3,2,3,32,0.6824,1376,17731,19.70265487,Private
61244,East Moline,IL,La James International College-East Moline,1,1,3,3,21,NULL,17,12614,23.92307692,Private
60045-2399,Lake Forest,IL,Lake Forest College,3,4,2,3,21,0.552,1600,16234,19.92846498,Private
60045,Lake Forest,IL,Lake Forest Graduate School of Management,3,4,2,3,21,NULL,NULL,16839,NULL,Private
61938,Mattoon,IL,Lake Land College,1,2,1,3,32,NULL,3701,1467,24.22752111,Public
61832,Danville,IL,Lakeview College of Nursing,3,3,2,3,13,NULL,270,19471,26.09349594,Private
60628-2322,Chicago,IL,Larry's Barber College,1,1,3,3,11,NULL,142,3089,27.69047619,Private
60610,Chicago,IL,Le Cordon Bleu College of Culinary Arts-Chicago,1,2,3,3,11,NULL,1086,9857,29.13886901,Private
62035,Godfrey,IL,Lewis and Clark Community College,2,2,1,3,41,NULL,4404,3225,23.99711221,Public
60446-2200,Romeoville,IL,Lewis University,3,4,2,3,21,0.6191,4605,15308,22.64790698,Private
62656-2111,Lincoln,IL,Lincoln Christian University,3,4,2,3,32,0.4758,553,10643,25.73563218,Private
62656,Lincoln,IL,Lincoln College,2,3,2,3,32,0.5624,1184,8493,21.71747212,Private
62794-9256,Springfield,IL,Lincoln Land Community College,1,2,1,3,12,NULL,5573,3509,25.36803331,Public
62454,Robinson,IL,Lincoln Trail College,2,2,1,3,41,NULL,564,1263,24.60859189,Public
60660,Chicago,IL,Loyola University Chicago,3,4,2,3,11,0.6334,10042,22878,21.43954576,Private
60615-5134,Chicago,IL,Lutheran School of Theology at Chicago,NULL,4,2,3,11,NULL,NULL,5263,NULL,Private
60602-4405,Chicago,IL,MacCormac College,2,2,2,3,11,NULL,183,8428,29.6961326,Private
62650-2590,Jacksonville,IL,MacMurray College,3,3,2,3,32,0.7837,546,13288,21.99728261,Private
60615,Chicago,IL,McCormick Theological Seminary,3,4,2,3,11,NULL,NULL,5262,PrivacySuppressed,Private
60012-2761,Crystal Lake,IL,McHenry County College,2,2,1,3,41,NULL,4548,2454,24.24988579,Public
62254-1291,Lebanon,IL,McKendree University,3,4,2,3,21,0.6115,2452,10436,24.31154157,Private
60605,Chicago,IL,Meadville Lombard Theological School,3,4,2,3,11,NULL,NULL,9904,NULL,Private
61603,Peoria,IL,Methodist College,3,3,2,3,12,0.4386,595,19366,26.77158774,Private
61614-3595,Peoria,IL,Midstate College,2,3,3,3,12,0.88,510,15773,30.46721312,Private
62707,Springfield,IL,Midwest Technical Institute-Springfield,1,1,3,3,12,NULL,506,9650,27.77014982,Private
60606,Chicago,IL,Midwestern Career College,1,1,3,3,11,NULL,85,4340,32.20519481,Private
60515-5514,Downers Grove,IL,Midwestern University-Downers Grove,3,4,2,3,21,NULL,NULL,43479,NULL,Private
62522-2084,Decatur,IL,Millikin University,3,4,2,3,13,0.6273,2082,12366,21.46722846,Private
61462-1998,Monmouth,IL,Monmouth College,3,3,2,3,32,0.6906,1281,12603,19.86702849,Private
60610-3284,Chicago,IL,Moody Bible Institute,3,4,2,3,11,0.7207,3139,6569,25.4628821,Private
60465-0937,Palos Hills,IL,Moraine Valley Community College,2,2,1,3,21,NULL,11460,2716,23.47328911,Public
61270-2959,Morrison,IL,Morrison Institute of Technology,2,2,2,3,32,NULL,85,13964,20.45454546,Private
62896-2742,West Frankfort,IL,Morthland College,NULL,0,2,3,31,0.6667,63,9780,21.6969697,Private
60804-4398,Cicero,IL,Morton College,2,2,1,3,21,NULL,2747,1079,22.2726257,Public
62650,Jacksonville,IL,Mr John's School of Cosmetology & Nails-Jacksonville,1,1,3,3,32,NULL,35,7581,25,Private
62521,Decatur,IL,Mr John's School of Cosmetology Esthetics & Nails-Decatur,1,1,3,3,13,NULL,66,7753,25.34939759,Private
60609-2205,Chicago,IL,National Latino Education Institute,1,1,2,3,11,0.68,95,2952,26.71910112,Private
60603,Chicago,IL,National Louis University,3,4,2,3,11,0.9744,1307,14886,32.95488722,Private
60148-4583,Lombard,IL,National University of Health Sciences,3,4,2,3,21,NULL,67,17628,28.80909091,Private
60409,Calumet City,IL,Networks Barber College,NULL,1,3,3,21,NULL,21,5694,27.42857143,Private
60714,Niles,IL,Niles School of Cosmetology,1,1,3,3,21,NULL,53,3236,28.24528302,Private
60540,Naperville,IL,North Central College,3,4,2,3,12,0.5984,2685,17001,20.95091252,Private
60625-4895,Chicago,IL,North Park University,3,4,2,3,11,0.5461,2181,16597,22.42138365,Private
60625-4699,Chicago,IL,Northeastern Illinois University,3,4,1,3,11,0.5761,8284,6379,25.30119403,Public
60148-5698,Lombard,IL,Northern Baptist Theological Seminary,3,4,2,3,21,NULL,NULL,17108,NULL,Private
60115-2828,Dekalb,IL,Northern Illinois University,3,4,1,3,23,0.5089,15391,7274,21.78596397,Public
60201-1718,Evanston,IL,NorthShore University HealthSystem School of Nurse Anesthesia,NULL,0,2,3,13,NULL,NULL,11153,NULL,Private
60630,Chicago,IL,Northwestern College-Chicago Campus,2,2,3,3,11,0.9353,334,17415,29.32151118,Private
60208,Evanston,IL,Northwestern University,3,4,2,3,13,0.1311,8725,28395,20.16782811,Private
60016-1268,Des Plaines,IL,Oakton Community College,1,2,1,3,13,NULL,9932,2265,23.76271186,Public
61611,East Peoria,IL,Oehrlein School of Cosmetology,1,1,3,3,21,NULL,61,12354,23.08974359,Private
60914-2271,Bourbonnais,IL,Olivet Nazarene University,3,4,2,3,23,0.7449,3504,11572,22.50291159,Private
62450,Olney,IL,Olney Central College,2,2,1,3,33,NULL,833,812,24.63278689,Public
61821-1899,Champaign,IL,Parkland College,2,2,1,3,13,NULL,7232,2452,23.94387755,Public
60914,Bourbonnais,IL,Paul Mitchell the School-Bradley,1,1,3,3,23,NULL,338,8734,24.05970149,Private
61761,Normal,IL,Paul Mitchell the School-Normal,1,1,3,3,22,NULL,102,10087,22.77372263,Private
60523-1234,Oak Brook,IL,PCCTI IT and Healthcare,1,1,3,3,21,NULL,236,12719,34.00743494,Private
60201,Evanston,IL,Pivot Point Academy-Evanston,1,1,3,3,13,NULL,138,11504,24.54578755,Private
60411-8226,Chicago Heights,IL,Prairie State College,1,2,1,3,21,NULL,4188,1375,25.25958188,Public
60126,Elmhurst,IL,Prince Institute-Southeast,2,2,3,3,21,NULL,84,24156,33.83035714,Private
60435,Joliet,IL,Professional's Choice Hair Design Academy,1,1,3,3,21,NULL,61,8366,24.38297872,Private
62301-2699,Quincy,IL,Quincy University,3,4,2,3,33,0.8893,1075,9091,21.53236246,Private
62523-1208,Decatur,IL,Reflections Academy of Beauty,1,1,3,3,13,NULL,5,12608,24.15789474,Private
62846,Ina,IL,Rend Lake College,2,2,1,3,42,NULL,1836,1074,24.29934518,Public
60622,Chicago,IL,Resurrection University,3,4,2,3,11,NULL,406,18891,28.87664042,Private
62521-8512,Decatur,IL,Richland Community College,1,2,1,3,13,NULL,2554,872,26.32993197,Public
60605,Chicago,IL,Robert Morris University Illinois,3,4,2,3,11,0.2433,2778,17166,23.98719441,Private
61114-5699,Rockford,IL,Rock Valley College,2,2,1,3,12,NULL,6937,1768,24.58744247,Public
61108-2311,Rockford,IL,Rockford University,3,4,2,3,12,0.548,1017,13790,23.89936102,Private
60605-1394,Chicago,IL,Roosevelt University,3,4,2,3,11,0.7764,3727,19997,24.02241148,Private
60064-3095,North Chicago,IL,Rosalind Franklin University of Medicine and Science,3,4,2,3,21,NULL,NULL,32781,NULL,Private
60659,Chicago,IL,Rosel School of Cosmetology,1,1,3,3,11,NULL,70,943,38.57291667,Private
60612,Chicago,IL,Rush University,3,4,2,3,11,NULL,137,29645,29.27848101,Private
61108-2468,Rockford,IL,Saint Anthony College of Nursing,3,4,2,3,12,NULL,232,21090,27.50364964,Private
60640-3593,Chicago,IL,Saint Augustine College,2,3,2,3,11,NULL,1486,8557,29.66505324,Private
61603-3783,Peoria,IL,Saint Francis Medical Center College of Nursing,3,4,2,3,12,NULL,401,10774,27.57062147,Private
60655,Chicago,IL,Saint Xavier University,3,4,2,3,11,0.4964,2940,14676,21.5485782,Private
60602-3300,Chicago,IL,Sanford-Brown College-Chicago,3,3,3,3,11,NULL,229,22630,24.88425926,Private
61021-9112,Dixon,IL,Sauk Valley Community College,1,2,1,3,41,NULL,1704,1845,23.94128788,Public
60603,Chicago,IL,School of the Art Institute of Chicago,3,4,2,3,11,0.6915,2783,27614,21.79903148,Private
62992,Ullin,IL,Shawnee Community College,2,2,1,3,42,NULL,1336,1656,25.18482759,Public
60616,Chicago,IL,Shimer College,3,3,2,3,11,0.3731,74,20175,22.19047619,Private
60090-3104,Wheeling,IL,SOLEX College,1,2,3,3,21,NULL,85,57588,50.41613588,Private
60601-3608,Chicago,IL,SOLEX Medical Academy,1,1,3,3,11,NULL,11,17820,PrivacySuppressed,Private
60604-4110,Chicago,IL,Soma Institute-The National School of Clinical Massage Therapy,1,1,3,3,11,NULL,243,16724,28.38055556,Private
60473-1200,South Holland,IL,South Suburban College,2,2,1,3,21,NULL,3873,345,25.08257742,Public
62946,Harrisburg,IL,Southeastern Illinois College,2,2,1,3,42,NULL,1104,1132,24.43709677,Public
62901-4512,Carbondale,IL,Southern Illinois University-Carbondale,3,4,1,3,13,0.8153,13171,8434,22.00433872,Public
62026-1259,Edwardsville,IL,Southern Illinois University-Edwardsville,3,4,1,3,21,0.8696,11371,7872,21.75525149,Public
62221-5899,Belleville,IL,Southwestern Illinois College,1,2,1,3,21,NULL,9287,3177,25.07521531,Public
60605,Chicago,IL,Spertus College,NULL,4,2,3,11,NULL,NULL,9528,NULL,Private
61520-8622,Canton,IL,Spoon River College,2,2,1,3,41,NULL,1160,4009,23.89060642,Public
62702,Springfield,IL,St. John's College-Department of Nursing,3,3,2,3,12,NULL,119,17725,26.82666667,Private
60085-5129,Waukegan,IL,State Career College,1,1,3,3,21,NULL,97,3052,26.57575758,Private
60657,Chicago,IL,Steven Papageorge Hair Academy,1,1,3,3,11,NULL,64,7397,27.31506849,Private
60606,Chicago,IL,Taylor Business Institute,2,2,3,3,11,1,98,10280,28.07272727,Private
60625,Chicago,IL,Telshe Yeshiva-Chicago,3,3,2,3,11,1,67,9936,19.04545455,Private
60654-1593,Chicago,IL,The Illinois Institute of Art-Chicago,3,3,3,3,11,NULL,1807,15158,23.65476456,Private
60604,Chicago,IL,The John Marshall Law School,3,4,2,3,11,NULL,NULL,32693,NULL,Private
60404-8789,Shorewood,IL,The Salon Professional Academy-Shorewood,1,1,3,3,21,NULL,60,7256,24.68965517,Private
60515,Downers Grove,IL,The University of Aesthetics & Cosmetology,1,1,3,3,21,NULL,31,8356,29.02439024,Private
60409,Calumet,IL,Trenz Beauty Academy,1,1,3,3,21,NULL,54,1316,27.43820225,Private
60602-2716,Chicago,IL,Tribeca Flashpoint College,2,2,3,3,11,0.8994,353,20952,22.29558011,Private
60455,Bridgeview,IL,Tricoci University of Beauty Culture-Bridgeview,1,1,3,3,21,NULL,176,12377,25.10671937,Private
60656,Chicago,IL,Tricoci University of Beauty Culture-Chicago NW,1,1,3,3,11,NULL,196,12359,24.95532646,Private
61832,Danville,IL,Tricoci University of Beauty Culture-Danville,1,1,3,3,23,NULL,42,2401,25.58333333,Private
60139,Glendale Heights,IL,Tricoci University of Beauty Culture-Glendale Heights,1,1,3,3,21,NULL,138,12012,24.05882353,Private
60048,Libertyville,IL,Tricoci University of Beauty Culture-Libertyville,1,1,3,3,21,NULL,119,12219,24.76719577,Private
61614,Peoria,IL,Tricoci University of Beauty Culture-Peoria,1,1,3,3,12,NULL,133,9662,24.8125,Private
61108,Rockford,IL,Tricoci University of Beauty Culture-Rockford,1,1,3,3,12,NULL,145,10646,26.01851852,Private
62056,Litchfield,IL,Tri-County Beauty Academy,1,1,3,3,32,NULL,19,8793,23.31034483,Private
60463-0929,Palos Heights,IL,Trinity Christian College,3,4,2,3,21,0.9022,1237,15660,24.70461095,Private
61201-5317,Rock Island,IL,Trinity College of Nursing & Health Sciences,2,3,2,3,13,0.5714,203,18804,26.7483871,Private
60015-1283,Deerfield,IL,Trinity International University-Illinois,3,4,2,3,21,1,857,11524,26.62563238,Private
60171-1995,River Grove,IL,Triton College,2,2,1,3,21,NULL,9366,2201,24.12058212,Public
61764,Pontiac,IL,Unity Cosmetology College,1,1,3,3,32,NULL,52,12426,24.05454546,Private
60515,Downers Grove,IL,Universal Spa Training Academy,1,1,3,3,21,NULL,152,8736,30.64039409,Private
60622-2151,Chicago,IL,University of Aesthetics-Chicago,1,1,3,3,11,NULL,26,6381,29.41304348,Private
60637,Chicago,IL,University of Chicago,3,4,2,3,11,0.0876,5729,27753,19.39511654,Private
60607,Chicago,IL,University of Illinois at Chicago,3,4,1,3,11,0.7448,16635,11629,21.37999734,Public
62703-5407,Springfield,IL,University of Illinois at Springfield,3,4,1,3,12,0.6158,2969,6750,25.67829728,Public
61820-5711,Champaign,IL,University of Illinois at Urbana-Champaign,3,4,1,3,13,0.5904,31875,13826,19.95730421,Public
60060-1174,Mundelein,IL,University of Saint Mary of the Lake,3,4,2,3,21,NULL,NULL,42907,NULL,Private
62704,Springfield,IL,University of Spa & Cosmetology Arts,1,1,3,3,12,NULL,158,6034,24.97959184,Private
60435-6188,Joliet,IL,University of St Francis,3,4,2,3,21,0.5056,1732,13711,23.48203222,Private
60616-3731,Chicago,IL,VanderCook College of Music,3,4,2,3,11,0.7609,108,13742,20.94339623,Private
62305,Quincy,IL,Vatterott College-Quincy,1,2,3,3,33,NULL,140,10619,29.08158996,Private
62863,Mount Carmel,IL,Wabash Valley College,1,2,1,3,32,NULL,886,453,23.34736842,Public
60554-9454,Sugar Grove,IL,Waubonsee Community College,2,2,1,3,41,NULL,7829,2220,24.56731634,Public
61455,Macomb,IL,Western Illinois University,3,4,1,3,33,0.6964,9645,6747,21.99896673,Public
60517,Woodridge,IL,Westwood College-Dupage,3,3,3,3,21,NULL,157,15364,28.29426434,Private
60631,Chicago,IL,Westwood College-O'Hare Airport,3,3,3,3,11,NULL,311,16589,29.726647,Private
60187-5593,Wheaton,IL,Wheaton College,3,4,2,3,21,0.6915,2402,19517,19.60298103,Private
60067-7398,Palatine,IL,William Rainey Harper College,1,2,1,3,21,NULL,11636,3782,24.03918116,Public
60090-2646,Wheeling,IL,Worsham College of Mortuary Science,2,2,3,3,21,NULL,108,15545,30.03731343,Private
46001-0287,Alexandria,IN,Alexandria School of Scientific Therapeutics,1,1,3,3,23,1,37,12721,33.83636364,Private
46517-1999,Elkhart,IN,Anabaptist Mennonite Biblical Seminary,3,4,2,3,13,NULL,NULL,6274,PrivacySuppressed,Private
46513-0001,Donaldson,IN,Ancilla College,2,2,2,3,42,NULL,378,13206,22.87433155,Private
46012-3495,Anderson,IN,Anderson University,3,4,2,3,13,0.5491,1831,12546,22.82249742,Private
46016-1158,Anderson,IN,Apex Academy of Hair Design Inc,1,1,3,3,13,NULL,14,3395,PrivacySuppressed,Private
46123,Avon,IN,Avant Gard The School,1,1,3,3,21,NULL,36,14812,25.61111111,Private
46250,Indianapolis,IN,Aveda Fredric's Institute-Indianapolis,1,1,3,3,11,NULL,218,10128,24.05045872,Private
46241,Indianapolis,IN,Aviation Institute of Maintenance-Indianapolis,1,1,3,3,11,NULL,143,13297,29.95061728,Private
47306,Muncie,IN,Ball State University,3,4,1,3,13,0.5988,15895,7522,20.69404862,Public
47374-4019,Richmond,IN,Bethany Theological Seminary,3,4,2,3,32,NULL,NULL,3721,NULL,Private
46545-5591,Mishawaka,IN,Bethel College-Indiana,3,4,2,3,13,0.7053,1520,13390,27.00112233,Private
46324,Hammond,IN,Brightwood College-Hammond,1,1,3,3,21,NULL,299,10060,26.93205575,Private
46208,Indianapolis,IN,Butler University,3,4,2,3,11,0.6846,4013,21007,19.85095448,Private
46394,Whiting,IN,Calumet College of Saint Joseph,3,4,2,3,21,0.3378,870,12933,25.98170732,Private
46208-3301,Indianapolis,IN,Christian Theological Seminary,3,4,2,3,11,NULL,NULL,13655,NULL,Private
46342,Hobart,IN,College of Court Reporting Inc,2,2,3,3,21,NULL,209,13285,34.01470588,Private
46825-4996,Fort Wayne,IN,Concordia Theological Seminary,NULL,4,2,3,11,NULL,NULL,8247,NULL,Private
46219-4912,Indianapolis,IN,Crossroads Bible College,3,3,2,3,11,NULL,178,9929,35.77777778,Private
46135-1772,Greencastle,IN,DePauw University,3,3,2,3,32,0.566,2185,17231,19.49369085,Private
46385,Valparaiso,IN,Don Roberts Beauty School,1,1,3,3,21,NULL,61,7792,26.90909091,Private
46375,Schererville,IN,Don Roberts School of Hair Design,1,1,3,3,21,NULL,42,11926,27.87142857,Private
47374-4095,Richmond,IN,Earlham College,3,4,2,3,32,0.6452,942,14123,19.61081081,Private
46410-5540,Merrillville,IN,Excel Academies of Cosmetology-Merrillville,NULL,1,3,3,21,NULL,35,5991,23.09803922,Private
46131-2623,Franklin,IN,Franklin College,3,3,2,3,21,0.6922,1022,13013,19.83449477,Private
46526-4794,Goshen,IN,Goshen College,3,4,2,3,13,0.54,746,14638,23.30422535,Private
46590-1274,Winona Lake,IN,Grace College and Theological Seminary,3,4,2,3,32,0.8012,1478,7353,22.31677019,Private
46250,Indianapolis,IN,Hair Fashions By Kaye Beauty College-Indianapolis,1,1,3,3,11,NULL,92,15625,30.18181818,Private
46060-0000,Noblesville,IN,Hair Fashions By Kaye Beauty College-Noblesville,1,1,3,3,21,NULL,76,13444,26.03960396,Private
47243,Hanover,IN,Hanover College,3,3,2,3,32,0.6447,1136,11161,19.6659751,Private
46204-2611,Indianapolis,IN,Harrison College-Indianapolis,2,3,3,3,11,1,3498,16098,28.83662355,Private
46556-0308,Notre Dame,IN,Holy Cross College,3,3,2,3,21,0.9316,512,12635,20.12686567,Private
46750,Huntington,IN,Huntington University,3,4,2,3,32,0.9711,1001,11041,21.26813187,Private
47130-4215,Jeffersonville,IN,Ideal Beauty Academy,1,1,3,3,21,NULL,37,6816,28.82142857,Private
46803-1228,Fort Wayne,IN,Indiana Institute of Technology,3,4,2,3,11,0.7057,6397,6364,30.66758811,Private
47809,Terre Haute,IN,Indiana State University,3,4,1,3,13,0.8254,10497,5726,21.64,Public
47405-7000,Bloomington,IN,Indiana University-Bloomington,3,4,1,3,13,0.7609,32252,16449,20.09195019,Public
47374-1289,Richmond,IN,Indiana University-East,3,4,1,3,41,0.6376,3200,4932,27.06211813,Public
46904-9003,Kokomo,IN,Indiana University-Kokomo,3,4,1,3,13,0.6726,2724,4931,24.72882389,Public
46408-1197,Gary,IN,Indiana University-Northwest,3,4,1,3,13,0.7678,4370,5147,23.85065819,Public
46805-1499,Fort Wayne,IN,Indiana University-Purdue University-Fort Wayne,3,4,1,3,11,0.9087,9314,5643,22.23291272,Public
46202-5143,Indianapolis,IN,Indiana University-Purdue University-Indianapolis,3,4,1,3,11,0.7049,21777,10593,22.80517193,Public
46634-7111,South Bend,IN,Indiana University-South Bend,3,4,1,3,12,0.7333,5398,5284,23.2476618,Public
47150,New Albany,IN,Indiana University-Southeast,3,4,1,3,21,0.8032,5476,5274,23.5215208,Public
46953-4974,Marion,IN,Indiana Wesleyan University-Marion,3,4,2,3,32,0.9505,10218,9769,32.21382438,Private
46804-7145,Fort Wayne,IN,International Business College-Fort Wayne,2,3,3,3,11,0.7839,372,14080,21.24219591,Private
46268-1119,Indianapolis,IN,ITT Technical Institute-Indianapolis,2,4,3,3,11,0.9387,3407,15197,30.39691401,Private
46208-5752,Indianapolis,IN,Ivy Tech Community College,2,2,1,3,11,NULL,77657,2043,27.15432915,Public
462089272,Indianapolis,IN,Ivy Tech Community College-Central Indiana,2,0,1,3,NULL,NULL,NULL,NULL,27.15432915,Public
46240,Indianapolis,IN,J Everett Light Career Center,1,1,1,3,11,0.4,40,10015,29.59259259,Public
47807,Terre Haute,IN,J Michael Harrold Beauty Academy,1,1,3,3,13,NULL,92,4225,25.03305785,Private
46534,Knox,IN,Knox Beauty College,1,1,3,3,32,NULL,40,2391,26,Private
46409-2645,Gary,IN,Lil Lou's Barber College,1,1,3,3,13,NULL,77,11902,30.12592593,Private
46268,Indianapolis,IN,Lincoln College of Technology-Indianapolis,1,2,3,3,11,NULL,1199,13975,23.90096154,Private
46962,North Manchester,IN,Manchester University,3,4,2,3,32,0.7428,1254,12621,19.78026316,Private
46222-1997,Indianapolis,IN,Marian University,3,4,2,3,11,0.5644,1999,15868,25.24431818,Private
46218-0567,Indianapolis,IN,Martin University,3,4,2,3,11,NULL,345,10120,33.78389831,Private
46809-1305,Fort Wayne,IN,Masters of Cosmetology College,1,1,3,3,11,NULL,93,6253,22.55882353,Private
46250,Indianapolis,IN,MedTech College,2,2,3,3,11,NULL,529,16725,29.65142857,Private
46410,Merrillville,IN,Merrillville Beauty College,1,1,3,3,21,NULL,4,5767,29.58653846,Private
47130,Jeffersonville,IN,Mid-America College of Funeral Service,2,3,2,3,21,NULL,58,4411,27.85882353,Private
46278,Indianapolis,IN,MyComputerCareer.com-Indianapolis,1,1,3,3,11,NULL,219,19681,33.06824147,Private
47660-1099,Oakland City,IN,Oakland City University,3,4,2,3,32,0.5504,616,12194,27.86648501,Private
46227-6252,Indianapolis,IN,Paul Mitchell the School-Indianapolis,1,1,3,3,11,NULL,167,10066,23.87113402,Private
47129,Clarksville,IN,PJ's College of Cosmetology-Clarksville,1,1,3,3,21,NULL,106,7089,25.01960784,Private
47374,Richmond,IN,PJ's College of Cosmetology-Richmond,1,1,3,3,32,NULL,63,4802,26.09433962,Private
46323-2094,Hammond,IN,Purdue University-Calumet Campus,3,4,1,3,21,0.5968,7316,7138,25.97217676,Public
47907-2040,West Lafayette,IN,Purdue University-Main Campus,3,4,1,3,22,0.5929,29977,15397,20.21945637,Public
46391-9542,Westville,IN,Purdue University-North Central Campus,3,4,1,3,41,0.7251,3231,4856,23.14502924,Public
46835,Fort Wayne,IN,Ravenscroft Beauty College,1,1,3,3,11,NULL,157,4403,25.8697479,Private
47712,Evansville,IN,Rogers Academy of Hair Design,1,1,3,3,12,NULL,75,5950,25.82051282,Private
47803-3920,Terre Haute,IN,Rose-Hulman Institute of Technology,3,4,2,3,13,0.5879,2208,23137,19.52023988,Private
46825-5444,Fort Wayne,IN,Rudae's School of Beauty Culture-Ft Wayne,1,1,3,3,11,NULL,151,7985,24.3452381,Private
47904-2198,Lafayette,IN,Saint Elizabeth School of Nursing,1,1,2,3,13,0.6471,281,2595,25.51630435,Private
47978-0870,Rensselaer,IN,Saint Josephs College,3,4,2,3,32,0.6641,1074,7930,20.25254583,Private
47876-1099,Saint Mary of the Woods,IN,Saint Mary-of-the-Woods College,3,4,2,3,41,1,678,12408,29.03990025,Private
46556,Notre Dame,IN,Saint Mary's College,3,3,2,3,21,0.8334,1508,17442,19.47818792,Private
47577,St. Meinrad,IN,Saint Meinrad School of Theology,3,4,2,3,43,NULL,NULL,20175,NULL,Private
46410,Merrillville,IN,Success Schools,1,1,3,3,21,NULL,132,6527,27.61979167,Private
46989-1001,Upland,IN,Taylor University,3,4,2,3,32,0.8803,1855,16781,20.73552426,Private
46013,Anderson,IN,The Salon Professional Academy-Anderson,1,1,3,3,13,NULL,107,4572,25.92592593,Private
47715,Evansville,IN,The Salon Professional Academy-Evansville,1,1,3,3,12,NULL,93,7154,24.59883721,Private
46901-6248,Kokomo,IN,The Salon Professional Academy-Kokomo,1,1,3,3,13,NULL,97,9802,24.09859155,Private
46322,Highland,IN,Tricoci University of Beauty Culture-Highland,1,1,3,3,21,NULL,223,11371,25.36795252,Private
46256,Indianapolis,IN,Tricoci University of Beauty Culture-Indianapolis,1,1,3,3,21,NULL,111,12692,27.57216495,Private
47901,Lafayette,IN,Tricoci University of Beauty Culture-Lafayette,1,1,3,3,13,NULL,88,4755,24.13953488,Private
47404,Bloomington,IN,Tricoci University of Beauty Cuture LLC-Bloomington,1,1,3,3,13,NULL,65,6985,24.76666667,Private
46703-1764,Angola,IN,Trine University,3,4,2,3,32,0.7599,1654,14191,23.52568493,Private
47722,Evansville,IN,University of Evansville,3,4,2,3,12,0.8295,2266,13541,20.5487053,Private
46227-3697,Indianapolis,IN,University of Indianapolis,3,4,2,3,11,0.6648,4136,13502,23.25367287,Private
46556,Notre Dame,IN,University of Notre Dame,3,4,2,3,21,0.2114,8427,22629,19.49223947,Private
46808-3994,Fort Wayne,IN,University of Saint Francis-Fort Wayne,3,4,2,3,11,0.9686,1796,14158,23.56754306,Private
47712,Evansville,IN,University of Southern Indiana,3,4,1,3,22,0.7134,8233,5288,21.63129445,Public
46383,Valparaiso,IN,Valparaiso University,3,4,2,3,21,0.8236,3210,17219,20.71257906,Private
47591,Vincennes,IN,Vincennes Beauty College,1,1,3,3,33,NULL,75,7293,24.38297872,Private
47591,Vincennes,IN,Vincennes University,2,3,1,3,33,NULL,8256,2869,22.94449278,Public
47933-0352,Crawfordsville,IN,Wabash College,3,3,2,3,32,0.6998,923,15784,19.58575198,Private
66749,Iola,KS,Allen County Community College,1,2,1,4,33,NULL,2628,1638,24.1910299,Public
66006-0065,Baldwin City,KS,Baker University,3,4,2,4,31,0.6953,1649,11872,26.22799097,Private
67059-0288,Haviland,KS,Barclay College,3,4,2,4,43,0.5357,228,13079,24.56060606,Private
67530,Great Bend,KS,Barton County Community College,2,2,1,4,41,NULL,2646,2883,25.63089195,Public
66002-1499,Atchison,KS,Benedictine College,3,4,2,4,32,0.9778,1836,10941,19.88326848,Private
67456-1897,Lindsborg,KS,Bethany College,3,3,2,4,33,0.9745,637,6677,20.51265823,Private
67117-1716,North Newton,KS,Bethel College-North Newton,3,3,2,4,32,0.491,483,11714,21.27635328,Private
67401-7307,Salina,KS,Brown Mackie College-Salina,2,2,3,4,33,NULL,451,10073,29.34381641,Private
66604,Topeka,KS,Bryan University,2,2,3,4,12,NULL,63,11534,30.86259542,Private
67042-3280,El Dorado,KS,Butler Community College,2,2,1,4,32,NULL,7218,2815,24.20313535,Public
66226-3513,Shawnee,KS,Central Baptist Theological Seminary,3,4,2,4,21,1,104,3421,PrivacySuppressed,Private
67460-5740,McPherson,KS,Central Christian College of Kansas,3,3,2,4,33,0.4963,985,10162,33.441,Private
66210,Overland Park,KS,Cleveland University-Kansas City,3,4,2,4,12,1,47,19290,27.60493827,Private
66901-1002,Concordia,KS,Cloud County Community College,1,2,1,4,41,NULL,1278,1791,23.6702439,Public
67337-5064,Coffeyville,KS,Coffeyville Community College,2,2,1,4,33,NULL,1085,3225,21.61416491,Public
67701,Colby,KS,Colby Community College,2,2,1,4,33,NULL,909,2393,24.14986737,Public
67005,Arkansas City,KS,Cowley County Community College,2,2,1,4,32,NULL,3185,963,25.42449743,Public
67203,Wichita,KS,Crave Beauty Academy,1,1,3,4,11,NULL,171,10226,26.04240283,Private
67801-2399,Dodge City,KS,Dodge City Community College,2,2,1,4,33,NULL,1187,2021,22.03887689,Public
66102,Kansas City,KS,Donnelly College,2,3,2,4,12,NULL,463,8199,25.30922693,Private
66801-5415,Emporia,KS,Emporia State University,3,4,1,4,33,0.7649,3777,6954,22.5436345,Public
66215-3803,Lenexa,KS,Entourage Institute of Beauty and Esthetics,1,1,3,4,21,NULL,111,7758,27.64705882,Private
67212,Wichita,KS,Eric Fisher Academy,1,1,3,4,11,NULL,145,10941,23.82539683,Private
66801-5957,Emporia,KS,Flint Hills Technical College,1,2,1,4,33,NULL,548,3051,26.59498956,Public
67601-4099,Hays,KS,Fort Hays State University,3,4,1,4,33,0.8789,11298,5390,26.92484903,Public
66701,Fort Scott,KS,Fort Scott Community College,1,2,1,4,33,NULL,1316,2865,22.84467714,Public
67213,Wichita,KS,Friends University,3,4,2,4,11,0.6138,1339,14039,25.31282723,Private
67846-6333,Garden City,KS,Garden City Community College,2,2,1,4,33,NULL,1510,793,21.23271501,Public
66219,Lenexa,KS,Grantham University,3,4,3,4,21,NULL,10793,4793,33.59190773,Private
66046-4800,Lawrence,KS,Haskell Indian Nations University,3,3,1,4,13,0.581,805,539,22.08298755,Public
67601,Hays,KS,Hays Academy of Hair Design,1,1,3,4,33,NULL,85,6579,22.41142857,Private
67062-2093,Hesston,KS,Hesston College,2,2,2,4,32,NULL,426,14217,22.81303116,Private
66035-4165,Highland,KS,Highland Community College,1,2,1,4,42,NULL,1797,2849,23.90145294,Public
67501,Hutchinson,KS,Hutchinson Community College,2,2,1,4,32,NULL,3843,1617,25.20879541,Public
67301-0708,Independence,KS,Independence Community College,1,2,1,4,33,NULL,620,1279,21.75191424,Public
66210-1299,Overland Park,KS,Johnson County Community College,2,2,1,4,12,NULL,12169,2999,25.10949938,Public
66204-1975,Overland Park,KS,Kansas Christian College,NULL,3,2,4,12,NULL,21,50828,PrivacySuppressed,Private
66112,Kansas City,KS,Kansas City Kansas Community College,2,2,1,4,12,NULL,5007,2640,26.87775295,Public
66506,Manhattan,KS,Kansas State University,3,4,1,4,13,0.9493,19727,9596,21.28248758,Public
67401-6196,Salina,KS,Kansas Wesleyan University,3,4,2,4,33,0.6147,643,12463,21.35294118,Private
66204,Overland Park,KS,La Baron Hairdressing Academy-Overland Park,1,1,3,4,12,NULL,44,5642,28.57142857,Private
67357-4201,Parsons,KS,Labette Community College,2,2,1,4,33,NULL,1435,1154,24.9009009,Public
66503-2499,Manhattan,KS,Manhattan Area Technical College,2,2,1,4,13,NULL,476,2583,25.57963875,Public
66502-4801,Manhattan,KS,Manhattan Christian College,3,3,2,4,13,0.5909,289,9919,21.36645963,Private
66502,Manhattan,KS,Marinello Schools of Beauty-Manhattan,1,1,3,4,13,NULL,120,7718,24.37619048,Private
66611,Topeka,KS,Marinello Schools of Beauty-Topeka,1,1,3,4,12,NULL,333,7626,26.66031196,Private
67460-1402,McPherson,KS,McPherson College,3,3,2,4,33,0.9928,619,10327,20.98090692,Private
66062-1899,Olathe,KS,MidAmerica Nazarene University,3,4,2,4,21,0.6899,1322,10008,27.30676856,Private
66212-1457,Overland Park,KS,Mitsu Sato Hair Academy,1,1,3,4,12,NULL,54,11151,27.45614035,Private
66720,Chanute,KS,Neosho County Community College,1,2,1,4,33,NULL,1323,3162,24.4498998,Public
67213-2097,Wichita,KS,Newman University,3,4,2,4,11,0.5281,1182,8188,25.40833333,Private
67420,Beloit,KS,North Central Kansas Technical College,1,2,1,4,41,NULL,482,3017,23.40345369,Public
67735,Goodland,KS,Northwest Kansas Technical College,1,2,1,4,33,NULL,316,3990,21.48441926,Public
67211-1605,Wichita,KS,Old Town Barber College-Wichita,1,1,3,4,11,NULL,50,17284,28.98947368,Private
66067,Ottawa,KS,Ottawa University-Online,3,4,2,4,32,NULL,312,35813,31.23486135,Private
66067-3399,Ottawa,KS,Ottawa University-Ottawa,3,4,2,4,32,0.9947,587,10434,31.23486135,Private
66212,Overland Park,KS,Paul Mitchell the School-Overland Park,1,1,3,4,12,NULL,180,9475,23.97457627,Private
67226-0000,Wichita,KS,Paul Mitchell the School-Wichita,1,1,3,4,11,NULL,132,10388,22.27225131,Private
66046-2703,Lawrence,KS,Pinnacle Career Institute-Lawrence,1,2,3,4,13,NULL,113,11371,28.28571429,Private
66762,Pittsburg,KS,Pittsburg State University,3,4,1,4,32,0.7919,5842,4817,21.99178491,Public
67124,Pratt,KS,Pratt Community College,1,2,1,4,41,NULL,915,1438,25.20723684,Public
66224,Leawood,KS,Saint Paul School of Theology,3,4,2,4,21,NULL,NULL,8806,NULL,Private
67401,Salina,KS,Salina Area Technical College,1,2,1,4,33,NULL,256,2250,24.96551724,Public
67901,Liberal,KS,Seward County Community College and Area Technical School,2,2,1,4,33,NULL,1626,1580,22.88286713,Public
67501,Hutchinson,KS,Sidneys Hair Dressing College,1,1,3,4,32,NULL,32,8131,24.78181818,Private
67156-6224,Winfield,KS,Southwestern College,3,4,2,4,32,0.8793,1288,11562,26.72886297,Private
67579,Sterling,KS,Sterling College,3,3,2,4,42,0.4437,701,9022,20.8875502,Private
67063-1799,Hillsboro,KS,Tabor College,3,3,2,4,33,0.8568,708,9635,23.05831534,Private
66045,Lawrence,KS,University of Kansas,3,4,1,4,13,0.9142,18802,10881,21.54616519,Public
66048-5082,Leavenworth,KS,University of Saint Mary,3,4,2,4,31,0.475,819,12487,25.21991701,Private
66621-0001,Topeka,KS,Washburn University,1,4,1,4,12,NULL,5031,5475,24.77762573,Public
67226,Wichita,KS,Wichita Area Technical College,1,2,1,4,41,NULL,1686,2660,28.61079546,Public
67260-0124,Wichita,KS,Wichita State University,3,4,1,4,11,0.9553,11297,6453,23.97154725,Public
67213-1927,Wichita,KS,Wichita Technical Institute,1,2,3,4,11,NULL,1000,7273,30.96767538,Private
66210-1616,Overland Park,KS,Wright Career College,1,3,2,4,12,NULL,1391,11193,30.05448393,Private
66046,Lawrence,KS,Z Hair Academy,1,1,3,4,13,NULL,95,44996,23.16470588,Private
41844,Pippa Passes,KY,Alice Lloyd College,3,3,2,5,43,0.3617,657,7723,19.99255583,Private
40509,Lexington,KY,American National University-Lexington,2,3,3,5,11,NULL,969,7822,30.57819549,Private
41503,South Williamson,KY,Appalachian Beauty School,1,1,3,5,33,NULL,21,3109,22.51724138,Private
40390-1199,Wilmore,KY,Asbury Theological Seminary,3,4,2,5,31,NULL,NULL,9336,NULL,Private
40390-1198,Wilmore,KY,Asbury University,3,4,2,5,31,0.687,1499,14365,22.88583219,Private
41101-3683,Ashland,KY,Ashland Community and Technical College,1,2,1,5,13,NULL,2433,1566,25.77734565,Public
40223,Louisville,KY,ATA College,1,2,3,5,21,NULL,439,25051,28.02136076,Private
40356-2152,Nicholasville,KY,Barrett and Company School of Hair Design,1,1,3,5,31,NULL,70,6310,25.00970874,Private
41042,Florence,KY,Beckfield College-Florence,2,3,3,5,21,NULL,712,12926,29.1880141,Private
40205-0671,Louisville,KY,Bellarmine University,3,4,2,5,21,0.834,2499,15929,20.61181435,Private
41169,Russell,KY,Bellefonte Academy of Beauty,1,1,3,5,22,NULL,163,7707,27.10655738,Private
40404-2182,Berea,KY,Berea College,3,3,2,5,32,0.3366,1577,2917,19.97062424,Private
41653,Prestonsburg,KY,Big Sandy Community and Technical College,1,2,1,5,33,NULL,3158,662,24.29898649,Public
40506,Lexington,KY,Bluegrass Community and Technical College,1,2,1,5,11,NULL,9481,2323,25.88577878,Public
42301-3023,Owensboro,KY,Brescia University,3,4,2,5,13,0.4927,1003,10705,28.30615165,Private
41071-1968,Newport,KY,Brighton Center's Center for Employment Training,1,1,2,5,21,NULL,97,0,33.97163121,Private
42718-2799,Campbellsville,KY,Campbellsville University,3,4,2,5,32,0.7272,2119,9110,23.89788732,Private
40422-1394,Danville,KY,Centre College,3,3,2,5,32,0.7157,1379,18011,19.39356436,Private
40977-9752,Pineville,KY,Clear Creek Baptist Bible College,3,3,2,5,42,NULL,140,4641,29.95945946,Private
40965,Middlesboro,KY,Collins School of Cosmetology,1,1,3,5,32,NULL,20,3208,25.62222222,Private
42301,Owensboro,KY,Daymar College-Owensboro,2,3,3,5,13,NULL,94,25829,30.71525886,Private
42001-8252,Paducah,KY,Daymar College-Paducah Main,2,3,3,5,33,NULL,47,18535,30.60294118,Private
40475-3102,Richmond,KY,Eastern Kentucky University,3,4,1,5,32,0.7387,13323,6440,22.78442405,Public
42701-3081,Elizabethtown,KY,Elizabethtown Community and Technical College,1,2,1,5,13,NULL,5558,1312,26.00910273,Public
40517,Lexington,KY,Employment Solutions-College for Technical Education,1,1,2,5,11,NULL,203,7409,29.91851852,Private
41749,Hyden,KY,Frontier Nursing University,3,4,2,5,42,NULL,NULL,18740,PrivacySuppressed,Private
40207,Louisville,KY,Galen College of Nursing-Louisville,1,2,3,5,21,NULL,879,11704,30.7386159,Private
41042,Florence,KY,Gateway Community and Technical College,1,2,1,5,21,NULL,3647,1461,27.24798387,Public
40324-1696,Georgetown,KY,Georgetown College,3,4,2,5,31,0.8875,972,12788,19.90748032,Private
41701-2402,Hazard,KY,Hazard Community and Technical College,1,2,1,5,33,NULL,2248,997,24.81132076,Public
42431,Madisonville,KY,Heads West Kentucky Beauty College,1,1,3,5,32,NULL,68,537,27.24074074,Private
42420-4699,Henderson,KY,Henderson Community College,1,2,1,5,41,NULL,1333,1854,26.06481482,Public
42240,Hopkinsville,KY,Hopkinsville Community College,1,2,1,5,32,NULL,3053,1839,26.96695226,Public
40202-2005,Louisville,KY,Jefferson Community and Technical College,1,2,1,5,21,NULL,11665,2096,26.84124919,Public
41858,Whitesburg,KY,Jenny Lea Academy of Cosmetology,1,1,3,5,43,NULL,26,5338,25.11627907,Private
41143-1199,Grayson,KY,Kentucky Christian University,3,4,2,5,32,0.4774,547,9312,21.30517711,Private
41339,Jackson,KY,Kentucky Mountain Bible College,3,3,2,5,42,0.54,67,6404,22.65,Private
40601-2355,Frankfort,KY,Kentucky State University,3,4,1,5,32,0.4769,1627,8557,22.92307692,Public
42301,Owensboro,KY,Kentucky Wesleyan College,3,3,2,5,13,0.6072,691,11466,20.81759657,Private
40503,Lexington,KY,Lexington Healing Arts Academy,1,1,3,5,11,NULL,187,11677,30.13103448,Private
40503,Lexington,KY,Lexington Theological Seminary,3,4,2,5,11,NULL,NULL,5864,PrivacySuppressed,Private
42103-8036,Bowling Green,KY,Lindsey Institute of Cosmetology,1,1,3,5,13,NULL,102,9954,25.70588235,Private
42728-1223,Columbia,KY,Lindsey Wilson College,3,4,2,5,33,NULL,2092,8592,24.64439946,Private
40205-1798,Louisville,KY,Louisville Presbyterian Theological Seminary,3,4,2,5,21,NULL,NULL,812,NULL,Private
42431,Madisonville,KY,Madisonville Community College,1,2,1,5,41,NULL,2535,1637,26.24002574,Public
41056,Maysville,KY,Maysville Community and Technical College,1,2,1,5,41,NULL,2606,1476,27.00575476,Public
40243-1882,Louisville,KY,MedQuest College,NULL,1,3,5,21,NULL,226,7244,24.67521368,Private
40347-1120,Midway,KY,Midway University,3,4,2,5,42,0.5822,1038,10812,29.42122187,Private
40351,Morehead,KY,Morehead State University,3,4,1,5,33,0.8443,7212,4950,22.26286719,Public
42071-3318,Murray,KY,Murray State University,3,4,1,5,33,0.7996,8126,7371,22.97122507,Public
41099,Highland Heights,KY,Northern Kentucky University,3,4,1,5,21,0.9072,11654,8607,22.47267442,Public
40353,Mount Sterling,KY,Nutek Academy of Beauty Inc,1,1,3,5,32,NULL,18,4079,23.30434783,Private
42303,Owensboro,KY,Owensboro Community and Technical College,1,2,1,5,41,NULL,3013,1451,24.81747948,Public
42420,Henderson,KY,Pat Wilson's Beauty College,1,1,3,5,22,NULL,88,119,28.80722892,Private
40514,Lexington,KY,Paul Mitchell the School-Lexington,1,1,3,5,11,NULL,229,7867,24.06741573,Private
40222,Louisville,KY,Paul Mitchell the School-Louisville,1,1,3,5,21,NULL,222,8053,23.68571429,Private
42101,Bowling Green,KY,PJ's College of Cosmetology-Bowling Green,1,1,3,5,13,NULL,250,7602,27.89939638,Private
42141,Glasgow,KY,PJ's College of Cosmetology-Glasgow,1,1,3,5,32,NULL,60,5085,26.20689655,Private
40061,Saint Catharine,KY,Saint Catharine College,2,4,2,5,42,NULL,592,11546,22.1440678,Private
40203-3322,Louisville,KY,Simmons College of Kentucky,1,3,2,5,21,NULL,255,6697,36.40677966,Private
42501-2973,Somerset,KY,Somerset Community College,1,2,1,5,33,NULL,5835,679,26.27586207,Public
42101-3601,Bowling Green,KY,Southcentral Kentucky Community and Technical College,1,2,1,5,13,NULL,3211,1567,26.01558016,Public
40823,Cumberland,KY,Southeast Kentucky Community and Technical College,1,2,1,5,32,NULL,2366,711,25.32107984,Public
40962-8700,Manchester,KY,Southeast School of Cosmetology,1,1,3,5,33,NULL,35,3776,27.54098361,Private
40203-2188,Louisville,KY,Spalding University,3,4,2,5,21,0.4571,1227,15099,25.22503516,Private
40216,Louisville,KY,Spencerian College-Louisville,1,2,3,5,21,NULL,467,14533,27.25072886,Private
40218,Louisville,KY,Sullivan College of Technology and Design,2,3,3,5,21,0.8929,344,15132,25.92409241,Private
40205-3013,Louisville,KY,Sullivan University,2,4,3,5,21,NULL,2889,13915,28.74350987,Private
40505,Lexington,KY,Summit Salon Academy-Lexington,1,1,3,5,11,NULL,142,4639,26.3368984,Private
41017-3495,Crestview Hills,KY,Thomas More College,3,4,2,5,21,0.9328,1243,12637,23.4863388,Private
40508-1797,Lexington,KY,Transylvania University,3,3,2,5,11,0.8262,1014,13229,19.49046322,Private
40258,Louisville,KY,Trend Setters' Academy of Beauty Culture-Louisville,1,1,3,5,11,NULL,88,3547,28.15111111,Private
40744,London,KY,Tri-State Institute of Hair Design,1,1,3,5,33,NULL,56,4107,29.56896552,Private
40906-1499,Barbourville,KY,Union College,3,4,2,5,33,0.7523,833,10666,21.25403226,Private
40506-0032,Lexington,KY,University of Kentucky,3,4,1,5,11,0.7221,21725,10959,20.80627085,Public
40292-0001,Louisville,KY,University of Louisville,3,4,1,5,21,0.7386,15038,11357,22.07207814,Public
41501,Pikeville,KY,University of Pikeville,3,4,2,5,33,1,1329,15152,20.91546162,Private
40769,Williamsburg,KY,University of the Cumberlands,3,4,2,5,33,0.6628,1844,8477,25.28447653,Private
42002-7380,Paducah,KY,West Kentucky Community and Technical College,1,2,1,5,33,NULL,4503,1695,25.90959474,Public
42101-1000,Bowling Green,KY,Western Kentucky University,3,4,1,5,13,0.9332,15388,7780,22.32529017,Public
70126,New Orleans,LA,A & W Healthcare Educators,1,1,3,5,11,NULL,40,10667,29.88059702,Private
71105-5646,Shreveport,LA,American School of Business,1,1,3,5,12,NULL,61,2666,29.66964286,Private
70816-2246,Baton Rouge,LA,Aveda Institute-Baton Rouge,1,1,3,5,12,NULL,210,12615,23.01492537,Private
70433,Covington,LA,Aveda Institute-Covington,1,1,3,5,23,NULL,1587,23853,24.71428571,Private
70503-3246,Lafayette,LA,Aveda Institute-Lafayette,1,1,3,5,12,NULL,91,13063,24.48387097,Private
71118,Shreveport,LA,Ayers Career College,1,1,3,5,12,NULL,259,8292,28.4033264,Private
70806,Baton Rouge,LA,Baton Rouge Community College,2,2,1,5,12,NULL,6895,2869,24.13240649,Public
70806,Baton Rouge,LA,Baton Rouge General Medical Center-School of Nursing,1,1,2,5,12,NULL,63,8833,27.56164384,Private
70809,Baton Rouge,LA,Baton Rouge School of Computers,2,2,3,5,12,NULL,78,11700,28.42553192,Private
71108-5745,Shreveport,LA,Blalock's Professional Beauty College,NULL,1,3,5,12,NULL,17,1562,27.63636364,Private
70002-5714,Metairie,LA,Blue Cliff College-Metairie,1,1,3,5,12,NULL,892,8364,27.94356361,Private
71108,Shreveport,LA,Bos-Man's Barber College,NULL,1,3,5,12,NULL,24,400,28.20454546,Private
71111-6922,Bossier City,LA,Bossier Parish Community College,2,2,1,5,13,NULL,6710,2670,25.78967435,Public
70805,Baton Rouge,LA,Camelot College,1,1,3,5,12,NULL,247,3498,25.97044335,Private
70119,New Orleans,LA,Cameron College,1,2,3,5,11,NULL,20,15856,28.03179191,Private
70805,Baton Rouge,LA,Capital Area Technical College,1,2,1,5,12,NULL,1687,549,26.33484163,Public
71201-5135,Monroe,LA,Celebrity Stylist Beauty School,1,1,3,5,13,NULL,41,4415,27.74545455,Private
71134-1188,Shreveport,LA,Centenary College of Louisiana,3,4,2,5,12,0.6567,548,12340,19.80932203,Private
71302-3137,Alexandria,LA,Central Louisiana Technical Community College,1,2,1,5,13,NULL,1354,1241,26.34307359,Public
71202,Monroe,LA,Cloyd's Barber School 2 Inc,1,1,3,5,13,NULL,25,4042,28.54901961,Private
71291-0603,West Monroe,LA,Cloyd's Beauty School 1 Inc,1,1,3,5,22,NULL,42,4736,27.98148148,Private
71201,Monroe,LA,Cloyd's Beauty School 3 Inc,1,1,3,5,13,NULL,46,4937,24.28205128,Private
70403,Hammond,LA,Compass Career College,1,1,3,5,23,NULL,166,9700,26.06081081,Private
70503,Lafayette,LA,Cosmetology Training Center,1,1,3,5,12,NULL,116,8902,23.71,Private
70119,New Orleans,LA,Crescent City Bartending School,1,1,3,5,11,NULL,405,3065,31.24907407,Private
70119,New Orleans,LA,Delgado Community College,1,2,1,5,11,NULL,16074,3357,25.86112175,Public
70433-8947,Covington,LA,Delta College Inc,1,1,3,5,41,NULL,186,7531,26.21565731,Private
70806-1529,Baton Rouge,LA,Delta College of Arts & Technology,1,2,3,5,12,NULL,414,6852,25.71911111,Private
70601,Lake Charles,LA,Delta School of Business and Technology,2,2,3,5,13,NULL,208,6433,27.39705882,Private
70607,Lake Charles,LA,Demmons School of Beauty,1,1,3,5,13,NULL,36,5849,26.71428571,Private
70726,Denham Springs,LA,Denham Springs Beauty School,1,1,3,5,21,NULL,83,7173,25.29126214,Private
70815,Baton Rouge,LA,Diesel Driving Academy-Baton Rouge,1,1,3,5,12,NULL,290,19952,32.54005168,Private
71109,Shreveport,LA,Diesel Driving Academy-Shreveport,1,1,3,5,12,NULL,242,27940,31.45884774,Private
70122,New Orleans,LA,Dillard University,3,3,2,5,11,0.4059,1200,12186,20.23842917,Private
70815,Baton Rouge,LA,D'Jay's School of Beauty Arts and Sciences,1,1,3,5,12,NULL,43,12959,27,Private
70395,Schriever,LA,Fletcher Technical Community College,1,2,1,5,41,NULL,1642,3434,23.56027001,Public
70809-1908,Baton Rouge,LA,Fortis College-Baton Rouge,1,2,3,5,12,NULL,382,9104,29.32221284,Private
71245,Grambling,LA,Grambling State University,3,4,1,5,32,0.4395,3520,4543,21.56501306,Public
71105,Shreveport,LA,Guy's Shreveport Academy of Cosmetology Inc,1,1,3,5,12,NULL,52,15460,24.75555556,Private
70062-7630,Kenner,LA,Healthcare Training Institute,1,1,3,5,21,NULL,38,13927,31.20212766,Private
70817,Baton Rouge,LA,ITI Technical College,2,2,3,5,21,NULL,691,8345,25.959799,Private
70124,New Orleans,LA,John Jay Beauty College,1,1,3,5,11,NULL,21,7976,25.48717949,Private
70062,Kenner,LA,John Jay Beauty College,1,1,3,5,21,NULL,82,10185,26.53571429,Private
70535,Eunice,LA,Louisiana Academy of Beauty,1,1,3,5,32,NULL,38,3184,23.42307692,Private
71359,Pineville,LA,Louisiana College,3,4,2,5,23,0.6106,957,9880,21.41133455,Private
70816,Baton Rouge,LA,Louisiana Culinary Institute,2,2,3,5,21,1,208,16068,25.26605505,Private
71203,Monroe,LA,Louisiana Delta Community College,1,2,1,5,41,NULL,3004,1840,25.87845706,Public
70803-2750,Baton Rouge,LA,Louisiana State University and Agricultural & Mechanical College,3,4,1,5,12,0.7663,24452,10082,20.39357741,Public
70112-2223,New Orleans,LA,Louisiana State University Health Sciences Center-New Orleans,3,4,1,5,11,NULL,911,12642,27.04565217,Public
71103,Shreveport,LA,Louisiana State University Health Sciences Center-Shreveport,3,4,1,5,12,NULL,35,13615,27.84848485,Public
71302-9121,Alexandria,LA,Louisiana State University-Alexandria,3,4,1,5,41,0.5455,2244,4864,23.49958437,Public
70535,Eunice,LA,Louisiana State University-Eunice,2,2,1,5,32,NULL,2406,2727,22.13960834,Public
71115-2399,Shreveport,LA,Louisiana State University-Shreveport,3,4,1,5,12,0.7667,2640,4180,24.94634526,Public
71272,Ruston,LA,Louisiana Tech University,3,4,1,5,32,0.6503,7272,6473,20.78003384,Public
70118-6143,New Orleans,LA,Loyola University New Orleans,3,4,2,5,11,0.9025,2734,18553,20.20943396,Private
70605,Lake Charles,LA,McNeese State University,3,4,1,5,13,0.7527,6597,4780,22.08067853,Public
70816-5820,Baton Rouge,LA,Medical Training College,1,1,3,5,12,NULL,221,6891,25.53052632,Private
70816-2246,Baton Rouge,LA,Mid City College,2,1,3,5,12,NULL,35,7443,28.19047619,Private
70816,Baton Rouge,LA,Moore Career College,1,1,3,5,21,NULL,58,12619,28.88495575,Private
70056,Gretna,LA,My Le's Beauty College,1,1,3,5,21,NULL,35,4706,32.31428571,Private
70310,Thibodaux,LA,Nicholls State University,3,4,1,5,13,0.8837,5513,5254,22.13025032,Public
70427,Bogalusa,LA,Northshore Technical Community College,1,2,1,5,41,NULL,1860,1344,25.47337662,Public
71055-0000,Minden,LA,Northwest Louisiana Technical College,1,2,1,5,41,NULL,1827,599,27.24891462,Public
71497-0002,Natchitoches,LA,Northwestern State University of Louisiana,3,4,1,5,33,0.7298,6828,5838,23.9407612,Public
70118-4391,New Orleans,LA,Notre Dame Seminary Graduate School of Theology,3,4,2,5,11,NULL,12,33733,NULL,Private
70043,Chalmette,LA,Nunez Community College,1,2,1,5,21,NULL,1682,1558,26.77561608,Public
70360-2716,Houma,LA,Omega Institute of Cosmetology,1,1,3,5,22,NULL,57,8294,23.52459016,Private
70570,Opelousas,LA,Opelousas School of Cosmetology,1,1,3,5,31,NULL,16,811,24.96296296,Private
70808,Baton Rouge,LA,Our Lady of the Lake College,2,4,2,5,12,0.726,1551,12893,26.99871795,Private
70122-3808,New Orleans,LA,Park Place Premier Barber School,NULL,1,3,5,11,NULL,15,2637,28.13953488,Private
71111,Bossier City,LA,Pat Goins Benton Road Beauty School,1,1,3,5,13,NULL,16,212,27.25,Private
71270,Ruston,LA,Pat Goins Ruston Beauty School,1,1,3,5,32,NULL,35,4704,24.91489362,Private
71360-0000,Pineville,LA,Pineville Beauty School,1,1,3,5,23,NULL,75,2727,23.74647887,Private
70737,Gonzales,LA,River Parishes Community College,1,2,1,5,41,NULL,1451,2170,23.95846995,Public
70457,St. Benedict,LA,Saint Joseph Seminary College,3,3,2,5,41,NULL,126,19233,22.48387097,Private
71109-4124,Shreveport,LA,Setting the Standard Barbering and Natural Hair Academy,NULL,1,3,5,12,NULL,16,1718,30.39130435,Private
70380,Morgan City,LA,South Central Louisiana Technical College,1,2,1,5,32,NULL,1272,3085,25.79155673,Public
70363,Houma,LA,South Louisiana Beauty College,1,1,3,5,13,NULL,33,3160,23.07894737,Private
70506-4109,Lafayette,LA,South Louisiana Community College,1,2,1,5,12,NULL,5021,1576,25.06115739,Public
70402,Hammond,LA,Southeastern Louisiana University,3,4,1,5,13,0.8373,11199,4772,21.02192067,Public
70813,Baton Rouge,LA,Southern University and A & M College,3,4,1,5,12,0.5365,5133,4727,21.66922052,Public
70126,New Orleans,LA,Southern University at New Orleans,3,4,1,5,11,0.207,1658,3783,26.74709302,Public
71107,Shreveport,LA,Southern University at Shreveport,2,2,1,5,12,NULL,2683,918,23.35362211,Public
70813,Baton Rouge,LA,Southern University Law Center,3,4,1,5,12,NULL,NULL,12958,21.66922052,Public
70616,Lake Charles,LA,SOWELA Technical Community College,1,2,1,5,13,NULL,2810,2252,25.07253086,Public
70605,Lake Charles,LA,Stage One-The Hair School,1,1,3,5,13,NULL,103,7805,23.07514451,Private
70114,New Orleans,LA,Stevensons Academy of Hair Design,1,1,3,5,11,NULL,99,3254,27.34065934,Private
70118-5698,New Orleans,LA,Tulane University of Louisiana,3,4,2,5,11,0.2795,7892,24250,23.64572864,Private
70506,Lafayette,LA,Unitech Training Academy-Lafayette,1,1,3,5,12,NULL,125,9826,26.60423672,Private
70131-7399,New Orleans,LA,University of Holy Cross,3,4,2,5,11,0.5618,846,13551,26.00930233,Private
70503,Lafayette,LA,University of Louisiana at Lafayette,3,4,1,5,12,0.558,14667,5702,22.46501084,Public
71209-0000,Monroe,LA,University of Louisiana at Monroe,3,4,1,5,13,0.7722,5799,6327,21.45505171,Public
70148,New Orleans,LA,University of New Orleans,3,4,1,5,11,0.4357,6742,7792,22.71606476,Public
70458-0458,Slidell,LA,Vanguard College of Cosmetology-Slidell,1,1,3,5,23,NULL,94,7724,23.18,Private
70125-1098,New Orleans,LA,Xavier University of Louisiana,3,4,2,5,11,0.6599,2313,15977,20.23524904,Private
02301-5734,Brockton,MA,Ailano School of Cosmetology,1,1,3,1,21,NULL,36,10297,27.09615385,Private
01420-0000,Fitchburg,MA,Alexander Academy,1,1,3,1,22,NULL,58,5886,26.89855073,Private
1109,Springfield,MA,American International College,3,4,2,1,12,0.6757,1473,13220,22.20915713,Private
01002-5000,Amherst,MA,Amherst College,3,3,2,1,21,0.1384,1792,23728,19.77948718,Private
02459-2243,Newton Centre,MA,Andover Newton Theological School,3,4,2,1,13,NULL,NULL,10880,PrivacySuppressed,Private
01612-1198,Paxton,MA,Anna Maria College,3,4,2,1,41,0.7757,1108,15425,24.37634409,Private
1752,Marlborough,MA,Assabet Valley Regional Technical School,1,1,1,1,21,0.8462,44,10654,30.96721312,Public
01609-1296,Worcester,MA,Assumption College,3,4,2,1,12,0.813,2193,13538,21.27820268,Private
02457-0310,Wellesley,MA,Babson College,3,4,2,1,21,0.2631,2107,33960,19.53333333,Private
1604,Worcester,MA,Bancroft School of Massage Therapy,1,1,3,1,12,NULL,70,18957,31.18518519,Private
01230-9702,Great Barrington,MA,Bard College at Simon's Rock,2,3,2,1,41,0.8939,323,20848,17.65116279,Private
1106,Longmeadow,MA,Bay Path University,3,4,2,1,21,0.6305,1574,13659,29.13090909,Private
2116,Boston,MA,Bay State College,2,3,3,1,11,0.5041,1108,18058,25.71030303,Private
02021-2358,Canton,MA,Bay State School of Technology,1,1,3,1,21,NULL,152,15164,34.23913044,Private
01609-2165,Worcester,MA,Becker College,3,3,2,1,12,0.6247,1975,18707,23.16973244,Private
2116,Boston,MA,Benjamin Franklin Institute of Technology,2,3,2,1,11,NULL,484,11283,23.28653846,Private
02452-4705,Waltham,MA,Bentley University,3,4,2,1,13,0.4611,4190,26044,19.60016556,Private
2215,Boston,MA,Berklee College of Music,3,4,2,1,11,0.4038,4743,30778,21.79709091,Private
01201-5786,Pittsfield,MA,Berkshire Community College,2,2,1,1,41,NULL,1867,3925,25.99112689,Public
1568,Upton,MA,Blackstone Valley Vocational Regional School District,1,1,1,1,21,NULL,48,10770,30.51428571,Public
2021,Canton,MA,Blue Hills Regional Technical School,1,1,1,1,21,0.6667,56,3079,29.96428571,Public
02115-2703,Boston,MA,Boston Architectural College,3,4,2,1,11,NULL,352,18787,23.49473684,Private
02136-4030,Boston,MA,Boston Baptist College,3,3,2,1,11,0.7391,73,15854,22.78723404,Private
2467,Chestnut Hill,MA,Boston College,3,4,2,1,13,0.3391,9483,29527,19.50336215,Private
2446,Brookline,MA,Boston Graduate School of Psychoanalysis Inc,NULL,4,2,1,21,NULL,NULL,14175,NULL,Private
2215,Boston,MA,Boston University,3,4,2,1,11,0.3451,16457,28408,19.76773888,Private
02454-9110,Waltham,MA,Brandeis University,3,4,2,1,13,0.3522,3715,20256,19.52976791,Private
2325,Bridgewater,MA,Bridgewater State University,3,4,1,1,21,0.7931,9500,7655,21.80764134,Public
02720-7395,Fall River,MA,Bristol Community College,2,2,1,1,21,NULL,8232,3400,24.76473945,Public
02129-2925,Boston,MA,Bunker Hill Community College,2,2,1,1,11,NULL,12696,2921,25.30011136,Public
2138,Cambridge,MA,Cambridge College,3,4,2,1,12,NULL,1134,10711,31.6523888,Private
02668-1599,West Barnstable,MA,Cape Cod Community College,2,2,1,1,13,NULL,3237,2938,26.63755981,Public
01801-6819,Woburn,MA,Catherine Hinds Institute of Esthetics,1,1,3,1,21,NULL,222,5517,28.55797101,Private
01247-3999,North Adams,MA,Charles H McCann Technical School,1,1,1,1,23,NULL,55,2100,27.89473684,Public
01610-1477,Worcester,MA,Clark University,3,4,2,1,12,0.5403,2239,16719,20.11137725,Private
1013,Chicopee,MA,College of Our Lady of the Elms,3,4,2,1,21,0.7897,1336,12028,26.60777385,Private
01610-2395,Worcester,MA,College of the Holy Cross,3,3,2,1,12,0.4334,2754,26127,19.36330498,Private
01341-0179,Conway,MA,Conway School of Landscape Design,NULL,4,2,1,41,NULL,NULL,31367,NULL,Private
2472,Watertown,MA,Cortiva Institute-Boston,1,1,3,1,21,NULL,166,17951,31.01149425,Private
02186-2395,Milton,MA,Curry College,3,4,2,1,21,0.8688,2843,20717,23.20267559,Private
02038-1941,Franklin,MA,Dean College,2,3,2,1,21,0.6866,1256,16144,20.36946903,Private
1089,West Springfield,MA,DiGrigoli School of Cosmetology,1,1,3,1,21,NULL,24,5477,22.92957747,Private
2723,Fall River,MA,Diman Regional Technical Institute,1,1,1,1,21,0.2848,80,4919,29.43518519,Public
02170-2999,Quincy,MA,Eastern Nazarene College,3,4,2,1,21,0.5287,1054,13130,24.32210526,Private
1876,Tewksbury,MA,EINE Inc,1,1,3,1,21,NULL,43,7850,33.67346939,Private
2155,Medford,MA,Elizabeth Grady School of Esthetics and Massage Therapy,1,1,3,1,21,NULL,183,7791,27.44954128,Private
02116-4624,Boston,MA,Emerson College,3,4,2,1,11,0.4918,3757,25406,19.93816631,Private
2115,Boston,MA,Emmanuel College,3,4,2,1,11,0.693,1967,17131,19.71382637,Private
1702,Framingham,MA,Empire Beauty School-Framingham,1,1,3,1,13,NULL,79,9195,26.09687774,Private
1915,Beverly,MA,Endicott College,3,4,2,1,21,0.7315,2781,14246,20.86356589,Private
02138-3494,Cambridge,MA,Episcopal Divinity School,3,4,2,1,12,NULL,NULL,6591,NULL,Private
02135-3605,Brighton,MA,Everest Institute-Brighton,1,1,3,1,11,NULL,85,8641,27.04709141,Private
2062,Norwood,MA,FINE Mortuary College,2,2,3,1,21,0.7647,95,20858,28.69642857,Private
2116,Boston,MA,Fisher College,2,3,2,1,11,0.6557,1631,12837,26.79007972,Private
01420-2697,Fitchburg,MA,Fitchburg State University,3,4,1,1,22,0.7231,4134,6214,21.52411736,Public
01701-9101,Framingham,MA,Framingham State University,3,4,1,1,13,0.6226,4329,5875,21.34454589,Public
02492-1200,Needham,MA,Franklin W Olin College of Engineering,3,3,2,1,21,0.12,334,14751,19.36363636,Private
1984,Wenham,MA,Gordon College,3,4,2,1,21,0.8837,1703,18066,19.69115442,Private
1982,South Hamilton,MA,Gordon-Conwell Theological Seminary,3,4,2,1,21,NULL,NULL,8963,PrivacySuppressed,Private
1879,Tyngsboro,MA,Greater Lowell Technical School,1,1,1,1,21,0.5333,80,6296,28.6036036,Public
01301-9739,Greenfield,MA,Greenfield Community College,2,2,1,1,32,NULL,1850,5003,26.26519337,Public
01376-0308,Turners Falls,MA,Hallmark Institute of Photography,1,1,3,1,32,NULL,77,62516,23.125,Private
01002-5001,Amherst,MA,Hampshire College,3,3,2,1,21,0.6664,1358,25111,20.11971831,Private
2138,Cambridge,MA,Harvard University,3,4,2,1,12,0.0596,7236,30239,22.33949416,Private
02459-2237,Newton Centre,MA,Hebrew College,3,4,2,1,13,NULL,2,30294,NULL,Private
02445-7496,Brookline,MA,Hellenic College-Holy Cross Greek Orthodox School of Theology,3,4,2,1,21,NULL,81,14918,21.65789474,Private
01420-5675,Fitchburg,MA,Henris School of Hair Design,1,1,3,1,22,NULL,27,10868,26.06451613,Private
1040,Holyoke,MA,Holyoke Community College,2,2,1,1,21,NULL,6234,3490,24.51028126,Public
02141-1805,Cambridge,MA,Hult International Business School,3,4,2,1,12,NULL,NULL,47530,PrivacySuppressed,Private
1056,Ludlow,MA,Jolie Hair and Beauty Academy-Ludlow,1,1,3,1,21,NULL,103,12755,27.20218579,Private
02122-2834,Boston,MA,Jupiter Beauty Academy,NULL,1,3,1,11,NULL,124,7733,28.63888889,Private
1089,West Springfield,MA,Kay Harvey Academy of Hair Design,1,1,3,1,21,NULL,34,5153,25.90740741,Private
2301,Brockton,MA,La Baron Hairdressing Academy-Brockton,1,1,3,1,21,NULL,38,9705,26.37209302,Private
2740,New Bedford,MA,La Baron Hairdressing Academy-New Bedford,1,1,3,1,22,NULL,57,6666,24.77941177,Private
2186,Milton,MA,Laboure College,2,3,2,1,21,0.9048,757,20858,29.75095785,Private
2466,Newton,MA,Lasell College,3,4,2,1,13,0.7632,1727,17628,19.76427061,Private
2155,Medford,MA,Lawrence Memorial Hospital School of Nursing,2,2,2,1,21,NULL,283,27166,30.37674419,Private
02138-2790,Cambridge,MA,Lesley University,3,4,2,1,12,0.7149,1727,18064,22.95221028,Private
01852-1909,Lowell,MA,Lowell Academy Hairstyling Institute,1,1,3,1,21,NULL,95,9694,25.07633588,Private
2169,Quincy,MA,Mansfield Beauty Schools-Quincy,1,1,3,1,21,NULL,65,8509,28.40322581,Private
1103,Springfield,MA,Mansfield Beauty Schools-Springfield,1,1,3,1,12,NULL,31,8143,26.26086957,Private
1907,Swampscott,MA,Marian Court College,2,3,2,1,21,NULL,164,11115,25.05747126,Private
02481-5399,Wellesley Hills,MA,Massachusetts Bay Community College,2,2,1,1,21,NULL,4480,3331,25.38006231,Public
02115-5882,Boston,MA,Massachusetts College of Art and Design,3,4,1,1,11,0.7294,1781,11821,21.15724138,Public
01247-4100,North Adams,MA,Massachusetts College of Liberal Arts,3,4,1,1,31,0.7227,1517,5499,22.10709988,Public
02114-2696,Boston,MA,Massachusetts General Hospital Dietetic Internship,NULL,0,2,1,11,NULL,NULL,2764,NULL,Private
02139-4307,Cambridge,MA,Massachusetts Institute of Technology,3,4,2,1,12,0.0788,4476,28992,19.31099874,Private
02532-1803,Buzzards Bay,MA,Massachusetts Maritime Academy,3,4,1,1,22,0.616,1395,8830,19.98310292,Public
2169,Quincy,MA,Massachusetts School of Barbering,1,1,3,1,21,NULL,92,11154,29.08737864,Private
1810,Andover,MA,Massachusetts School of Law,3,4,2,1,21,NULL,NULL,14355,NULL,Private
02302-3996,Brockton,MA,Massasoit Community College,2,2,1,1,21,NULL,6740,4900,24.58938755,Public
02115-5896,Boston,MA,MCPHS University,3,4,2,1,11,0.8401,3944,28155,21.38377302,Private
02148-8143,Malden,MA,Medical Professional Institute,1,1,3,1,21,1,290,13245,31.35875706,Private
1845,North Andover,MA,Merrimack College,3,4,2,1,21,0.7777,2985,17808,20.26470588,Private
02129-4557,Boston,MA,MGH Institute of Health Professions,3,4,2,1,11,NULL,193,19670,27.64705882,Private
01730-9124,Bedford,MA,Middlesex Community College,2,2,1,1,21,NULL,8429,3581,24.08038508,Public
1801,Woburn,MA,Millennium Training Institute,1,1,3,1,21,NULL,117,12573,38.13861386,Private
01915-4508,Beverly,MA,Montserrat College of Art,3,3,2,1,21,NULL,380,18263,19.86666667,Private
1420,Fitchburg,MA,Monty Tech,1,1,1,1,22,0.9434,44,11284,29.67532468,Public
2771,Seekonk,MA,Motoring Technical Training Institute,1,1,3,1,21,0.7756,314,11977,27.58841463,Private
01075-1489,South Hadley,MA,Mount Holyoke College,3,4,2,1,21,0.547,2161,18878,20.55447155,Private
2459,Newton,MA,Mount Ida College,3,4,2,1,13,0.6849,1290,16767,20.9003881,Private
01440-1000,Gardner,MA,Mount Wachusett Community College,2,2,1,1,41,NULL,3924,3763,25.76828358,Public
1730,Bedford,MA,National Aviation Academy of New England,1,1,3,1,21,NULL,218,11158,26.18333333,Private
02540-2958,Falmouth,MA,National Graduate School of Quality Management,3,4,2,1,22,NULL,109,23429,39.72972973,Private
2110,Boston,MA,New England College of Business and Finance,3,4,3,1,11,NULL,690,9569,31.68387097,Private
2115,Boston,MA,New England College of Optometry,3,4,2,1,11,NULL,NULL,37015,NULL,Private
2148,Malden,MA,New England Hair Academy,1,1,3,1,21,NULL,132,11020,26.22335025,Private
2116,Boston,MA,New England Law-Boston,3,4,2,1,11,NULL,NULL,32990,NULL,Private
2458,Newton,MA,New England School of Acupuncture,NULL,4,2,1,13,NULL,NULL,10849,NULL,Private
2215,Boston,MA,New England School of Photography,1,1,3,1,11,0.9405,65,26857,24.53846154,Private
2445,Brookline,MA,Newbury College,3,3,2,1,21,0.7026,871,15985,20.3538206,Private
01571-5000,Dudley,MA,Nichols College,3,4,2,1,21,0.7628,1312,15101,20.85892634,Private
2109,Boston,MA,North Bennet Street School,1,1,2,1,11,NULL,154,18853,28.95495496,Private
01923-0840,Danvers,MA,North Shore Community College,2,2,1,1,21,NULL,6707,3250,24.93223819,Public
02115-5005,Boston,MA,Northeastern University,3,4,2,1,11,0.3222,13492,29609,21.9885311,Private
2115,Boston,MA,Northeastern University Global Network,3,4,2,1,11,NULL,1976,11559,21.9885311,Private
01830-2399,Haverhill,MA,Northern Essex Community College,2,2,1,1,21,NULL,6359,2511,24.28942535,Public
1835,Haverhill,MA,Northpoint Bible College,3,3,2,1,21,NULL,300,11024,24.12562814,Private
2467,Chestnut Hill,MA,Pine Manor College,3,4,2,1,21,0.6784,401,13673,20.32019704,Private
02493-2699,Weston,MA,Pope St John XXIII National Seminary,NULL,4,2,1,21,NULL,NULL,26511,NULL,Private
2169,Quincy,MA,Quincy College,2,2,1,1,21,NULL,4129,4918,26.97807333,Public
01606-2092,Worcester,MA,Quinsigamond Community College,2,2,1,1,12,NULL,7501,3250,25.15472217,Public
02493-1571,Weston,MA,Regis College,3,4,2,1,21,0.7591,1166,17530,22.0585443,Private
02720-3445,Fall River,MA,Rob Roy Academy-Fall River,1,1,3,1,21,NULL,61,11063,25.27272727,Private
02720-3445,New Bedford,MA,Rob Roy Academy-New Bedford,1,1,3,1,22,NULL,20,14663,27.33333333,Private
02780-5339,Taunton,MA,Rob Roy Academy-Taunton,1,1,3,1,21,NULL,34,10440,23.03278689,Private
1609,Worcester,MA,Rob Roy Academy-Worcester,1,1,3,1,12,NULL,176,8243,25.74180328,Private
02120-3400,Roxbury Crossing,MA,Roxbury Community College,2,2,1,1,11,NULL,2280,2137,27.62826899,Public
02135-3846,Brighton,MA,Saint John's Seminary,3,4,2,1,11,NULL,28,9742,NULL,Private
1970,Salem,MA,Salem State University,3,4,1,1,21,0.7057,7180,7002,22.44195639,Public
1583,West Boylston,MA,Salter College-West Boylston,1,2,3,1,21,NULL,554,12948,29.53861165,Private
02115-5596,Boston,MA,School of the Museum of Fine Arts-Boston,3,4,2,1,11,0.9035,311,24737,22.22463768,Private
01821-5499,Billerica,MA,Shawsheen Valley Regional Vocational Technical School,1,1,1,1,21,0.6667,43,7729,29.71212121,Public
02302-1905,Brockton,MA,Signature Healthcare Brockton Hospital School of Nursing,1,1,2,1,21,0.4737,317,24235,29.06018519,Private
02115-5898,Boston,MA,Simmons College,3,4,2,1,11,0.5216,1598,18581,21.38538682,Private
1063,Northampton,MA,Smith College,3,4,2,1,21,0.4221,2563,21901,20.55916775,Private
2375,South Easton,MA,Southeastern Technical Institute,1,1,1,1,21,0.7125,122,4993,28.63212435,Public
01507-1331,Charlton,MA,Southern Worcester County Regional Voc School District,1,1,1,1,41,NULL,22,11423,30.37254902,Public
01109-3797,Springfield,MA,Springfield College,3,4,2,1,12,0.7087,2136,16867,29.5487013,Private
1109,Springfield,MA,Springfield College-School of Professional and Continuing Studies,3,4,2,1,12,NULL,1237,9620,29.5487013,Private
01105-1296,Springfield,MA,Springfield Technical Community College,2,2,1,1,12,NULL,6069,2932,25.24692526,Public
02357-6110,Easton,MA,Stonehill College,3,3,2,1,21,0.7696,2274,21222,19.43340164,Private
02108-2770,Boston,MA,Suffolk University,3,4,2,1,11,0.8391,5274,24887,20.44352078,Private
2215,Boston,MA,The Boston Conservatory,3,4,2,1,11,0.3904,505,51665,19.79194631,Private
02115-5018,Boston,MA,The New England Conservatory of Music,3,4,2,1,11,0.2914,389,30965,20.35643564,Private
02445-7295,Brookline,MA,The New England Institute of Art,3,3,3,1,21,NULL,555,16394,23.17539863,Private
01605-2213,Worcester,MA,Toni & Guy Hairdressing Academy-Worcester,1,1,3,1,12,NULL,168,27630,22.66552901,Private
2038,Franklin,MA,Tri County Regional Vocational Technical High School,1,1,1,1,21,NULL,65,5494,29.44444444,Public
02155-5555,Medford,MA,Tufts University,3,4,2,1,21,0.1724,5143,29681,19.54979675,Private
1655,Worcester,MA,University of Massachusetts Medical School Worcester,3,4,1,1,12,NULL,NULL,14904,PrivacySuppressed,Public
1003,Amherst,MA,University of Massachusetts-Amherst,3,4,1,1,21,0.6139,21864,12076,21.14714648,Public
02125-3393,Boston,MA,University of Massachusetts-Boston,3,4,1,1,11,0.7077,12108,12413,24.10413616,Public
02747-2300,North Dartmouth,MA,University of Massachusetts-Dartmouth,3,4,1,1,22,0.7682,7185,9174,21.20674406,Public
01854-5104,Lowell,MA,University of Massachusetts-Lowell,3,4,1,1,21,0.6201,12190,11698,22.93758056,Public
2532,Bourne,MA,Upper Cape Cod Regional Technical School,1,1,1,1,22,0.3853,70,7954,31.44086022,Public
02111-1093,Boston,MA,Urban College of Boston,1,2,2,1,11,NULL,747,5938,37.30677291,Private
02481-8203,Wellesley,MA,Wellesley College,3,3,2,1,21,0.3011,2172,19090,19.56673114,Private
2115,Boston,MA,Wentworth Institute of Technology,3,4,2,1,11,0.8264,4295,16132,20.76033058,Private
01119-2684,Springfield,MA,Western New England University,3,4,2,1,12,0.8015,2722,19220,20.06363636,Private
01086-1630,Westfield,MA,Westfield State University,3,4,1,1,21,0.7456,5429,7161,21.31505484,Public
02766-2322,Norton,MA,Wheaton College,3,3,2,1,21,0.6963,1575,23672,19.3373494,Private
02215-4104,Boston,MA,Wheelock College,3,4,2,1,11,0.8752,867,18206,19.87903226,Private
2459,Newton,MA,William James College,3,4,2,1,13,NULL,NULL,26626,NULL,Private
1267,Williamstown,MA,Williams College,3,4,2,1,31,0.1932,2019,28118,19.32235294,Private
01609-2280,Worcester,MA,Worcester Polytechnic Institute,3,4,2,1,12,0.4378,4123,32881,19.46097739,Private
01602-2597,Worcester,MA,Worcester State University,3,4,1,1,12,0.613,5063,6197,21.97295013,Public
20602,Waldorf,MD,Aaron's Academy of Beauty,1,1,3,2,22,NULL,28,12553,24.94736842,Private
20877,Gaithersburg,MD,Aesthetics Institute of Cosmetology,1,1,3,2,13,NULL,86,4547,29.14516129,Private
21502-2596,Cumberland,MD,Allegany College of Maryland,2,2,1,2,13,NULL,2585,2665,24.09287599,Public
21224,Baltimore,MD,All-State Career-Baltimore,1,1,3,2,11,NULL,714,8737,30.37541862,Private
20902-1911,Wheaton,MD,American Beauty Academy,1,1,3,2,21,NULL,1037,8942,26.4193297,Private
21012-1895,Arnold,MD,Anne Arundel Community College,2,2,1,2,21,NULL,13067,3340,25.30579423,Public
20724,Laurel,MD,Aspen Beauty Academy of Laurel,1,1,3,2,21,NULL,75,7312,26.97959184,Private
21740-5610,Hagerstown,MD,Award Beauty School,1,1,3,2,13,NULL,266,3849,28.68893528,Private
21209-1613,Baltimore,MD,Bais HaMedrash and Mesivta of Baltimore,3,3,2,2,21,0.96,59,26676,18.10344828,Private
21215-7893,Baltimore,MD,Baltimore City Community College,2,2,1,2,11,NULL,4640,959,26.97184917,Public
21090,Linthicum,MD,Baltimore School of Massage-Linthicum,1,1,3,2,21,NULL,327,5271,29.90077653,Private
21201-3444,Baltimore,MD,Baltimore Studio of Hair Design,1,1,3,2,11,NULL,62,3683,25.64166667,Private
20619,California,MD,Blades School of Hair Design,1,1,3,2,13,NULL,99,7452,26.46491228,Private
20715-9465,Bowie,MD,Bowie State University,3,4,1,2,21,0.5506,4401,5394,22.91625413,Public
21227-1063,Baltimore,MD,Brightwood College-Baltimore,1,2,3,2,11,NULL,547,10206,27.37593284,Private
20705,Beltsville,MD,Brightwood College-Beltsville,1,2,3,2,21,NULL,388,8826,28.44224924,Private
21286-2201,Towson,MD,Brightwood College-Towson,1,2,3,2,13,NULL,309,8367,27.97323136,Private
20708,Laurel,MD,Capitol Technology University,3,4,2,2,21,0.705,406,22353,23.72258065,Private
21157,Westminster,MD,Carroll Community College,2,2,1,2,41,NULL,3370,4012,24.66694915,Public
21901-1999,North East,MD,Cecil College,2,2,1,2,41,NULL,2316,3474,26.08362989,Public
21679-0008,Wye Mills,MD,Chesapeake College,2,2,1,2,42,NULL,2067,3234,24.43292683,Public
20646-0910,La Plata,MD,College of Southern Maryland,2,2,1,2,41,NULL,7965,5066,25.54568855,Public
21216-3698,Baltimore,MD,Coppin State University,3,4,1,2,11,0.4312,2652,1680,27.40431267,Public
21804-6952,Salisbury,MD,Delmarva Beauty Academy,1,1,3,2,13,NULL,66,3748,24.84210526,Private
21212-2624,Baltimore,MD,Faith Theological Seminary,3,4,2,2,11,0.5714,70,6832,50.88571429,Private
21204-9840,Towson,MD,Fortis Institute-Towson,1,1,3,2,13,NULL,719,8335,28.14804271,Private
21702-2964,Frederick,MD,Frederick Community College,2,2,1,2,13,NULL,5248,4144,25.73868836,Public
21701,Frederick,MD,Frederick School of Cosmetology,1,1,3,2,13,NULL,17,11714,25.20833333,Private
21532-1099,Frostburg,MD,Frostburg State University,3,4,1,2,23,0.5851,4765,5333,21.62634989,Public
21541,McHenry,MD,Garrett College,2,2,1,2,42,NULL,544,3203,21.2166065,Public
21204-2794,Baltimore,MD,Goucher College,3,4,2,2,13,0.7569,1463,17814,19.58885017,Private
21742-6514,Hagerstown,MD,Hagerstown Community College,2,2,1,2,22,NULL,3710,5136,26.05390625,Public
20748-1401,Hillcrest Heights,MD,Hair Academy II,1,1,3,2,21,NULL,21,11352,25.99014778,Private
20784,New Carrollton,MD,Hair Academy Inc-New Carrollton,1,1,3,2,21,NULL,504,3521,28.38256659,Private
20852,Rockville,MD,Hair Expressions Academy,1,1,3,2,21,NULL,149,25655,25.52631579,Private
21015-1698,Bel Air,MD,Harford Community College,2,2,1,2,41,NULL,5750,2937,25.02512563,Public
20785-2135,Landover,MD,Harmon's Beauty School,1,1,3,2,21,NULL,7,9932,22.68421053,Private
21218-2407,Baltimore,MD,Holistic Massage Training Institute,1,1,3,2,11,NULL,31,5902,34.11627907,Private
21701,Frederick,MD,Hood College,3,4,2,2,13,0.8069,1330,15064,21.32720588,Private
21044-3197,Columbia,MD,Howard Community College,2,2,1,2,13,NULL,9502,4514,25.25730497,Public
21031-1408,Hunt Valley,MD,Institute of Health Sciences,1,1,3,2,21,NULL,66,9677,31.92198582,Private
21502,Cumberland,MD,International Beauty School,1,1,3,2,13,NULL,116,17319,28.21839081,Private
21218-2688,Baltimore,MD,Johns Hopkins University,3,4,2,2,11,0.1608,6039,23199,22.2063335,Private
20877-1414,Gaithersburg,MD,L'Academie de Cuisine,1,1,3,2,21,0.8947,63,36302,29.23030303,Private
21046,Columbia,MD,Lincoln College of Technology-Columbia,1,2,3,2,13,NULL,647,18134,26.37444444,Private
21210-2699,Baltimore,MD,Loyola University Maryland,3,4,2,2,11,0.5963,4062,24968,19.50037453,Private
20743,Capitol Heights,MD,Maple Springs Baptist Bible College and Seminary,3,4,2,2,21,NULL,66,6619,PrivacySuppressed,Private
21136-2331,Reisterstown,MD,Maryland Beauty Academy,1,1,3,2,21,NULL,26,3196,29,Private
21224,Baltimore,MD,Maryland Beauty Academy of Essex,1,1,3,2,21,NULL,102,4115,25.27388535,Private
21217-4134,Baltimore,MD,Maryland Institute College of Art,3,4,2,2,11,0.5416,1907,27067,20.44984326,Private
20723,Laurel,MD,Maryland University of Integrative Health,3,4,2,2,21,NULL,NULL,13839,PrivacySuppressed,Private
21157,Westminster,MD,McDaniel College,3,4,2,2,23,0.7613,1649,14652,19.9706275,Private
20901,Silver Spring,MD,Montgomery Beauty School,1,1,3,2,13,NULL,118,4958,29.77018634,Private
20850,Rockville,MD,Montgomery College,2,2,1,2,13,NULL,18672,3661,23.92817989,Public
21251-0001,Baltimore,MD,Morgan State University,3,4,1,2,11,0.6525,6239,5872,21.77774075,Public
21727-7799,Emmitsburg,MD,Mount St Mary's University,3,4,2,2,31,0.6687,1806,16339,20.49131514,Private
21208,Baltimore,MD,Ner Israel Rabbinical College,3,4,2,2,21,0.7794,305,6510,21.8372093,Private
21244,Baltimore,MD,North American Trade Schools,1,1,3,2,21,NULL,558,9125,30.82277397,Private
21210-2476,Baltimore,MD,Notre Dame of Maryland University,3,4,2,2,11,0.4946,1153,15870,27.77955912,Private
20852,Rockville,MD,Omega Studios' School of Applied Recording Arts & Sciences,1,1,3,2,21,NULL,85,31949,24.11340206,Private
20774-2199,Largo,MD,Prince George's Community College,2,2,1,2,21,NULL,12429,3142,26.04624114,Public
21093,Timonium,MD,Robert Paul Academy of Cosmetology Arts & Sciences,1,1,3,2,21,NULL,25,8366,23.71232877,Private
21801-6862,Salisbury,MD,Salisbury University,3,4,1,2,23,0.5469,7782,6252,21.2949495,Public
21205-1898,Baltimore,MD,Sojourner-Douglass College,3,4,2,2,11,NULL,659,14648,33.26949153,Private
21401,Annapolis,MD,St John's College,3,4,2,2,21,0.8696,429,22377,20.46590909,Private
20686-3001,St. Mary's City,MD,St Mary's College of Maryland,3,4,1,2,23,0.7887,1668,12403,19.86762075,Public
21153-0641,Stevenson,MD,Stevenson University,3,4,2,2,41,0.6231,3778,14586,21.78639053,Private
21014-3639,Bel Air,MD,The Colorlab Academy of Hair,1,1,3,2,22,NULL,66,8383,23.97979798,Private
21237,Baltimore,MD,The Community College of Baltimore County,2,2,1,2,21,NULL,21500,4190,25.42014557,Public
21701,Frederick,MD,The Temple-A Paul Mitchell Partner School,1,1,3,2,13,NULL,218,10380,23.3203125,Private
21252-0001,Towson,MD,Towson University,3,4,1,2,13,0.5921,18546,6531,21.55855457,Public
21201-5720,Baltimore,MD,University of Baltimore,3,4,1,2,11,0.6204,3444,10024,27.13376932,Public
21201-1627,Baltimore,MD,University of Maryland  Baltimore,3,4,1,2,11,NULL,786,15656,28.28142077,Public
21853-1299,Princess Anne,MD,University of Maryland Eastern Shore,3,4,1,2,31,0.6127,3441,4016,20.98167849,Public
21250,Baltimore,MD,University of Maryland-Baltimore County,3,4,1,2,21,0.5961,11274,8750,22.37050261,Public
20742,College Park,MD,University of Maryland-College Park,3,4,1,2,21,0.4793,26532,11089,20.93972906,Public
20783-8010,Adelphi,MD,University of Maryland-University College,3,4,1,2,21,NULL,33892,10859,29.88248982,Public
20912,Takoma Park,MD,Washington Adventist University,3,4,2,2,21,0.4492,790,10184,23.86246418,Private
21620-1438,Chestertown,MD,Washington College,3,4,2,2,32,0.5566,1408,20737,19.41941748,Private
21804-7131,Salisbury,MD,Wor-Wic Community College,2,2,1,2,41,NULL,2799,2076,24.96021798,Public
20902,Silver  Spring,MD,Yeshiva College of the Nations Capital,3,3,2,2,21,NULL,21,2789,PrivacySuppressed,Private
4240,Lewiston,ME,Bates College,3,3,2,1,13,0.2542,1773,41051,19.37993921,Private
4401,Bangor,ME,Beal College,2,2,3,1,13,NULL,424,5935,27.9466951,Private
04009-1110,Bridgton,ME,Birthwise Midwifery School,1,1,3,1,42,0.6,70,13518,30.38235294,Private
4011,Brunswick,ME,Bowdoin College,3,3,2,1,31,0.1491,1797,28543,19.37377049,Private
04330-0000,Augusta,ME,Capilo School of Hair Design,1,1,3,1,32,NULL,147,5012,27.15384615,Private
04210-6498,Auburn,ME,Central Maine Community College,2,2,1,1,41,NULL,2497,887,25.54016478,Public
04901-8840,Waterville,ME,Colby College,3,3,2,1,33,0.2805,1847,28496,19.42068966,Private
4609,Bar Harbor,ME,College of the Atlantic,3,4,2,1,33,0.711,365,37489,20.55494506,Private
04092-2878,Westbrook,ME,Cosmotech School of Cosmetology,NULL,1,3,1,22,NULL,41,3508,25.1754386,Private
4401,Bangor,ME,Eastern Maine Community College,2,2,1,1,13,NULL,2060,1398,24.33786288,Public
4101,Portland,ME,Empire Beauty School-Maine,1,1,3,1,13,NULL,291,8303,26.30347636,Private
04401-2999,Bangor,ME,Husson University,3,4,2,1,13,0.7195,2292,12740,21.70622951,Private
04102-0000,Portland,ME,Institute for Doctoral Studies in the Visual Arts,NULL,4,2,1,13,NULL,NULL,22088,NULL,Private
04937-1367,Fairfield,ME,Kennebec Valley Community College,2,2,1,1,41,NULL,1580,2500,27.81491465,Public
04101-3494,Portland,ME,Maine College of Art,3,4,2,1,13,0.9733,421,18009,20.63636364,Private
4240,Lewiston,ME,Maine College of Health Professions,2,2,2,1,13,0.3333,178,6722,29.40782123,Private
04420-0001,Castine,ME,Maine Maritime Academy,3,4,1,1,42,0.7863,1031,16862,20.42138365,Public
4401,Bangor,ME,New England School of Communications,3,3,2,1,13,NULL,334,8702,20.75675676,Private
04074-0000,Scarborough,ME,Northeast Technical Institute,1,1,3,1,22,NULL,453,18308,31.00166945,Private
04769-2016,Presque Isle,ME,Northern Maine Community College,2,2,1,1,33,NULL,759,817,24.48411215,Public
04084-5236,Standish,ME,Saint Joseph's College of Maine,3,4,2,1,41,0.7853,1817,9806,24.25679012,Private
4073,Sanford,ME,Seacoast Career Schools-Sanford Campus,1,1,3,1,32,NULL,233,10483,30.45808019,Private
04106-1698,South Portland,ME,Southern Maine Community College,2,2,1,1,13,NULL,5554,1617,24.44028474,Public
4092,Westbrook,ME,Spa Tech Institute-Westbrook,1,1,3,1,22,NULL,240,9177,29.60030166,Private
4046,Arundel,ME,The Landing School,1,2,2,1,41,NULL,78,13068,26.43859649,Private
04901-5097,Waterville,ME,Thomas College,3,4,2,1,41,0.7428,851,10375,20.4120983,Private
4988,Unity,ME,Unity College,3,3,2,1,43,0.931,585,14860,20.21220159,Private
4469,Orono,ME,University of Maine,3,4,1,1,23,0.8257,8682,9569,20.44904091,Public
04330-9410,Augusta,ME,University of Maine at Augusta,3,3,1,1,32,NULL,4094,5460,28.86893424,Public
04938-9978,Farmington,ME,University of Maine at Farmington,3,4,1,1,33,0.8455,1738,6403,20.45383104,Public
04743-1292,Fort Kent,ME,University of Maine at Fort Kent,3,3,1,1,43,0.7461,956,5616,25.93345656,Public
04654-1397,Machias,ME,University of Maine at Machias,3,3,1,1,43,NULL,574,4488,24.02011494,Public
04769-2888,Presque Isle,ME,University of Maine at Presque Isle,3,3,1,1,41,NULL,847,4491,23.29580153,Public
04005-9599,Biddeford,ME,University of New England,3,4,2,1,22,0.8568,2217,20791,20.21221613,Private
4103,Portland,ME,University of Southern Maine,3,4,1,1,13,0.8395,5783,8764,23.41830533,Public
4619,Calais,ME,Washington County Community College,1,2,1,1,33,NULL,311,3458,24.485623,Public
4090,Wells,ME,York County Community College,2,2,1,1,42,NULL,1400,338,26.4748491,Public
96960,Majuro,MH,College of the Marshall Islands,2,2,1,9,-3,0.8827,1078,541,22.03451883,Public
48075-5227,Southfield,MI,Abcott Institute,1,1,3,3,13,NULL,136,9603,28.13455658,Private
49221-2575,Adrian,MI,Adrian College,3,4,2,3,32,0.6189,1570,14193,19.77440347,Private
49224,Albion,MI,Albion College,3,3,2,3,31,0.6079,1249,16808,19.63898917,Private
48801-1599,Alma,MI,Alma College,3,3,2,3,32,0.7198,1362,15295,19.57080292,Private
49707,Alpena,MI,Alpena Community College,2,2,1,3,41,NULL,1282,3050,23.69169511,Public
49104,Berrien Springs,MI,Andrews University,3,4,2,3,31,0.3688,1629,15627,21.9596929,Private
48103,Ann Arbor,MI,Ann Arbor Institute of Massage Therapy,1,1,3,3,21,NULL,95,14767,30.18085106,Private
49506-1799,Grand Rapids,MI,Aquinas College,3,4,2,3,12,0.6509,1734,11627,20.60245902,Private
48507-5508,Flint,MI,Baker College,2,4,2,3,21,NULL,3684,9903,27.09867239,Private
49829-2511,Escanaba,MI,Bay de Noc Community College,2,2,1,3,33,NULL,1777,4495,24.27913534,Public
49715,Brimley,MI,Bay Mills Community College,2,2,1,3,42,NULL,547,717,26.62356322,Public
48708-5614,Bay City,MI,Bayshire Academy of Beauty Craft Inc,1,1,3,3,13,NULL,28,4913,29.25,Private
48040,Marysville,MI,Blue Water College of Cosmetology Inc,1,1,3,3,23,NULL,39,11165,27.5862069,Private
48116-8360,Brighton,MI,Brighton Institute of Cosmetology,1,1,3,3,22,NULL,56,3703,24.48275862,Private
49546,Grand Rapids,MI,Calvin College,3,4,2,3,12,0.7314,3825,16813,19.65781487,Private
49546-4387,Grand Rapids,MI,Calvin Theological Seminary,3,4,2,3,12,NULL,NULL,4547,31.66666667,Private
48910,Lansing,MI,Career Quest Learning Centers-Lansing,1,2,3,3,12,NULL,408,16874,30.71492537,Private
48083,Troy,MI,Carnegie Institute,1,1,3,3,13,NULL,249,12245,30.47286822,Private
48859,Mount Pleasant,MI,Central Michigan University,3,4,1,3,32,0.6927,20297,9613,21.94465796,Public
48843,Howell,MI,Cleary University,3,4,2,3,22,0.7929,438,14055,27.42735043,Private
48202,Detroit,MI,College for Creative Studies,3,4,2,3,11,0.4561,1376,23602,21.24954792,Private
49503,Grand Rapids,MI,Compass College of Cinematic Arts,2,2,2,3,12,0.7719,96,8576,23.39361702,Private
49525-5897,Grand Rapids,MI,Cornerstone University,3,4,2,3,12,0.6884,2020,11233,27.33333333,Private
48304,Bloomfield Hills,MI,Cranbrook Academy of Art,3,4,2,3,21,NULL,NULL,25754,NULL,Private
49512-9396,Grand Rapids,MI,Davenport University,3,4,2,3,21,0.9338,6348,16437,28.08006198,Private
48067-3219,Royal Oak,MI,David Pressley School of Cosmetology,1,1,3,3,21,NULL,181,7479,26.24354244,Private
48710,University Center,MI,Delta College,2,2,1,3,41,NULL,8383,3297,24.39109122,Public
48193,Riverview,MI,Detroit Business Institute-Downriver,1,1,3,3,21,NULL,73,13819,31.3902439,Private
48195,Southgate,MI,Dorsey Business Schools-Southgate,1,1,3,3,21,NULL,143,14048,28.5862069,Private
48823,East Lansing,MI,Douglas J Aveda Institute,1,1,3,3,13,NULL,826,11517,23.92818058,Private
48197,Ypsilanti,MI,Eastern Michigan University,3,4,1,3,21,0.6887,17723,9345,23.06265417,Public
48201-3035,Detroit,MI,Ecumenical Theological Seminary,1,4,2,3,11,NULL,24,11449,PrivacySuppressed,Private
49525-2440,Grand Rapids,MI,Empire Beauty School-Michigan,1,1,3,3,21,NULL,298,8399,25.60028209,Private
49525,Grand Rapids,MI,Everest Institute-Grand Rapids,1,1,3,3,21,NULL,305,9869,28.72345679,Private
48033,Southfield,MI,Everest Institute-Southfield,1,1,3,3,13,NULL,875,8521,28.07021393,Private
48912-4686,Lansing,MI,Excel Academies of Cosmetology,NULL,1,3,3,12,NULL,25,5832,28.07142857,Private
49512-1781,Kentwood,MI,Excel Academies of Cosmetology-Kentwood,NULL,1,3,3,21,NULL,47,6591,22.05263158,Private
48085-1300,Troy,MI,Excel Academies of Cosmetology-Troy,NULL,1,3,3,13,NULL,33,4817,26.93548387,Private
49307-2251,Big Rapids,MI,Ferris State University,3,4,1,3,32,0.7842,12632,9806,23.76087293,Public
49930-1832,Hancock,MI,Finlandia University,3,3,2,3,33,0.4545,464,14679,22.2293578,Private
48504-4395,Flint,MI,Flint Institute of Barbering Inc,1,1,3,3,12,0.7143,56,1334,29.83783784,Private
48238,Detroit,MI,Focus-Hope Information Technologies Center,NULL,1,2,3,11,NULL,109,1915,NULL,Private
49456,Spring Lake,MI,French Academy of Cosmetology,1,1,3,3,22,NULL,58,6614,26.03529412,Private
48036,Clinton Township,MI,Gallery College of Beauty,1,1,3,3,21,NULL,142,7529,29,Private
49032-9719,Centreville,MI,Glen Oaks Community College,1,2,1,3,42,NULL,680,2861,23.9965035,Public
49938,Ironwood,MI,Gogebic Community College,2,2,1,3,41,NULL,878,2703,23.35608309,Public
49509,Wyoming,MI,Grace Bible College,3,3,2,3,13,0.7143,675,8280,32.74064516,Private
49503-3295,Grand Rapids,MI,Grand Rapids Community College,2,2,1,3,12,NULL,14813,3716,24.04712618,Public
49401-9403,Allendale,MI,Grand Valley State University,3,4,1,3,21,0.8043,21561,10238,21.01234288,Public
48917-1299,Lansing,MI,Great Lakes Christian College,3,3,2,3,21,NULL,160,6150,23.24166667,Private
48128-1495,Dearborn,MI,Henry Ford College,2,2,1,3,13,NULL,12333,1671,24.9871167,Public
49242,Hillsdale,MI,Hillsdale Beauty College,1,1,3,3,32,NULL,37,3934,23.4,Private
49422-9000,Holland,MI,Hope College,3,3,2,3,13,0.7741,3312,18046,19.47117117,Private
48629-9702,Houghton Lake,MI,Houghton Lake Institute of Cosmetology,1,1,3,3,33,NULL,12,787,27.06666667,Private
48609,Saginaw,MI,In Session Arts of Cosmetology Beauty School,1,1,3,3,22,NULL,77,6710,24.62831858,Private
49508,Grand Rapids,MI,International Cosmetology Academy,1,1,3,3,12,NULL,47,12886,29.375,Private
48033,Southfield,MI,Irene's Myomassology Institute,1,1,3,3,13,NULL,329,5402,30.50903615,Private
49201-8399,Jackson,MI,Jackson College,2,2,1,3,41,NULL,4992,2821,24.61457175,Public
49006-3295,Kalamazoo,MI,Kalamazoo College,3,3,2,3,13,0.6965,1431,17397,19.4,Private
49003-4070,Kalamazoo,MI,Kalamazoo Valley Community College,2,2,1,3,22,NULL,8295,2575,24.78233881,Public
49017-3397,Battle Creek,MI,Kellogg Community College,2,2,1,3,13,NULL,4764,3248,27.01735358,Public
48504-6214,Flint,MI,Kettering University,3,4,2,3,12,0.7164,1689,20979,19.75420875,Private
49908-0000,Baraga,MI,Keweenaw Bay Ojibwa Community College,2,2,1,3,43,NULL,85,3582,32.54794521,Public
48653,Roscommon,MI,Kirtland Community College,1,2,1,3,43,NULL,1431,3422,26.54124579,Public
49525-9781,Grand Rapids,MI,Kuyper College,3,3,2,3,21,0.7065,264,13482,21.06716418,Private
49022-1899,Benton Harbor,MI,Lake Michigan College,2,2,1,3,41,NULL,2980,3035,25.51272727,Public
49783,Sault Ste Marie,MI,Lake Superior State University,3,4,1,3,33,0.9109,2213,7082,22.26901141,Public
48060,Port Huron,MI,Lakewood School of Therapeutic Massage,1,1,3,3,23,NULL,23,7356,30.34146342,Private
48901-7210,Lansing,MI,Lansing Community College,2,2,1,3,12,NULL,13470,2429,24.5301501,Public
48075-1058,Southfield,MI,Lawrence Technological University,3,4,2,3,13,0.5742,2798,19554,21.85369532,Private
48150,Livonia,MI,L'esprit Academy,1,1,3,3,13,NULL,164,6075,26.01731602,Private
48858,Mount Pleasant,MI,M J Murphy Beauty College of Mount Pleasant,1,1,3,3,32,NULL,88,7781,24.66336634,Private
48088-3896,Warren,MI,Macomb Community College,2,2,1,3,12,NULL,13109,2939,25.32177883,Public
48150-1176,Livonia,MI,Madonna University,3,4,2,3,13,0.5859,2841,11977,26.51334702,Private
48185-1919,Westland,MI,Manthano Christian College,2,0,2,3,21,NULL,32,5376,40.1875,Private
48329,Waterford,MI,Marketti Academy of Cosmetology,1,1,3,3,21,NULL,78,5055,23.1509434,Private
48221-2599,Detroit,MI,Marygrove College,3,4,2,3,11,0.4842,881,10173,27.71827057,Private
48188,Canton,MI,MIAT College of Technology,1,2,3,3,21,0.9952,334,12619,25.75268817,Private
48204-2244,Detroit,MI,Michigan Barber School Inc,1,1,2,3,11,NULL,92,4179,30.18064516,Private
49080-9254,Plainwell,MI,Michigan Career and Technical Institute,1,1,1,3,42,NULL,220,9,22.07392996,Public
48161,Monroe,MI,Michigan College of Beauty-Monroe,1,1,3,3,23,NULL,130,4950,27.04395604,Private
48083,Troy,MI,Michigan College of Beauty-Troy,1,1,3,3,13,NULL,321,9417,28.20935961,Private
48322-3032,W Bloomfield,MI,Michigan Jewish Institute,3,3,2,3,21,0.7611,798,9805,23.58410781,Private
48334-4512,Farmington Hills,MI,Michigan School of Professional Psychology,3,4,2,3,13,NULL,NULL,16700,NULL,Private
48824-1046,East Lansing,MI,Michigan State University,3,4,1,3,13,0.6609,38395,16352,20.07055457,Public
48824-1300,East Lansing,MI,Michigan State University-College of Law,3,4,2,3,13,NULL,NULL,20665,PrivacySuppressed,Private
49931-1295,Houghton,MI,Michigan Technological University,3,4,1,3,33,0.755,5576,12860,19.85063939,Public
48625-9447,Harrison,MI,Mid Michigan Community College,2,2,1,3,41,NULL,2942,3652,24.31791454,Public
48161-9746,Monroe,MI,Monroe County Community College,2,2,1,3,41,NULL,2083,2997,25.47359455,Public
48885-9723,Sidney,MI,Montcalm Community College,2,2,1,3,42,NULL,1496,2448,24.87361419,Public
48503-2089,Flint,MI,Mott Community College,2,2,1,3,12,NULL,7818,2870,25.45249572,Public
48092,Warren,MI,Mr Bela's School of Cosmetology Inc,1,1,3,3,12,NULL,74,289,29.36507937,Private
49442-1432,Muskegon,MI,Muskegon Community College,2,2,1,3,13,NULL,3974,3440,24.19966791,Public
49770,Petoskey,MI,North Central Michigan College,2,2,1,3,41,NULL,2299,2616,24.77075472,Public
49855,Marquette,MI,Northern Michigan University,3,4,1,3,33,0.7209,7718,7554,21.02931323,Public
49686,Traverse City,MI,Northwestern Michigan College,2,3,1,3,33,NULL,3938,5862,24.14894592,Public
48075,Southfield,MI,Northwestern Technological Institute,1,1,3,3,13,NULL,416,11607,31.39944522,Private
48640-2398,Midland,MI,Northwood University-Michigan,3,4,2,3,13,0.6947,2808,11879,26.14115092,Private
49441,Norton Shores,MI,Nuvo College of Cosmetology,1,1,3,3,22,NULL,114,4233,27.27419355,Private
48304-2266,Bloomfield Hills,MI,Oakland Community College,2,2,1,3,21,NULL,13670,1879,26.38020177,Public
48309-4401,Rochester Hills,MI,Oakland University,3,4,1,3,21,0.67,16528,9761,22.46702945,Public
49076,Olivet,MI,Olivet College,3,4,2,3,42,0.6143,945,12774,20.10216718,Private
48204,Detroit,MI,P&A Scholars Beauty School,1,1,3,3,11,NULL,305,9825,26.26829268,Private
49829,Escanaba,MI,Paul Mitchell the School-Escanaba,1,1,3,3,33,NULL,43,8901,23.20030121,Private
48060,Port Huron,MI,Paul Mitchell the School-Great Lakes,1,1,3,3,23,NULL,100,8832,23.54434251,Private
48329,Waterford,MI,Port Huron Cosmetology College,1,1,3,3,21,NULL,72,8526,26.44827586,Private
48823-8660,East Lansing,MI,Protege Academy,1,1,3,3,21,NULL,105,3868,25.13071895,Private
48307,Rochester Hills,MI,Rochester College,3,4,2,3,21,0.4059,976,11453,26.57566303,Private
48116,Brighton,MI,Ross Medical Education Center-Brighton,1,1,3,3,22,NULL,131,9962,28.48413034,Private
48507,Flint,MI,Ross Medical Education Center-Flint,1,1,3,3,21,NULL,303,8757,28.01155854,Private
48917,Lansing,MI,Ross Medical Education Center-Lansing,1,1,3,3,21,NULL,161,9548,27.91905565,Private
48071,Madison Heights,MI,Ross Medical Education Center-Madison Heights,1,1,3,3,21,NULL,216,8484,27.67823529,Private
48206-1799,Detroit,MI,Sacred Heart Major Seminary,3,4,2,3,11,0.5714,178,15109,30,Private
48858,Mount Pleasant,MI,Saginaw Chippewa Tribal College,2,2,1,3,32,NULL,128,906,30.21052632,Public
48710,University Center,MI,Saginaw Valley State University,3,4,1,3,41,0.7996,8453,7974,21.65203426,Public
49036,Coldwater,MI,Salon Academy,1,1,3,3,32,NULL,75,12656,26.28358209,Private
48846,Ionia,MI,School of Missionary Aviation Technology,1,1,2,3,41,NULL,34,13883,26.28571429,Private
48152-2696,Livonia,MI,Schoolcraft College,2,2,1,3,13,NULL,10471,2456,26.57814142,Public
48439,Grand Blanc,MI,Sharps Academy of Hair Styling,1,1,3,3,21,NULL,38,210,26.40384615,Private
49221,Adrian,MI,Siena Heights University,3,4,2,3,32,0.7424,2254,9436,29.330493,Private
49047-9793,Dowagiac,MI,Southwestern Michigan College,2,2,1,3,41,NULL,2149,4268,22.74120453,Public
48075,Southfield,MI,Specs Howard School of Media Arts,1,1,3,3,13,NULL,653,7862,25.86968085,Private
49283-9799,Spring Arbor,MI,Spring Arbor University,3,4,2,3,23,0.6664,2632,10068,28.625,Private
48061-5015,Port Huron,MI,St Clair County Community College,2,2,1,3,23,NULL,3164,3468,24.8348285,Public
48180-1866,Taylor,MI,Taylortown School of Beauty Inc,1,1,3,3,13,NULL,172,5027,27.12154696,Private
49017,Battle Creek,MI,The Robert B Miller College,3,3,2,3,13,NULL,239,5817,31.49324324,Private
49015,Battle Creek,MI,The Salon Spa Academy,1,1,3,3,13,NULL,67,8426,26.19587629,Private
49085,Saint Joseph,MI,Twin City Beauty College,1,1,3,3,23,NULL,257,7010,24.38429752,Private
48221-3038,Detroit,MI,University of Detroit Mercy,3,4,2,3,11,0.6906,2677,22915,25.01884058,Private
48109,Ann Arbor,MI,University of Michigan-Ann Arbor,3,4,1,3,12,0.3224,28217,21520,20.24479254,Public
48128-1491,Dearborn,MI,University of Michigan-Dearborn,3,4,1,3,13,0.6267,6906,11540,23.53223443,Public
48502-1950,Flint,MI,University of Michigan-Flint,3,4,1,3,12,0.7864,6565,10169,26.07550952,Public
48083-5066,Troy,MI,Walsh College of Accountancy and Business Administration,3,4,2,3,13,NULL,929,14744,28.86117137,Private
48105-4800,Ann Arbor,MI,Washtenaw Community College,1,2,1,3,21,NULL,10094,3031,25.99248634,Public
48226,Detroit,MI,Wayne County Community College District,2,2,1,3,11,NULL,12990,1818,28.78559802,Public
48202,Detroit,MI,Wayne State University,3,4,1,3,11,0.7733,17242,9959,23.94784876,Public
49008,Kalamazoo,MI,West Michigan College of Barbering and Beauty,1,1,3,3,13,NULL,94,3152,28.45714286,Private
49454-0277,Scottville,MI,West Shore Community College,2,2,1,3,42,NULL,1002,1942,25.13504823,Public
49008-5200,Kalamazoo,MI,Western Michigan University,3,4,1,3,13,0.8406,18450,11364,21.69280961,Public
48901,Lansing,MI,Western Michigan University-Thomas M. Cooley Law School,3,4,2,3,12,NULL,NULL,23690,NULL,Private
49423-3622,Holland,MI,Western Theological Seminary,3,4,2,3,13,NULL,NULL,6066,NULL,Private
49002,Portage,MI,Wright Beauty Academy,1,1,3,3,13,NULL,56,2164,26.23809524,Private
49015,Battle Creek,MI,Wright Beauty Academy,1,1,3,3,13,NULL,43,6433,28.16666667,Private
48237,Oak Park,MI,Yeshiva Gedolah of Greater Detroit,3,4,2,3,21,0.8333,62,8920,19.34782609,Private
55431-1411,Bloomington,MN,Academy College,2,3,3,4,13,NULL,119,11673,28.64367816,Private
55423,Richfield,MN,Adler Graduate School,3,4,2,4,21,NULL,NULL,14415,PrivacySuppressed,Private
56308,Alexandria,MN,Alexandria Technical & Community College,2,2,1,4,41,NULL,1663,3727,22.95038435,Public
55113,Roseville,MN,American Academy of Acupuncture and Oriental Medicine,3,4,3,4,21,NULL,NULL,13190,34.90909091,Private
55404-2221,Minneapolis,MN,American Indian OIC Inc,1,1,2,4,11,NULL,99,308,37.65853659,Private
55303,Anoka,MN,Anoka Technical College,2,2,1,4,21,NULL,1829,3047,28.24480215,Public
55433-3470,Coon Rapids,MN,Anoka-Ramsey Community College,2,2,1,4,21,NULL,6185,2830,24.64052595,Public
55454,Minneapolis,MN,Augsburg College,3,4,2,4,11,0.6802,2552,16467,22.7012987,Private
56187,Worthington,MN,Avalon School of Cosmetology,1,1,3,4,33,NULL,29,1629,25.75757576,Private
55414,Minneapolis,MN,Aveda Institute-Minneapolis,1,1,3,4,11,NULL,515,10310,23.73655172,Private
56601,Bemidji,MN,Bemidji State University,3,4,1,4,33,0.9353,4386,4969,23.50654665,Public
56001,Mankato,MN,Bethany Lutheran College,3,3,2,4,13,0.7768,503,11800,19.99310345,Private
55112,Saint Paul,MN,Bethel University,3,4,2,4,21,0.9543,2936,15840,23.59141377,Private
55402-3389,Minneapolis,MN,Capella University,3,4,3,4,11,NULL,8738,18295,35.73238626,Private
55057-4001,Northfield,MN,Carleton College,3,3,2,4,32,0.2277,2042,29707,19.30861244,Private
55416,St Louis Park,MN,CenterPoint Massage and Shiatsu Therapy School and Clinic,1,1,3,4,21,NULL,92,16473,30.41304348,Private
56401-3900,Brainerd,MN,Central Lakes College-Brainerd,2,2,1,4,33,NULL,2401,2536,25.04618809,Public
55110,White Bear Lake,MN,Century College,2,2,1,4,21,NULL,8755,2739,25.19218051,Public
56374,Saint Joseph,MN,College of Saint Benedict,3,3,2,4,22,0.8218,2020,19671,19.50879397,Private
56562,Moorhead,MN,Concordia College at Moorhead,3,4,2,4,22,0.6428,2296,16727,19.62993763,Private
55104-5494,Saint Paul,MN,Concordia University-Saint Paul,3,4,2,4,11,0.5324,2167,10502,27.45621302,Private
55802,Duluth,MN,Cosmetology Careers Unlimited College of Hair Skin and Nails,1,1,3,4,13,NULL,20,8469,25.63333333,Private
55746,Hibbing,MN,Cosmetology Careers Unlimited College of Hair Skin and Nails,1,1,3,4,33,NULL,20,11220,21.89655172,Private
55902-2382,Rochester,MN,Crossroads College,3,3,2,4,12,0.9032,96,9753,23.41538462,Private
55375-9001,Saint Bonifacius,MN,Crown College,3,4,2,4,41,0.284,1032,11759,27.60461957,Private
55068-2999,Rosemount,MN,Dakota County Technical College,1,2,1,4,41,NULL,2389,3694,26.53130385,Public
55807,Duluth,MN,Duluth Business University,2,3,3,4,13,NULL,179,13955,28.79069767,Private
55403-1192,Minneapolis,MN,Dunwoody College of Technology,2,3,2,4,11,0.724,1069,17817,26.40634921,Private
55720-2342,Cloquet,MN,Fond du Lac Tribal and Community College,2,2,1,4,31,NULL,897,1667,25.29649596,Public
55125-3388,Woodbury,MN,Globe University-Woodbury,2,4,3,4,21,NULL,691,18030,27.9217285,Private
56082-1498,Saint Peter,MN,Gustavus Adolphus College,3,3,2,4,31,0.6107,2455,19361,19.62227074,Private
55104-1284,Saint Paul,MN,Hamline University,3,4,2,4,11,0.6959,2157,15603,21.2739245,Private
55033,Hastings,MN,Hastings Beauty School,1,1,3,4,31,NULL,36,11812,26.73076923,Private
55012-0011,Center City,MN,Hazelden Betty Ford Graduate School of Addiction Studies,1,4,2,4,41,NULL,1,12303,NULL,Private
55445,Brooklyn Park,MN,Hennepin Technical College,1,2,1,4,21,NULL,5452,3230,28.52895105,Public
55746,Hibbing,MN,Hibbing Community College,2,2,1,4,33,NULL,1110,4078,25.74974874,Public
55401,Minneapolis,MN,Institute of Production and Recording,2,2,3,4,11,NULL,232,24786,23.74774775,Private
55076-3224,Inver Grove Heights,MN,Inver Hills Community College,2,2,1,4,21,NULL,4589,3249,25.38227242,Public
55744-3397,Grand Rapids,MN,Itasca Community College,2,2,1,4,33,NULL,1008,2596,23.33542714,Public
55811-3399,Duluth,MN,Lake Superior College,2,2,1,4,13,NULL,3736,3346,25.0230708,Public
56633,Cass Lake,MN,Leech Lake Tribal College,2,2,1,4,42,NULL,290,5447,27.43902439,Public
55108-1496,Saint Paul,MN,Luther Seminary,3,4,2,4,11,NULL,NULL,6523,NULL,Private
55105-1899,Saint Paul,MN,Macalester College,3,3,2,4,11,0.3635,2053,22572,19.2321755,Private
56073-3965,New Ulm,MN,Martin Luther College,3,4,2,4,32,0.9732,744,12059,19.66666667,Private
55905,Rochester,MN,Mayo Medical School,1,4,2,4,12,NULL,NULL,9028,26.072,Private
55101-2220,Saint Paul,MN,McNally Smith College of Music,3,4,3,4,11,0.6483,473,23983,21.54703833,Private
55792,Virginia,MN,Mesabi Range College,2,2,1,4,33,NULL,878,2464,24.83377309,Public
55106-5000,Saint Paul,MN,Metropolitan State University,3,4,1,4,11,1,7280,4823,29.96890007,Public
55113-0000,Roseville,MN,Minneapolis Business College,2,2,3,4,21,NULL,231,17899,21.78571429,Private
55404,Minneapolis,MN,Minneapolis College of Art and Design,3,4,2,4,11,0.6441,658,20327,22.5157385,Private
55403-1779,Minneapolis,MN,Minneapolis Community and Technical College,2,2,1,4,11,NULL,8220,2162,27.26390797,Public
55423,Richfield,MN,Minnesota School of Business-Richfield,2,4,3,4,21,NULL,673,20537,27.73927039,Private
55125,WOODBURY,MN,Minnesota School of Cosmetology-Woodbury Campus,1,1,3,4,21,NULL,122,13773,24.36391437,Private
55987,Winona,MN,Minnesota State College-Southeast Technical,1,2,1,4,32,NULL,1660,3177,27.19373454,Public
56537-1000,Fergus Falls,MN,Minnesota State Community and Technical College,2,2,1,4,33,NULL,4693,2886,24.65096419,Public
56563,Moorhead,MN,Minnesota State University Moorhead,3,4,1,4,22,0.8419,5496,5398,22.32522918,Public
56001,Mankato,MN,Minnesota State University-Mankato,3,4,1,4,13,0.6658,12332,5683,21.30859942,Public
56241,Granite Falls,MN,Minnesota West Community and Technical College,1,2,1,4,33,NULL,1977,3397,24.83612805,Public
56301-4332,Saint Cloud,MN,Model College of Hair Design,1,1,3,4,13,NULL,92,10066,22.98101266,Private
55431-4399,Bloomington,MN,Normandale Community College,2,2,1,4,13,NULL,7793,3262,23.91862382,Public
55404-1391,Minneapolis,MN,North Central University,3,3,2,4,11,0.912,928,13873,20.78096948,Private
55445,Brooklyn Park,MN,North Hennepin Community College,2,2,1,4,21,NULL,6327,2774,26.32152326,Public
56701,Thief River Falls,MN,Northland Community and Technical College,1,2,1,4,33,NULL,2603,3389,24.53355336,Public
56601-4907,Bemidji,MN,Northwest Technical College,1,2,1,4,33,NULL,744,3360,27.51759531,Public
55431,Bloomington,MN,Northwestern Health Sciences University,3,4,2,4,13,NULL,119,16988,27.34448161,Private
55906,Rochester,MN,Nova Academy of Cosmetology,1,1,3,4,12,NULL,89,10133,25.27642276,Private
56601-8834,Bemidji,MN,Oak Hills Christian College,3,3,2,4,33,0.6667,124,20775,23.68539326,Private
56470-1551,Park Rapids,MN,Park Avenue School of Cosmetology,1,1,3,4,33,NULL,60,4661,28.09278351,Private
55063,Pine City,MN,Pine Technical & Community College,1,2,1,4,33,NULL,706,2024,30.07978723,Public
56649,International Falls,MN,Rainy River Community College,2,2,1,4,33,NULL,202,2794,23.74719101,Public
56301-3713,St. Cloud,MN,Rasmussen College-Minnesota,2,3,3,4,13,NULL,4484,16705,30.45335498,Private
55434,Blaine,MN,Regency Beauty Institute-Blaine,1,1,3,4,21,NULL,132,10667,24.77665478,Private
56201,Willmar,MN,Ridgewater College,2,2,1,4,33,NULL,3199,3275,23.74255121,Public
55912-1473,Austin,MN,Riverland Community College,1,2,1,4,32,NULL,2353,3175,25.87526427,Public
55904-4999,Rochester,MN,Rochester Community and Technical College,2,2,1,4,12,NULL,5037,3167,24.94028032,Public
55901-4310,Rochester,MN,Rochester School of Hair Design,1,1,3,4,12,NULL,41,9544,24.87272727,Private
56301-4498,Saint Cloud,MN,Saint Cloud State University,3,4,1,4,13,0.8219,10878,5055,22.16791511,Public
56321,Collegeville,MN,Saint Johns University,3,4,2,4,41,0.7876,1789,19386,19.53342817,Private
55987-1399,Winona,MN,Saint Mary's University of Minnesota,3,4,2,4,32,0.7424,1859,10752,26.01145833,Private
55102-9808,Saint Paul,MN,Saint Paul College,1,2,1,4,11,NULL,5825,2065,26.94509574,Public
55120,Mendota Heights,MN,Sanford-Brown College-Mendota Heights,2,3,3,4,21,NULL,150,22676,29.27011494,Private
56003-1920,North Mankato,MN,South Central College,2,2,1,4,13,NULL,2847,3497,24.38824101,Public
56258-5468,Marshall,MN,Southwest Minnesota State University,3,4,1,4,33,0.6694,2359,3858,22.56432518,Public
55105,Saint Paul,MN,St Catherine University,3,4,2,4,11,0.6721,3399,16543,24.89813243,Private
56303-1240,Saint Cloud,MN,St Cloud Technical and Community College,2,2,1,4,13,NULL,4358,3032,23.83279459,Public
55057-1098,Northfield,MN,St Olaf College,3,3,2,4,32,0.5128,2990,22964,19.45053635,Private
55405,Minneapolis,MN,Summit Academy Opportunities Industrialization Center,1,1,2,4,11,NULL,258,38,31.89361702,Private
55402,Minneapolis,MN,The Art Institutes International-Minnesota,3,3,3,4,11,NULL,932,13978,24.31505251,Private
55811-4199,Duluth,MN,The College of Saint Scholastica,3,4,2,4,13,0.6618,2788,13989,25.91925466,Private
55112-2598,New Brighton,MN,United Theological Seminary of the Twin Cities,NULL,4,2,4,21,NULL,NULL,7261,NULL,Private
56716-5001,Crookston,MN,University of Minnesota-Crookston,3,3,1,4,32,0.7196,1876,6048,26.46993525,Public
55812,Duluth,MN,University of Minnesota-Duluth,3,4,1,4,13,0.7678,9120,8339,20.37015601,Public
56267,Morris,MN,University of Minnesota-Morris,3,3,1,4,33,0.6359,1803,5263,20.29224905,Public
55455-0213,Minneapolis,MN,University of Minnesota-Twin Cities,3,4,1,4,11,0.4535,30135,11369,21.20941154,Public
55113-1598,Saint Paul,MN,University of Northwestern-St Paul,3,4,2,4,21,0.6954,1945,14599,21.87679672,Private
55105-1078,Saint Paul,MN,University of St Thomas,3,4,2,4,11,0.8662,6080,19304,20.4171875,Private
55731,Ely,MN,Vermilion Community College,2,2,1,4,33,NULL,478,2747,21.74514563,Public
55401,Minneapolis,MN,Walden University,3,4,3,4,11,NULL,8658,8928,35.96953746,Private
56557,Mahnomen,MN,White Earth Tribal and Community College,2,2,2,4,43,NULL,59,2036,28.18,Private
55105-3076,Saint Paul,MN,William Mitchell College of Law,3,4,2,4,11,NULL,NULL,18343,PrivacySuppressed,Private
55987-5838,Winona,MN,Winona State University,3,4,1,4,32,0.6304,7944,5690,21.58880918,Public
63501,Kirksville,MO,A T Still University of Health Sciences,3,4,2,4,33,NULL,NULL,26986,NULL,Private
65804,Springfield,MO,Academy of Hair Design-Springfield,1,1,3,4,12,NULL,101,4569,27.91981132,Private
65301,Sedalia,MO,Academy of Salon Professionals,1,1,3,4,33,NULL,25,5456,23.75609756,Private
64506,St Joseph,MO,American Business and Technology University,2,3,3,4,13,NULL,573,7893,43.56949153,Private
65301,Sedalia,MO,American College of Hair Design Inc,1,1,3,4,33,NULL,29,560,27.07692308,Private
63074-1807,Saint Ann,MO,American Trade School,1,1,3,4,21,NULL,113,5527,30.15625,Private
63127,Sunset Hills,MO,Applied Technology Services,1,1,1,4,21,0.7143,166,5553,29.43612335,Public
63108-3323,Saint Louis,MO,Aquinas Institute of Theology,3,4,2,4,11,NULL,NULL,16751,PrivacySuppressed,Private
64129,Kansas City,MO,Aviation Institute of Maintenance-Kansas City,1,1,3,4,11,NULL,83,15388,31.07352941,Private
64145-1698,Kansas City,MO,Avila University,3,4,2,4,11,0.5198,1321,12703,24.72173913,Private
65803-3498,Springfield,MO,Baptist Bible College,3,4,2,4,12,NULL,317,6589,21.58988764,Private
63110,Saint Louis,MO,Barnes-Jewish College Goldfarb School of Nursing,3,4,2,4,11,NULL,592,17767,26.92988314,Private
65804,Springfield,MO,Bryan University,2,4,3,4,12,NULL,318,9386,30.48065476,Private
64147-1341,Kansas City,MO,Calvary Bible College and Theological Seminary,3,4,2,4,11,1,225,6743,25.72357724,Private
63703-7511,Cape Girardeau,MO,Cape Girardeau Career and Technology Center,1,1,1,4,13,NULL,320,2988,28.29831933,Public
64836-1332,Carthage,MO,Carthage R9 School District-Carthage Technical Center,NULL,1,1,4,31,1,11,6278,30.3255814,Public
64701-2024,Harrisonville,MO,Cass Career Center,1,1,1,4,31,0.4444,22,5142,30.27906977,Public
65270-1997,Moberly,MO,Central Christian College of the Bible,3,3,2,4,32,0.424,289,4733,23.67724868,Private
65584,Saint Robert,MO,Central College of Cosmetology,1,1,3,4,41,NULL,93,1199,25.26605505,Private
65248-1198,Fayette,MO,Central Methodist University-College of Graduate and Extended Studies,3,4,2,4,32,NULL,1787,3788,27.72428571,Private
65248-1198,Fayette,MO,Central Methodist University-College of Liberal Arts and Sciences,3,3,2,4,32,0.6053,1175,17159,27.72428571,Private
64601,Chillicothe,MO,Chillicothe Beauty Academy Inc,1,1,3,4,33,NULL,15,11556,24.72727273,Private
64870-2502,Webb City,MO,City Pointe Beauty Academy,1,1,3,4,23,NULL,63,3425,24.7,Private
64109-1845,Kansas City,MO,City Vision University,3,3,2,4,11,NULL,55,4421,39.1025641,Private
64735,Clinton,MO,Clinton Technical School,1,1,1,4,33,NULL,22,1424,28.34,Public
65726-0017,Point Lookout,MO,College of the Ozarks,3,3,2,4,32,0.0831,1433,384,20.05291005,Private
65203-7199,Columbia,MO,Columbia Area Career Center,1,1,1,4,12,0.9474,55,13960,30.07843137,Public
65216,Columbia,MO,Columbia College,3,4,2,4,12,NULL,15141,7006,30.43378083,Private
64433-0502,Conception,MO,Conception Seminary College,3,3,2,4,42,1,86,18073,21.33333333,Private
64111-2407,Kansas City,MO,Concorde Career College-Kansas City,1,2,3,4,11,1,590,12756,27.07020202,Private
63105-3196,Saint Louis,MO,Concordia Seminary,3,4,2,4,21,NULL,NULL,14156,NULL,Private
63077-1515,Saint Clair,MO,Cosmetology College of Franklin County,1,1,3,4,32,NULL,16,7740,24.5,Private
64772,Nevada,MO,Cottey College,2,3,2,4,33,0.7063,269,8256,19.68421053,Private
63141-8609,Saint Louis,MO,Covenant Theological Seminary,3,4,2,4,21,NULL,NULL,7259,PrivacySuppressed,Private
65802,Springfield,MO,Cox College,2,4,2,4,12,0.5455,744,12661,29.88499025,Private
64850,Neosho,MO,Crowder College,2,2,1,4,32,NULL,4285,1420,24.80204778,Public
63435-1299,Canton,MO,Culver-Stockton College,3,3,2,4,43,0.5772,931,9545,20.50748752,Private
64089-9042,Smithville,MO,Donna's Academy of Hair Design,1,1,3,4,41,NULL,31,9854,22.64814815,Private
65802-3791,Springfield,MO,Drury University,3,4,2,4,12,0.7441,3790,10051,26.62748171,Private
63084,Union,MO,East Central College,2,2,1,4,41,NULL,2914,1733,24.59279368,Public
63701,Cape Girardeau,MO,eClips School of Cosmetology and Barbering,1,1,3,4,13,NULL,83,6027,28.4619883,Private
63119-3192,Webster Groves,MO,Eden Theological Seminary,NULL,4,2,4,21,NULL,NULL,11215,NULL,Private
63136-5618,Saint Louis,MO,Elaine Steven Beauty College,1,1,3,4,21,NULL,180,7383,25.67219917,Private
65802-2125,Springfield,MO,Evangel University,3,4,2,4,12,0.6453,1788,11355,23.09508716,Private
65807,Springfield,MO,Everest College-Springfield,2,3,3,4,12,NULL,232,10842,28.1269962,Private
63105-3098,Saint Louis,MO,Fontbonne University,3,4,2,4,21,0.9061,1121,15390,24.75141243,Private
65807,Springfield,MO,Forest Institute of Professional Psychology,3,4,2,4,12,NULL,NULL,13044,PrivacySuppressed,Private
63090-4235,Washington,MO,Four Rivers Career Center,1,1,1,4,32,NULL,36,31418,28.42857143,Public
64801-1595,Joplin,MO,Franklin Technology-MSSU,1,1,1,4,13,NULL,178,6134,28.99591837,Public
63126,St. Louis,MO,Grabber School of Hair Design,1,1,3,4,21,NULL,156,10827,23.95378151,Private
64601,Chillicothe,MO,Grand River Technical School,1,1,1,4,33,0.7662,90,3676,23.27272727,Public
63501,Kirksville,MO,Hair Academy 110,1,1,3,4,33,NULL,21,6176,24.15151515,Private
63401,Hannibal,MO,Hannibal-LaGrange University,3,4,2,4,33,0.6118,865,9457,24.53628319,Private
63103-2136,Saint Louis,MO,Harris-Stowe State University,3,3,1,4,11,NULL,1256,3212,23.64780601,Public
63122,St. Louis,MO,Healing Arts Center,1,1,3,4,21,NULL,96,0,31.22881356,Private
63114,Saint Louis,MO,Hickey College,2,3,3,4,21,NULL,415,11498,23.03811252,Private
64506-5102,Saint Joseph,MO,Hillyard Technical Center,1,1,1,4,13,NULL,146,6877,26.8757764,Public
64014,Blue Springs,MO,House of Heavilin Beauty College-Blue Springs,1,1,3,4,21,NULL,102,11635,24.73291926,Private
64110-2826,Kansas City,MO,House of Heavilin Beauty College-Kansas City,1,1,3,4,11,NULL,37,8659,25.53968254,Private
64083-9195,Raymore,MO,House of Heavilin Beauty College-Raymore,1,1,3,4,41,NULL,35,11884,24.7704918,Private
64055,Independence,MO,Independence College of Cosmetology,1,1,3,4,21,NULL,47,6918,27.25352113,Private
63050-2440,Hillsboro,MO,Jefferson College,2,2,1,4,41,NULL,4705,2214,24.91842105,Public
64111-1874,Kansas City,MO,Kansas City Art Institute,3,3,2,4,11,0.5997,650,18976,20.37151703,Private
64106-1453,Kansas City,MO,Kansas City University of Medicine and Biosciences,3,4,2,4,11,NULL,NULL,39920,NULL,Private
63119-4399,Saint Louis,MO,Kenrick Glennon Seminary,3,4,2,4,21,1,61,11699,PrivacySuppressed,Private
63501,Kirksville,MO,Kirksville Area Technical Center,1,1,1,4,41,0.3182,34,4122,27.16666667,Public
65020,Camdenton,MO,Lake Career and Technical Center,1,1,1,4,41,NULL,19,96,22.73333333,Public
64067-1525,Lexington,MO,Lex La-Ray Technical Center,1,1,1,4,32,1,35,4683,27.19047619,Public
65101,Jefferson City,MO,Lincoln University,3,4,1,4,13,NULL,2377,2941,22.16949153,Public
63301-1695,Saint Charles,MO,Lindenwood University,3,4,2,4,13,0.5288,7986,12137,24.27389848,Private
63017,Chesterfield,MO,Logan University,3,4,2,4,21,NULL,47,22365,27.02105263,Private
63118-3909,Saint Louis,MO,Lutheran School of Nursing,1,1,3,4,11,1,219,6838,30.44378698,Private
63141-7299,Saint Louis,MO,Maryville University of Saint Louis,3,4,2,4,21,0.7205,2736,12443,24.47818792,Private
65109,Jefferson City,MO,Merrell University of Beauty Arts and Science,1,1,3,4,13,NULL,105,8756,24.57037037,Private
63701,Cape Girardeau,MO,Metro Business College-Cape Girardeau,1,2,3,4,13,NULL,118,5214,29.09430255,Private
64111-2429,Kansas City,MO,Metropolitan Community College-Kansas City,2,2,1,4,11,NULL,15547,1624,25.08920073,Public
63026,Fenton,MO,Midwest Institute,1,2,3,4,21,NULL,225,6640,27.42682927,Private
64118-4697,Kansas City,MO,Midwestern Baptist Theological Seminary,1,4,2,4,11,0.7636,346,4131,27.96402878,Private
63601-1000,Park Hills,MO,Mineral Area College,2,2,1,4,32,NULL,3778,999,24.19444444,Public
63141-8698,Saint Louis,MO,Missouri Baptist University,3,4,2,4,21,0.6023,1706,9724,23.9360519,Private
63144,Brentwood,MO,Missouri College,1,3,3,4,21,NULL,584,12538,25.89281642,Private
65804-2000,Springfield,MO,Missouri College of Cosmetology North,1,1,3,4,12,NULL,78,5504,25.69298246,Private
63031-4701,Florissant,MO,Missouri School of Barbering & Hairstyling-St. Louis,1,1,3,4,21,NULL,19,8085,30.90625,Private
64801-1595,Joplin,MO,Missouri Southern State University,3,4,1,4,13,0.96,5076,3288,24.22730472,Public
65897,Springfield,MO,Missouri State University-Springfield,3,4,1,4,12,0.8503,16177,6458,22.54363144,Public
65775-2715,West Plains,MO,Missouri State University-West Plains,2,2,1,4,33,NULL,1571,808,24.42913386,Public
63303-3887,Saint Charles,MO,Missouri Tech,2,3,3,4,13,1,105,18591,26.75,Private
65409,Rolla,MO,Missouri University of Science and Technology,3,4,1,4,33,0.8585,6418,11141,20.67860648,Public
65340,Marshall,MO,Missouri Valley College,3,4,2,4,33,0.4378,1383,6386,21.07966457,Private
64507,Saint Joseph,MO,Missouri Western State University,3,4,1,4,13,NULL,4783,5591,22.24460432,Public
65270-1304,Moberly,MO,Moberly Area Community College,2,2,1,4,32,NULL,4167,2940,24.15247585,Public
63640,Farmington,MO,National Academy of Beauty Arts-Farmington,1,1,3,4,32,NULL,47,1739,25.63779528,Private
63128-0000,Saint Louis,MO,National Academy of Beauty Arts-St Louis,1,1,3,4,21,NULL,115,2775,25.85130112,Private
64131-1246,Kansas City,MO,Nazarene Theological Seminary,NULL,4,2,4,11,NULL,NULL,6351,PrivacySuppressed,Private
64850,Neosho,MO,Neosho Beauty College,1,1,3,4,32,NULL,38,5625,25.51428571,Private
64772,Nevada,MO,Nevada Regional Technical Center,1,1,1,4,33,0.7,16,6788,28.60714286,Public
64801-5017,Joplin,MO,New Dimensions School of Hair Design,1,1,3,4,13,NULL,63,5898,26.13333333,Private
64683,Trenton,MO,North Central Missouri College,2,2,1,4,33,NULL,1182,1465,24.01780105,Public
64079,Platte City,MO,Northland Career Center,1,1,1,4,31,NULL,32,8828,28.58181818,Public
64468-6001,Maryville,MO,Northwest Missouri State University,3,4,1,4,33,0.7658,5222,6306,20.36976839,Public
64801,Joplin,MO,Ozark Christian College,3,3,2,4,13,NULL,726,8232,20.44285714,Private
65802,Springfield,MO,Ozarks Technical Community College,2,2,1,4,12,NULL,12373,1531,25.72525418,Public
64118,Gladstone,MO,Paris II Educational Center,1,1,3,4,21,NULL,101,7313,27.35416667,Private
64152-3795,Parkville,MO,Park University,3,4,2,4,21,0.6663,9750,8278,30.23932027,Private
65202,Columbia,MO,Paul Mitchell the School-Missouri Columbia,1,1,3,4,12,NULL,53,3321,24.07777778,Private
65807,Springfield,MO,Paul Mitchell the School-Springfield,1,1,3,4,12,NULL,93,9794,24.34969325,Private
63108-1554,St. Louis,MO,Paul Mitchell the School-St Louis,1,1,3,4,11,NULL,169,12670,22.9,Private
63344-0038,Eolia,MO,Pike-Lincoln Technical Center,1,1,1,4,43,NULL,22,4809,27.96551724,Public
64131-3367,Kansas City,MO,Pinnacle Career Institute-South Kansas City,1,2,3,4,11,NULL,580,8997,31.03795066,Private
63901-8960,Poplar Bluff,MO,Poplar Bluff Technical Career Center,1,1,1,4,33,NULL,47,3523,28.83870968,Public
65803,Springfield,MO,Professional Massage Training Center,1,1,3,4,12,0.8333,27,15792,27.62790698,Private
63113-2811,Saint Louis,MO,Ranken Technical College,1,3,2,4,11,NULL,1851,10542,25.08746356,Private
64132-1199,Kansas City,MO,Research College of Nursing,3,4,3,4,11,NULL,281,19302,28,Private
64110-2561,Kansas City,MO,Rockhurst University,3,4,2,4,11,0.7694,1671,14625,21.22845953,Private
65401,Rolla,MO,Rolla Technical Institute/Center,1,1,1,4,33,0.6533,145,4044,25.56,Public
63033,Florissant,MO,Saint Louis Christian College,3,3,2,4,21,0.9333,166,7710,27.58585859,Private
63102-2810,Saint Louis,MO,Saint Louis Community College,2,2,1,4,11,NULL,19362,1681,25.25458716,Public
63103-2097,Saint Louis,MO,Saint Louis University,3,4,2,4,11,0.6108,7822,19691,22.41287166,Private
64111,Kansas City,MO,Saint Luke's College of Health Sciences,3,4,2,4,11,NULL,372,11505,27.58995816,Private
65401,Rolla,MO,Salem College of Hairstyling,1,1,3,4,33,NULL,48,137,22.63793103,Private
65340-1698,Marshall,MO,Saline County Career Center,1,1,1,4,33,0.4348,23,4141,27.48717949,Public
63026-3400,Fenton,MO,Sanford-Brown College-Fenton,1,3,3,4,21,NULL,15,18504,PrivacySuppressed,Private
65746-8743,Seymour,MO,Seymour Beauty Academy,1,1,3,4,42,NULL,22,5676,26.5,Private
63801-3347,Sikeston,MO,Sikeston Career and Technology Center,1,1,1,4,32,NULL,46,6109,28.4125,Public
63126,Saint Louis,MO,Skin Institute,1,1,3,4,21,NULL,47,11990,26.78125,Private
65775,West Plains,MO,South Central Career Center,1,1,1,4,33,NULL,58,5065,26.65833333,Public
63703-4507,Cape Girardeau,MO,Southeast Missouri Hospital College of Nursing and Health Sciences,2,2,2,4,13,0.8143,232,16293,27.66972477,Private
63701,Cape Girardeau,MO,Southeast Missouri State University,3,4,1,4,13,0.8478,9382,7457,22.30875242,Public
65613-2596,Bolivar,MO,Southwest Baptist University,3,4,2,4,32,0.6185,2477,8983,23.86908284,Private
63376-0975,Cottleville,MO,St Charles Community College,2,2,1,4,21,NULL,6565,3090,23.23624596,Public
63110,Saint Louis,MO,St Louis College of Health Careers-St Louis,1,2,3,4,11,NULL,305,19367,27.29577465,Private
63110-1088,Saint Louis,MO,St Louis College of Pharmacy,3,4,2,4,11,NULL,693,24290,20.40786241,Private
63107-1737,Saint Louis,MO,St Louis Hair Academy,1,1,3,4,11,NULL,14,1642,32.61904762,Private
65301-2199,Sedalia,MO,State Fair Community College,2,2,1,4,33,NULL,4024,1794,24.86470413,Public
65051-9607,Linn,MO,State Technical College of Missouri,2,2,1,4,42,NULL,1177,5461,21.95283927,Public
65215,Columbia,MO,Stephens College,3,4,2,4,12,0.536,667,12161,22.85614849,Private
63103,Saint Louis,MO,Stevens-The Institute of Business & Arts,2,3,3,4,11,1,143,9897,26.04166667,Private
65483,Houston,MO,Texas County Technical College,2,2,2,4,43,NULL,125,8998,29.07185629,Private
63301-1021,St. Charles,MO,The Salon Professional Academy-St Charles,1,1,3,4,13,NULL,69,6983,26.72180451,Private
63901,Poplar Bluff,MO,Three Rivers Community College,2,2,1,4,33,NULL,3055,341,25.20289303,Public
64110,Kansas City,MO,Transformed Barber and Cosmetology Academy,1,1,3,4,11,NULL,81,8879,27.94117647,Private
63703-0000,Cape Girardeau,MO,Trend Setters School of Cosmetology,1,1,3,4,13,NULL,61,3506,25.79807692,Private
64108,Kansas City,MO,Truman Medical Center School of Nurse Anesthesia,NULL,0,2,4,11,NULL,NULL,8762,NULL,Private
63501-4221,Kirksville,MO,Truman State University,3,4,1,4,33,0.7448,5394,5083,19.75924839,Public
64093,Warrensburg,MO,University of Central Missouri,3,4,1,4,32,0.7795,9017,6960,22.27665706,Public
65211,Columbia,MO,University of Missouri-Columbia,3,4,1,4,12,0.7767,27276,10477,20.17593951,Public
64110,Kansas City,MO,University of Missouri-Kansas City,3,4,1,4,11,0.6426,8127,11058,23.95247828,Public
63121-4400,Saint Louis,MO,University of Missouri-St Louis,3,4,1,4,21,0.7578,8936,8628,25.73272771,Public
63031,Florissant,MO,Urshan Graduate School of Theology,3,4,2,4,21,NULL,NULL,6424,NULL,Private
63134,Berkeley,MO,Vatterott College-Berkeley,1,2,3,4,21,NULL,1287,9090,28.61960399,Private
65803,Springfield,MO,Victory Trade School,1,1,2,4,12,NULL,20,0,40.35294118,Private
64093,Warrensburg,MO,Warrensburg Area Career Center,1,1,1,4,32,NULL,39,7878,27.74285714,Public
63130-4899,Saint Louis,MO,Washington University in St Louis,3,4,2,4,21,0.1713,6913,24889,20.87022133,Private
65583,Waynesville,MO,Waynesville Career Center,1,1,1,4,33,NULL,54,8453,26.97590361,Public
63119-3194,Saint Louis,MO,Webster University,3,4,2,4,21,0.7206,3349,15482,24.71201952,Private
64114-3313,Kansas City,MO,WellSpring School of Allied Health-Kansas City,1,2,3,4,11,NULL,133,18173,29.83911672,Private
64067-1799,Lexington,MO,Wentworth Military Academy and College,2,2,2,4,32,NULL,385,15252,22.63190184,Private
65251-1299,Fulton,MO,Westminster College,3,3,2,4,32,0.6634,943,8592,20.63451777,Private
64068-1896,Liberty,MO,William Jewell College,3,3,2,4,21,0.6283,1043,9798,21.47773279,Private
65251-1098,Fulton,MO,William Woods University,3,4,2,4,32,0.763,990,10315,23.31967213,Private
96950-1250,Saipan,MP,Northern Marianas College,2,3,1,9,33,NULL,1120,1991,21.05242967,Public
39204,Jackson,MS,Academy of Hair Design-Jackson,1,1,3,5,12,NULL,86,4470,26.01840491,Private
39208,Pearl,MS,Academy of Hair Design-Pearl,1,1,3,5,21,NULL,50,4348,25.8974359,Private
39096-7500,Alcorn State,MS,Alcorn State University,3,4,1,5,43,0.7844,3006,4263,22.89488966,Public
39202,Jackson,MS,Belhaven University,3,4,2,5,12,0.7169,2546,8508,30.833241,Private
38610-9509,Blue Mountain,MS,Blue Mountain College,3,4,2,5,42,0.5503,498,5542,24.08532423,Private
39501,Gulfport,MS,Chris Beauty College,1,1,3,5,13,NULL,70,2868,26.20689655,Private
38614,Clarksdale,MS,Coahoma Community College,2,2,1,5,41,NULL,1875,1165,23.14343318,Public
39191,Wesson,MS,Copiah-Lincoln Community College,2,2,1,5,42,NULL,2657,898,22.48265755,Public
38834,Corinth,MS,Corinth Academy of Cosmetology,1,1,3,5,33,NULL,128,3287,26.88235294,Private
38801-2635,Tupelo,MS,Creations College of Cosmetology,1,1,3,5,33,NULL,27,729,24.41176471,Private
39564,Ocean Springs,MS,Day Spa Career College,1,1,3,5,22,NULL,35,9643,30.14516129,Private
38701,Greenville,MS,Delta Beauty College,1,1,3,5,33,NULL,48,4806,25.44615385,Private
38733,Cleveland,MS,Delta State University,3,4,1,5,33,0.9234,2778,4487,22.46284935,Public
39327-0129,Decatur,MS,East Central Community College,2,2,1,5,42,NULL,2255,631,22.18487891,Public
39358-0158,Scooba,MS,East Mississippi Community College,2,2,1,5,43,NULL,4127,1834,23.56974897,Public
38663-0066,Ripley,MS,Fosters Cosmetology College,1,1,3,5,41,NULL,34,9679,26.98076923,Private
39402,Hattiesburg,MS,Healing Touch Career College,1,1,3,5,13,NULL,34,6526,27.99553571,Private
39154,Raymond,MS,Hinds Community College,2,2,1,5,41,NULL,10447,516,24.1055549,Public
39079,Goodman,MS,Holmes Community College,2,2,1,5,42,NULL,5353,922,24.73992112,Public
39050-4423,Carthage,MS,Infinity Career College,1,1,3,5,32,NULL,111,13805,27.22522523,Private
39507,Gulfport,MS,Infinity Career College,1,1,3,5,13,NULL,27,13043,29.08571429,Private
38843-1099,Fulton,MS,Itawamba Community College,2,2,1,5,33,NULL,5037,2609,22.50810015,Public
39217,Jackson,MS,Jackson State University,3,4,1,5,12,0.7047,7160,5499,23.80825057,Public
39437,Ellisville,MS,Jones County Junior College,2,2,1,5,32,NULL,4455,774,21.6967601,Public
38863-0000,Pontotoc,MS,KC's School of Hair Design,1,1,3,5,33,NULL,94,6602,24.63846154,Private
39206,Jackson,MS,Magnolia College of Cosmetology,1,1,3,5,12,NULL,157,4249,26.16267943,Private
39307-5801,Meridian,MS,Meridian Community College,2,2,1,5,33,NULL,3255,1249,24.04235638,Public
39210-0001,Jackson,MS,Millsaps College,3,4,2,5,12,0.5718,762,12365,19.77031802,Private
39058,Clinton,MS,Mississippi College,3,4,2,5,21,0.6304,2942,11473,22.94283477,Private
39440,Laurel,MS,Mississippi College of Beauty Culture,1,1,3,5,32,NULL,61,5306,25.07407407,Private
38761,Moorhead,MS,Mississippi Delta Community College,2,2,1,5,33,NULL,2352,834,21.8398314,Public
39573,Perkinston,MS,Mississippi Gulf Coast Community College,2,2,1,5,42,NULL,9129,2619,24.80388855,Public
39056,Clinton,MS,Mississippi Institute of Aesthetics Nails & Cosmetology,1,1,3,5,21,NULL,85,6470,26.52592593,Private
39762,Mississippi State,MS,Mississippi State University,3,4,1,5,33,0.7102,15800,7092,21.61286046,Public
39701,Columbus,MS,Mississippi University for Women,3,4,1,5,33,0.9361,2316,4627,26.95844875,Public
38941-1400,Itta Bena,MS,Mississippi Valley State University,3,4,1,5,33,0.1633,1813,2497,21.70698723,Public
38829,Booneville,MS,Northeast Mississippi Community College,2,2,1,5,33,NULL,3257,918,21.78672377,Public
38668-1714,Senatobia,MS,Northwest Mississippi Community College,2,2,1,5,32,NULL,6863,1139,23.21186944,Public
39470,Poplarville,MS,Pearl River Community College,2,2,1,5,43,NULL,4529,825,22.62351745,Public
38635,Holly Springs,MS,Rust College,3,3,2,5,32,0.3885,963,8418,20.82758621,Private
39440-9989,Laurel,MS,Southeastern Baptist College,3,3,2,5,32,NULL,39,1906,32.03030303,Private
39666-0000,Summit,MS,Southwest Mississippi Community College,2,2,1,5,41,NULL,1843,1334,22.98086829,Public
39401-7569,Hattiesburg,MS,The Academy of Hair Design Six,1,1,3,5,13,NULL,74,4468,25.59541985,Private
39174,Tougaloo,MS,Tougaloo College,3,3,2,5,12,0.403,895,7711,21.7082495,Private
39212,Jackson,MS,Traxlers School of Hair,1,1,3,5,12,NULL,41,3459,27.97435897,Private
38677-1848,University,MS,University of Mississippi,3,4,1,5,33,0.8122,17809,9498,21.98179411,Public
39406-0001,Hattiesburg,MS,University of Southern Mississippi,3,4,1,5,13,0.6674,11939,6285,23.40402844,Public
39206,Jackson,MS,Wesley Biblical Seminary,3,4,2,5,12,NULL,NULL,9035,NULL,Private
39401-5499,Hattiesburg,MS,William Carey University,3,4,2,5,13,0.5042,2039,12022,25.95470884,Private
59526,Harlem,MT,Aaniiih Nakoda College,2,2,1,7,43,NULL,124,1698,25.67708333,Public
59715-3544,Bozeman,MT,Academy of Cosmetology,1,1,3,7,33,NULL,29,4699,23.59259259,Private
59840,Hamilton,MT,Bitterroot School of Cosmetology,1,1,3,7,33,NULL,38,3481,24.97674419,Private
59417-0819,Browning,MT,Blackfeet Community College,2,2,2,7,41,NULL,482,558,26.3557047,Private
59101,Billings,MT,Bold Beauty Academy,1,1,3,7,12,NULL,167,3048,26.92982456,Private
59701,Butte,MT,Butte Academy of Beauty Culture,1,1,3,7,33,NULL,46,6002,25.27868853,Private
59625-0002,Helena,MT,Carroll College,3,3,2,7,33,0.5753,1410,15060,20.41618497,Private
59043,Lame Deer,MT,Chief Dull Knife College,2,2,1,7,43,NULL,168,1087,23.71544715,Public
59901,Kalispell,MT,Crevier's Academy of Cosmetology Arts,1,1,3,7,33,NULL,82,5701,26.95238095,Private
59330,Glendive,MT,Dawson Community College,2,2,1,7,33,NULL,237,2949,23.26086957,Public
59901,Kalispell,MT,Flathead Valley Community College,2,2,1,7,41,NULL,1625,4095,26.3258547,Public
59255-0398,Poplar,MT,Fort Peck Community College,2,2,1,7,33,NULL,323,2325,25.47107438,Public
59405,Great Falls,MT,Great Falls College Montana State University,2,2,1,7,13,NULL,1479,3847,27.34861592,Public
59715,Bozeman,MT,Health Works Institute,1,1,3,7,33,0.8947,40,9311,29.0733945,Private
59601,Helena,MT,Helena College University of Montana,2,2,1,7,33,NULL,1065,2522,26.51238592,Public
59022,Crow Agency,MT,Little Big Horn College,2,2,1,7,43,NULL,256,670,24.83443709,Public
59301-4774,Miles City,MT,Miles Community College,2,2,1,7,33,NULL,345,4191,24.38194444,Public
59808,Missoula,MT,Modern Beauty School Inc,1,1,3,7,13,NULL,46,5335,25.95522388,Private
59405,Great Falls,MT,Montana Academy of Salons,1,1,3,7,13,NULL,87,4962,24.98148148,Private
59717,Bozeman,MT,Montana State University,3,4,1,7,33,0.8385,13117,9467,21.7997921,Public
59101-0298,Billings,MT,Montana State University-Billings,3,4,1,7,12,NULL,4071,5594,25.09256595,Public
59501,Havre,MT,Montana State University-Northern,3,4,1,7,33,1,1125,5355,25.06627393,Public
59701-8997,Butte,MT,Montana Tech of the University of Montana,3,4,1,7,33,0.9075,1868,6764,24.31855956,Public
59102-1796,Billings,MT,Rocky Mountain College,3,4,2,7,12,0.6361,903,11764,20.89848812,Private
59855,Pablo,MT,Salish Kootenai College,2,3,2,7,42,NULL,818,977,26.30674847,Private
59521-9796,Box Elder,MT,Stone Child College,2,2,1,7,43,NULL,259,2617,23.71942446,Public
59812,Missoula,MT,The University of Montana,3,4,1,7,13,0.9272,10969,7723,23.50332036,Public
59725-3598,Dillon,MT,The University of Montana-Western,3,3,1,7,33,NULL,1337,5415,22.47142857,Public
59405-4996,Great Falls,MT,University of Great Falls,3,4,2,7,13,0.6571,1035,9624,23.85977012,Private
27253-8000,Graham,NC,Alamance Community College,2,2,1,5,41,NULL,3781,1250,26.4385642,Public
27858-3344,Greenville,NC,Alexander Paul Institute of Hair Design,NULL,1,3,5,13,0.8889,29,3152,21.5945946,Private
27703,Durham,NC,Apex School of Theology,3,4,2,5,12,NULL,596,9,45.15650407,Private
28608,Boone,NC,Appalachian State University,3,4,1,5,32,0.6266,16116,6100,21.12988852,Public
28801-4897,Asheville,NC,Asheville-Buncombe Technical Community College,2,2,1,5,13,NULL,5861,1201,27.62503717,Public
27516,Chapel Hill,NC,Aveda Institute-Chapel Hill,1,1,3,5,13,NULL,180,16422,24.43014706,Private
27893-7000,Wilson,NC,Barton College,3,4,2,5,31,0.3846,998,15311,23.88047138,Private
27889,Washington,NC,Beaufort County Community College,2,2,1,5,41,NULL,1525,701,28.0326609,Public
28012-1802,Belmont,NC,Belmont Abbey College,3,3,2,5,22,0.6923,1545,10292,26.19338422,Private
27401-3239,Greensboro,NC,Bennett College,3,3,2,5,11,0.9179,553,7755,19.81690141,Private
27302-2323,Mebane,NC,Beyond Measure Barbering Institute,NULL,1,3,5,22,NULL,39,6528,31.14285714,Private
28332,Dublin,NC,Bladen Community College,1,2,1,5,42,NULL,1130,740,26.64008395,Public
28731-4728,Flat Rock,NC,Blue Ridge Community College,2,2,1,5,21,NULL,1812,1121,27.67642141,Public
27344-6728,Siler City,NC,Body Therapy Institute,1,1,3,5,42,NULL,94,17316,35.37037037,Private
28712,Brevard,NC,Brevard College,3,3,2,5,31,0.4321,696,12523,20.18685832,Private
28262,Charlotte,NC,Brookstone College-Charlotte,1,1,3,5,11,NULL,115,5686,28.67473118,Private
28422-9021,Bolivia,NC,Brunswick Community College,2,2,1,5,42,NULL,1449,547,25.48611111,Public
28025-3959,Concord,NC,Cabarrus College of Health Sciences,2,3,2,5,13,0.8913,434,9053,27.48852459,Private
28638,Hudson,NC,Caldwell Community College and Technical Institute,2,2,1,5,22,NULL,3782,1039,25.64324324,Public
27506,Buies Creek,NC,Campbell University,3,4,2,5,31,0.6806,4228,12550,23.97873369,Private
28401-3910,Wilmington,NC,Cape Fear Community College,2,2,1,5,12,NULL,8390,1308,26.21489743,Public
27105,Winston Salem,NC,Carolina Christian College,3,4,2,5,12,NULL,36,3424,47.5,Private
28303-5157,Fayetteville,NC,Carolina College of Biblical Studies,2,3,2,5,12,NULL,111,7528,41.03296703,Private
28805-1232,Asheville,NC,Carolina College of Hair Design,1,1,3,5,13,NULL,65,160,24.71428571,Private
28214,Charlotte,NC,Carolina School of Broadcasting,1,1,3,5,21,0.9412,48,5254,27.22580645,Private
28203-2861,Charlotte,NC,Carolinas College of Health Sciences,2,2,1,5,11,0.1719,483,10605,26.33227848,Public
28557-2989,Morehead City,NC,Carteret Community College,1,2,1,5,32,NULL,1517,1024,26.86898096,Public
28144,Salisbury,NC,Catawba College,3,4,2,5,22,0.359,1274,18808,23.01242236,Private
28602-0699,Hickory,NC,Catawba Valley Community College,2,2,1,5,13,NULL,3853,1378,25.41885493,Public
28801,Asheville,NC,Center for Massage,1,1,3,5,13,NULL,25,10876,31.1875,Private
27330-9840,Sanford,NC,Central Carolina Community College,1,2,1,5,32,NULL,3861,1214,26.55270323,Public
28204,Charlotte,NC,Central Piedmont Community College,2,2,1,5,11,NULL,18596,1533,26.06402049,Public
28205-1648,Charlotte,NC,Charlotte Christian College and Theological Seminary,3,4,2,5,11,NULL,103,5436,40.57142857,Private
28244,Charlotte,NC,Charlotte School of Law,3,4,3,5,11,NULL,NULL,35312,NULL,Private
27855,Murfreesboro,NC,Chowan University,3,3,2,5,32,0.5981,1478,11367,20.67199327,Private
28152-6224,Shelby,NC,Cleveland Community College,2,2,1,5,31,NULL,2137,575,27.1223733,Public
28546-6816,Jacksonville,NC,Coastal Carolina Community College,1,2,1,5,13,NULL,4122,1361,26.0085885,Public
27906-2327,Elizabeth City,NC,College of the Albemarle,2,2,1,5,32,NULL,1955,1375,25.73884298,Public
28403,Wilmington,NC,College of Wilmington,1,1,3,5,12,NULL,224,18276,30.55787037,Private
28562-4900,New Bern,NC,Craven Community College,2,2,1,5,13,NULL,2857,1454,26.9192031,Public
28801,Asheville,NC,Daoist Traditions College of Chinese Medical Arts,3,4,3,5,13,NULL,NULL,14763,PrivacySuppressed,Private
28035,Davidson,NC,Davidson College,3,3,2,5,21,0.2167,1765,20505,19.4251497,Private
27360-7385,Thomasville,NC,Davidson County Community College,1,2,1,5,41,NULL,3478,759,27.17679763,Public
27708,Durham,NC,Duke University,3,4,2,5,12,0.1141,6480,22556,23.1773155,Private
27707,Durham,NC,Durham Beauty Academy,1,1,3,5,12,NULL,78,10240,28.21226415,Private
27703-5023,Durham,NC,Durham Technical Community College,1,2,1,5,12,NULL,4769,1497,28.28567055,Public
27858-4353,Greenville,NC,East Carolina University,3,4,1,5,13,0.7728,21207,6806,21.78602139,Public
27886,Tarboro,NC,Edgecombe Community College,2,2,1,5,41,NULL,2274,613,29.68728522,Public
27909,Elizabeth City,NC,Elizabeth City State University,3,4,1,5,32,0.49,1763,2966,22.75866189,Public
27244-2010,Elon,NC,Elon University,3,4,2,5,22,0.5393,5782,25949,19.52883031,Private
28303,Fayetteville,NC,Fayetteville Beauty College,1,1,3,5,12,NULL,68,14859,25.67226891,Private
28301-4298,Fayetteville,NC,Fayetteville State University,3,4,1,5,12,0.5032,4862,3287,26.81740905,Public
28303-0236,Fayetteville,NC,Fayetteville Technical Community College,2,2,1,5,12,NULL,10598,1403,28.41992842,Public
27103-5197,Winston-Salem,NC,Forsyth Technical Community College,2,2,1,5,12,NULL,8325,1131,27.51980952,Public
28017-0997,Boiling Springs,NC,Gardner-Webb University,3,4,2,5,32,0.6712,2688,9144,26.7613489,Private
28034,Dallas,NC,Gaston College,2,2,1,5,22,NULL,5501,1154,26.61848036,Public
27834,Greenville,NC,Grace College of Barbering,NULL,1,2,5,13,NULL,25,0,31.30952381,Private
28314-2343,Fayetteville,NC,Grace College of Divinity,1,3,2,5,12,NULL,111,2471,31.57377049,Private
27401-1875,Greensboro,NC,Greensboro College,3,4,2,5,11,0.7311,741,13604,22.10642202,Private
27410-4108,Greensboro,NC,Guilford College,3,3,2,5,11,0.6218,1998,12312,25.40380762,Private
27282,Jamestown,NC,Guilford Technical Community College,2,2,1,5,22,NULL,11813,685,27.0810875,Public
27890,Weldon,NC,Halifax Community College,1,2,1,5,41,NULL,1066,522,26.51013111,Public
28721-9901,Clyde,NC,Haywood Community College,2,2,1,5,21,NULL,1859,669,28.0200182,Public
27265,High Point,NC,Health And Style Institute,1,1,3,5,12,NULL,193,6834,29.3358349,Private
28334,Dunn,NC,Heritage Bible College,3,3,2,5,41,NULL,68,10692,33.33333333,Private
27268,High Point,NC,High Point University,3,4,2,5,12,0.8019,4197,23711,19.49586155,Private
28144,Salisbury,NC,Hood Theological Seminary,2,4,2,5,22,NULL,NULL,8811,PrivacySuppressed,Private
28160-0804,Spindale,NC,Isothermal Community College,2,2,1,5,32,NULL,1423,518,25.23780488,Public
28349,Kenansville,NC,James Sprunt Community College,2,2,1,5,42,NULL,833,624,27.51438849,Public
28216-5398,Charlotte,NC,Johnson C Smith University,3,3,2,5,11,0.4225,1375,10223,22.78395062,Private
27577-2350,Smithfield,NC,Johnston Community College,2,2,1,5,41,NULL,3184,757,26.76118653,Public
28679-9657,Sugar Grove,NC,Jung Tao School of Classical Chinese Medicine,NULL,4,2,5,42,NULL,NULL,7464,NULL,Private
28204,Charlotte,NC,King's College,2,2,3,5,11,0.9757,395,11013,21.54081633,Private
27265-3115,High Point,NC,Laurel University,3,4,2,5,12,0.8308,148,4512,27.93137255,Private
28604,Banner Elk,NC,Lees-McRae College,3,3,2,5,42,0.6196,934,9804,24.8483965,Private
28502-0188,Kinston,NC,Lenoir Community College,2,2,1,5,32,NULL,2154,880,27.51904491,Public
28601,Hickory,NC,Lenoir-Rhyne University,3,4,2,5,13,0.658,1377,12322,21.17536814,Private
27403,Greensboro,NC,Leons Beauty School Inc,1,1,3,5,11,NULL,124,2087,24.70886076,Private
27614-7076,Raleigh,NC,Living Arts College,1,3,3,5,11,NULL,413,13721,28.94332724,Private
28144,Salisbury,NC,Livingstone College,3,3,2,5,22,0.6425,1301,12732,20.79141104,Private
27549-2399,Louisburg,NC,Louisburg College,2,2,2,5,31,0.421,697,9868,19.8998968,Private
28754,Mars Hill,NC,Mars Hill University,3,4,2,5,21,0.6209,1396,9370,21.24049332,Private
27892-9988,Williamston,NC,Martin Community College,2,2,1,5,41,NULL,477,667,26.56363636,Public
28777,Spruce Pine,NC,Mayland Community College,1,2,1,5,32,NULL,650,790,25.23516484,Public
28752-8728,Marion,NC,McDowell Technical Community College,1,2,1,5,41,NULL,693,771,26.84362934,Public
28273,Charlotte,NC,Mercy School of Nursing,1,1,1,5,11,1,130,8228,31.71428571,Public
27607-5298,Raleigh,NC,Meredith College,3,4,2,5,11,0.6127,1618,18662,21.35855646,Private
28311-1420,Fayetteville,NC,Methodist University,3,4,2,5,12,0.5594,2171,13927,22.47496318,Private
27909-4054,Elizabeth City,NC,Mid-Atlantic Christian University,3,3,2,5,32,0.3789,195,7070,26.67088608,Private
28677-5293,Statesville,NC,Mitchell Community College,2,2,1,5,21,NULL,2453,1359,25.80283592,Public
27534,Goldsboro,NC,Mitchells Hairstyling Academy-Goldsboro,1,0,3,5,13,NULL,14,47231,26.24,Private
27893,Wilson,NC,Mitchells Hairstyling Academy-Wilson,1,1,3,5,31,NULL,27,9540,26.41911765,Private
27371,Troy,NC,Montgomery Community College,1,2,1,5,41,NULL,604,1032,27.36650485,Public
28757-1267,Montreat,NC,Montreat College,3,4,2,5,21,0.4606,647,9323,27.39608802,Private
27606,Raleigh,NC,MyComputerCareer.com-Raleigh,1,1,3,5,11,NULL,353,43458,33.29775281,Private
27804,Rocky Mount,NC,Nash Community College,1,2,1,5,41,NULL,2823,1036,27.12505428,Public
27411,Greensboro,NC,North Carolina A & T State University,3,4,1,5,11,0.57,8894,5359,21.0295421,Public
27707,Durham,NC,North Carolina Central University,3,4,1,5,12,0.4322,5554,5216,23.2728831,Public
27695-7001,Raleigh,NC,North Carolina State University at Raleigh,3,4,1,5,11,0.516,22925,8400,20.86223055,Public
27804,Rocky Mount,NC,North Carolina Wesleyan College,3,3,2,5,13,0.5326,1864,11484,29.74559023,Private
28529,Grantsboro,NC,Pamlico Community College,1,2,1,5,42,NULL,335,998,28.79292929,Public
27713,Durham,NC,Park West Barber School,1,1,3,5,12,NULL,112,9005,29.57951483,Private
28303-5364,Fayetteville,NC,Paul Mitchell the School-Fayetteville,1,1,3,5,12,NULL,218,8353,24.6325431,Private
28054,Gastonia,NC,Paul Mitchell the School-Gastonia,1,1,3,5,13,NULL,383,9420,25.37892791,Private
27612-7358,Raleigh,NC,Paul Mitchell The School-Raleigh,1,1,3,5,11,NULL,152,9242,24.41326531,Private
28109,Misenheimer,NC,Pfeiffer University,3,4,2,5,42,0.4723,951,11159,25.28055078,Private
27573,Roxboro,NC,Piedmont Community College,1,2,1,5,41,NULL,1167,1168,26.47202296,Public
27101-5025,Winston-Salem,NC,Piedmont International University,3,4,2,5,12,0.4607,190,6929,28.58227848,Private
28115,Mooresville,NC,Pinnacle Institute of Cosmetology,1,1,3,5,21,NULL,79,8895,24.30232558,Private
28590,Winterville,NC,Pitt Community College,2,2,1,5,22,NULL,7895,1069,26.54071269,Public
28274-0001,Charlotte,NC,Queens University of Charlotte,3,4,2,5,11,0.7845,1621,14527,24.35809988,Private
27205,Asheboro,NC,Randolph Community College,2,2,1,5,31,NULL,2590,869,25.9993994,Public
27103,Winston-Salem,NC,Regency Beauty Institute-Winston-Salem,1,1,3,5,12,NULL,104,12412,25.13362069,Private
28110,Monroe,NC,Regina's College of Beauty-Monroe,1,1,3,5,21,NULL,45,6388,28.81395349,Private
28345-1189,Hamlet,NC,Richmond Community College,2,2,1,5,32,NULL,1948,495,26.27380074,Public
27910-9522,Ahoskie,NC,Roanoke-Chowan Community College,2,2,1,5,41,NULL,721,606,27.02828283,Public
28360,Lumberton,NC,Robeson Community College,2,2,1,5,32,NULL,1907,567,25.76146179,Public
27375-0038,Wentworth,NC,Rockingham Community College,2,2,1,5,42,NULL,1552,1030,25.42456897,Public
28146,Salisbury,NC,Rowan-Cabarrus Community College,2,2,1,5,22,NULL,5536,720,27.53858025,Public
27610-2298,Raleigh,NC,Saint Augustine's University,3,3,2,5,11,0.7403,1016,7393,21.07105263,Private
27101,Winston-Salem,NC,Salem College,3,4,2,5,12,0.5985,946,7258,24.50283554,Private
28329-0318,Clinton,NC,Sampson Community College,1,2,1,5,32,NULL,1206,1065,25.38291139,Public
28374,Pinehurst,NC,Sandhills Community College,2,2,1,5,41,NULL,3154,1257,26.34445535,Public
27601,Raleigh,NC,Shaw University,3,4,2,5,11,0.5935,1661,14108,22.56994048,Private
27518-9316,Cary,NC,Shepherds Theological Seminary,2,4,2,5,21,NULL,2,5747,NULL,Private
27610-2431,Raleigh,NC,Sherrill's University of Barber & Cosmetology,NULL,1,3,5,11,NULL,79,2881,30.1440678,Private
28803,Asheville,NC,South College-Asheville,2,3,3,5,13,NULL,283,20034,29.52470588,Private
28135,Polkton,NC,South Piedmont Community College,2,2,1,5,42,NULL,1784,1226,26.4904,Public
27587-1889,Wake Forest,NC,Southeastern Baptist Theological Seminary,NULL,4,2,5,21,0.746,502,6039,NULL,Private
28472-5422,Whiteville,NC,Southeastern Community College,2,2,1,5,42,NULL,1010,1015,24.21761006,Public
28217,Charlotte,NC,Southeastern Institute-Charlotte,1,1,3,5,11,0.7264,304,11343,29.78248175,Private
28779,Sylva,NC,Southwestern Community College,2,2,1,5,32,NULL,1907,1039,27.09037657,Public
28001,Albemarle,NC,Stanly Community College,2,2,1,5,32,NULL,2080,971,27.89321692,Public
27017-8432,Dobson,NC,Surry Community College,2,2,1,5,42,NULL,2318,913,24.97091195,Public
27101,Winston Salem,NC,Tennessee Temple University,3,4,2,5,12,0.5817,496,7482,27.25490196,Private
27616,Raleigh,NC,The Medical Arts School,1,1,3,5,11,NULL,124,3454,29.43816254,Private
28906,Murphy,NC,Tri-County Community College,2,2,1,5,43,NULL,814,638,27.38629284,Public
28365-0919,Mount Olive,NC,University of Mount Olive,3,3,2,5,31,0.4685,3258,8484,30.74555612,Private
28804-8510,Asheville,NC,University of North Carolina at Asheville,3,4,1,5,13,0.7314,3425,6444,23.17035111,Public
27599,Chapel Hill,NC,University of North Carolina at Chapel Hill,3,4,1,5,13,0.285,17908,12502,20.47262005,Public
28223-0001,Charlotte,NC,University of North Carolina at Charlotte,3,4,1,5,11,0.6409,22120,7245,22.31965599,Public
27402-6170,Greensboro,NC,University of North Carolina at Greensboro,3,4,1,5,11,0.6073,14497,5658,22.64756528,Public
28372-1510,Pembroke,NC,University of North Carolina at Pembroke,3,4,1,5,32,0.7326,5303,3982,23.48785292,Public
27127-2738,Winston-Salem,NC,University of North Carolina School of the Arts,3,4,1,5,12,0.432,852,12770,20.35261708,Public
28403-5963,Wilmington,NC,University of North Carolina Wilmington,3,4,1,5,12,0.5855,12686,7246,22.52916246,Public
27537,Henderson,NC,Vance-Granville Community College,2,2,1,5,32,NULL,3062,956,27.64150943,Public
27106,Winston-Salem,NC,Wake Forest University,3,4,2,5,12,0.3441,4861,29439,19.48651961,Private
27603-5696,Raleigh,NC,Wake Technical Community College,2,2,1,5,21,NULL,19942,1607,27.08219058,Public
28778-2099,Swannanoa,NC,Warren Wilson College,3,4,2,5,21,0.7177,819,14211,20.45642202,Private
27705-2505,Durham,NC,Watts School of Nursing,1,1,2,5,12,NULL,138,12520,NULL,Private
27534-8002,Goldsboro,NC,Wayne Community College,2,2,1,5,13,NULL,2773,853,26.54311577,Public
28723-9646,Cullowhee,NC,Western Carolina University,3,4,1,5,32,0.4311,8603,5595,22.32115385,Public
28655-4511,Morganton,NC,Western Piedmont Community College,2,2,1,5,13,NULL,1772,714,25.31793266,Public
28697,Wilkesboro,NC,Wilkes Community College,2,2,1,5,32,NULL,1983,816,25.08031496,Public
27604-1194,Raleigh,NC,William Peace University,3,3,2,5,11,0.6291,1077,10837,23.69878049,Private
27893-3310,Wilson,NC,Wilson Community College,2,2,1,5,31,NULL,1307,694,28.04708904,Public
28174-0159,Wingate,NC,Wingate University,3,4,2,5,21,0.7506,1941,11874,20.68698061,Private
27127,Winston-Salem,NC,Winston Salem Barber School,1,1,3,5,12,NULL,44,705,31.19387755,Private
27110-0001,Winston-Salem,NC,Winston-Salem State University,3,4,1,5,12,0.6016,4743,4270,24.37552103,Public
58506-5587,Bismarck,ND,Bismarck State College,2,3,1,4,13,NULL,3212,4057,23.67522739,Public
58335,Fort Totten,ND,Cankdeska Cikana Community College,2,2,1,4,42,NULL,145,2966,26.90151515,Public
58318-1198,Bottineau,ND,Dakota College at Bottineau,2,2,1,4,43,NULL,465,2637,22.83436853,Public
58601-4896,Dickinson,ND,Dickinson State University,3,3,1,4,33,0.6103,1231,5031,24.25043178,Public
58701-3914,Minot,ND,Headquarters Academy of Hair Design Inc,1,1,3,4,33,NULL,51,4301,25.22972973,Private
58102,Fargo,ND,Josef's School of Hair Design Inc-Fargo Downtown,1,1,3,4,12,NULL,49,13014,23.83950617,Private
58201,Grand Forks,ND,Josef's School of Hair Design Inc-Grand Forks,1,1,3,4,13,NULL,51,9452,23.8700565,Private
58504,Bismarck,ND,JZ Trend Academy Paul Mitchell Partner School,1,1,3,4,13,NULL,49,10104,23.92307692,Private
58301-1598,Devils Lake,ND,Lake Region State College,2,2,1,4,33,NULL,662,3325,24.03321033,Public
58102,Fargo,ND,Lynnes Welding Training,NULL,1,3,4,12,NULL,25,26014,24.77272727,Private
58257-1299,Mayville,ND,Mayville State University,3,3,1,4,43,NULL,784,4986,23.5896488,Public
58707,Minot,ND,Minot State University,3,4,1,4,33,0.5768,2570,5703,23.25023084,Public
58103-1805,Fargo,ND,Moler Barber College,1,1,3,4,12,NULL,12,663,33.5,Private
58076-0002,Wahpeton,ND,North Dakota State College of Science,2,2,1,4,32,NULL,2067,3554,21.93258427,Public
58108-6050,Fargo,ND,North Dakota State University-Main Campus,3,4,1,4,12,0.8274,11763,8007,20.83732158,Public
58763,New Town,ND,Nueta Hidatsa Sahnish College,2,3,1,4,43,NULL,137,3626,PrivacySuppressed,Public
58538-9721,Fort Yates,ND,Sitting Bull College,2,3,1,4,43,NULL,246,5615,27.2184466,Public
58501,Bismarck,ND,The Hair Academy,1,1,3,4,13,NULL,52,5482,21.49180328,Private
58103,Fargo,ND,The Salon Professional Academy-Fargo,1,1,3,4,12,NULL,103,9216,22.48031496,Private
58436-7105,Ellendale,ND,Trinity Bible College,3,3,2,4,43,0.3645,212,12487,20.56692913,Private
58316,Belcourt,ND,Turtle Mountain Community College,2,3,2,4,43,NULL,457,225,24.42592593,Private
58504,Bismarck,ND,United Tribes Technical College,1,3,2,4,23,NULL,434,6370,25.79376499,Private
58405,Jamestown,ND,University of Jamestown,3,4,2,4,33,0.6436,866,8385,20.31207289,Private
58504,Bismarck,ND,University of Mary,3,4,2,4,41,0.7865,1928,14103,22.14020619,Private
58202-8193,Grand Forks,ND,University of North Dakota,3,4,1,4,13,0.86,10978,9624,22.01587715,Public
58072,Valley City,ND,Valley City State University,3,4,1,4,33,0.9027,952,5485,23.04466019,Public
58801,Williston,ND,Williston State College,2,2,1,4,33,NULL,575,2114,25.04556962,Public
68005-3098,Bellevue,NE,Bellevue University,3,4,2,4,21,NULL,6185,10366,31.72646584,Private
68506-1299,Lincoln,NE,Bryan College of Health Sciences,3,4,2,4,11,0.573,588,14866,23.59090909,Private
68137-2325,Omaha,NE,Capitol School of Hairstyling and Esthetics,1,1,3,4,11,NULL,116,18543,23.16993464,Private
68802-4903,Grand Island,NE,Central Community College,1,2,1,4,13,NULL,4151,1790,24.02344351,Public
69337-2690,Chadron,NE,Chadron State College,3,4,1,4,33,NULL,2199,3561,22.8830156,Public
68124,Omaha,NE,CHI Health School of Radiologic Technology,2,2,2,4,11,NULL,22,2535,24.8,Private
68131-2739,Omaha,NE,Clarkson College,3,4,2,4,11,0.6134,739,12243,26.68045977,Private
68508-2199,Lincoln,NE,College of Hair Design-Downtown,1,1,3,4,11,NULL,98,6609,23.7238806,Private
68106,Omaha,NE,College of Saint Mary,3,4,2,4,11,0.5285,718,14557,25.17579909,Private
68434-1556,Seward,NE,Concordia University-Nebraska,3,4,2,4,32,0.7661,1232,10123,20.39784946,Private
68178,Omaha,NE,Creighton University,3,4,2,4,11,0.7267,3977,22571,20.94067191,Private
68333,Crete,NE,Doane University-Arts & Sciences,3,3,2,4,32,0.7935,1064,12179,24.40765766,Private
68108-3629,Omaha,NE,Grace University,3,4,2,4,11,0.4462,387,7503,22.51440329,Private
68901,Hastings,NE,Hastings College,3,4,2,4,32,0.6965,1135,9191,20.11501597,Private
68510-2226,Lincoln,NE,Joseph's College Cosmetology,1,1,3,4,11,NULL,229,10457,23.29393939,Private
68025,Fremont,NE,La'James International College,1,1,3,4,32,NULL,24,9109,24.48717949,Private
68071-0270,Winnebago,NE,Little Priest Tribal College,2,2,2,4,42,NULL,116,3919,26.25252525,Private
68111-1610,Omaha,NE,Metropolitan Community College Area,2,2,1,4,11,NULL,7275,1701,26.4755194,Public
68025,Fremont,NE,Midland University,3,4,2,4,32,0.6018,1236,12341,20.65717675,Private
69101,North Platte,NE,Mid-Plains Community College,2,2,1,4,33,NULL,1278,2281,24.27984718,Public
68506,Lincoln,NE,Myotherapy Institute,2,2,3,4,11,NULL,15,2980,26.67307692,Private
68046,Papillion,NE,Nebraska Christian College,3,3,2,4,41,NULL,134,9201,21.53846154,Private
68039-0428,Macy,NE,Nebraska Indian Community College,2,2,1,4,42,NULL,115,5214,26.5,Public
68114-2852,Omaha,NE,Nebraska Methodist College of Nursing & Allied Health,3,4,2,4,11,0.8261,742,13433,25.86317907,Private
68504-2794,Lincoln,NE,Nebraska Wesleyan University,3,4,2,4,11,0.7814,1803,12272,23.37901499,Private
68702-0469,Norfolk,NE,Northeast Community College,2,2,1,4,33,NULL,2726,2044,23.00098619,Public
68421-0010,Peru,NE,Peru State College,3,4,1,4,42,NULL,1537,3357,24.57323498,Public
69361,Scottsbluff,NE,Regional West Medical Center School of Radiologic Technology,NULL,1,2,4,33,NULL,7,1685,NULL,Private
68510-2449,Lincoln,NE,Southeast Community College Area,2,2,1,4,11,NULL,6979,2308,24.55414365,Public
68164,Omaha,NE,The Creative Center,2,3,3,4,11,0.7667,78,29353,19.83636364,Private
68506,Lincoln,NE,Union College,3,4,2,4,11,0.5214,747,15410,21.07714286,Private
68112-1810,Omaha,NE,Universal College of Healing Arts,1,2,3,4,11,NULL,14,8166,33.73333333,Private
68849-1212,Kearney,NE,University of Nebraska at Kearney,3,4,1,4,32,0.8411,5081,4655,21.85707742,Public
68182-0225,Omaha,NE,University of Nebraska at Omaha,3,4,1,4,11,0.785,11989,6140,22.58237167,Public
68198-7815,Omaha,NE,University of Nebraska Medical Center,3,4,1,4,11,NULL,828,13636,25.6986532,Public
68588,Lincoln,NE,University of Nebraska-Lincoln,3,4,1,4,11,0.6989,19979,8944,20.34379066,Public
68137,Omaha,NE,Vatterott College-Spring Valley,1,2,3,4,11,NULL,145,10050,27.24531516,Private
68787,Wayne,NE,Wayne State College,3,4,1,4,32,NULL,2869,3847,20.88188976,Public
69361-1899,Scottsbluff,NE,Western Nebraska Community College,2,2,1,4,33,NULL,1363,1749,24.53437877,Public
68127-3622,Omaha,NE,Xenon International Academy-Omaha,1,1,3,4,21,NULL,230,8709,23.183391,Private
68467-2699,York,NE,York College,3,3,2,4,33,0.4076,402,10520,21.13833992,Private
03257-7835,New London,NH,Colby-Sawyer College,3,3,2,1,42,0.9056,1351,10446,19.62479062,Private
3051,Hudson,NH,Continental Academie of Hair Design-Hudson,1,1,3,1,22,NULL,72,10986,22.32926829,Private
03063-1300,Nashua,NH,Daniel Webster College,3,4,3,1,13,0.6289,644,15395,22.77440347,Private
03755-3529,Hanover,NH,Dartmouth College,3,4,2,1,33,0.115,4184,29358,20.14339623,Private
3246,Laconia,NH,Empire Beauty School-Laconia,1,1,3,1,32,NULL,83,11233,24.51186441,Private
3878,Somersworth,NH,Empire Beauty School-Somersworth,1,1,3,1,23,NULL,101,8770,24.43162393,Private
03461-0060,Rindge,NH,Franklin Pierce University,3,4,2,1,41,0.843,1731,15535,22.12789527,Private
03301-3471,Concord,NH,Granite State College,3,4,1,1,31,NULL,1800,5300,30.78718861,Public
03801-2879,Portsmouth,NH,Great Bay Community College,2,2,1,1,23,NULL,1857,8053,25.16354467,Public
3431,Keene,NH,Keene Beauty Academy,1,1,3,1,32,NULL,51,9004,24.05479452,Private
03435-1506,Keene,NH,Keene State College,3,4,1,1,32,0.7859,4662,11433,19.9254818,Public
03102-5263,Manchester,NH,Laird Institute of Spa Therapy,1,1,3,1,12,NULL,58,8393,30.85714286,Private
3246,Laconia,NH,Lakes Region Community College,2,2,1,1,32,NULL,1049,7244,25.76244344,Public
03102-8518,Manchester,NH,Manchester Community College,2,2,1,1,12,NULL,2938,6779,25.27578475,Public
3110,Bedford,NH,Michaels School of Hair Design and Esthetics-Paul Mitchell Partner School,1,1,3,1,12,NULL,161,16158,23.17801047,Private
03103-9969,Manchester,NH,Mount Washington College,2,3,3,1,12,NULL,1504,14378,29.63964844,Private
03063-1026,Nashua,NH,Nashua Community College,2,2,1,1,13,NULL,1951,7496,24.27354936,Public
3242,Henniker,NH,New England College,3,4,2,1,42,0.9573,1700,9461,29.64634146,Private
3784,West Lebanon,NH,New England School of Hair Design,1,1,3,1,33,NULL,41,12224,25.16666667,Private
3051,Hudson,NH,New Hampshire Institute for Therapeutic Arts,1,1,3,1,22,NULL,37,13160,31.54166667,Private
03104-4858,Manchester,NH,New Hampshire Institute of Art,3,4,2,1,12,NULL,442,19438,20.26086957,Private
03301-7412,Concord,NH,NHTI-Concord's Community College,2,2,1,1,31,NULL,3822,7819,23.62795549,Public
03278-4012,Warner,NH,Northeast Catholic College,NULL,3,2,1,42,1,61,11993,20.29166667,Private
03801-4084,Portsmouth,NH,Paul Mitchell the School-Portsmouth,1,1,3,1,23,NULL,49,8881,22.32835821,Private
03264-1595,Plymouth,NH,Plymouth State University,3,4,1,1,33,0.752,3644,11024,20.38596491,Public
03743-9707,Claremont,NH,River Valley Community College,1,2,1,1,41,NULL,880,7943,28.64067278,Public
3060,Nashua,NH,Rivier University,3,4,2,1,13,0.6256,1433,12987,24.36834734,Private
03102-1310,Manchester,NH,Saint Anselm College,3,3,2,1,22,0.7609,1950,16856,19.83621684,Private
03106-1045,Manchester,NH,Southern New Hampshire University,3,4,2,1,12,0.8421,28035,10367,32.0057778,Private
3060,Nashua,NH,St Joseph School of Nursing,2,2,2,1,13,0.3333,135,9529,30.87969925,Private
3054,Merrimack,NH,Thomas More College of Liberal Arts,3,3,2,1,22,0.76,93,9399,20.42857143,Private
03824-3547,Durham,NH,University of New Hampshire-Main Campus,3,4,1,1,23,0.8002,12591,12491,19.99414894,Public
03766-1358,Lebanon,NH,Upper Valley Educators Institute,1,0,2,1,33,NULL,NULL,16007,34.45454546,Private
3570,Berlin,NH,White Mountains Community College,2,2,1,1,33,NULL,560,7597,25.3968254,Public
07601-6637,Hackensack,NJ,Adult and Continuing Education-BCTS,1,1,1,2,21,NULL,90,7852,31.76595745,Public
8854,Piscataway,NJ,American Institute of Medical Sciences & Education,1,1,3,2,21,NULL,330,8358,28.02955665,Private
7950,Morris Plains,NJ,Artistic Academy of Hair Design,1,1,3,2,21,NULL,156,12916,23.88829787,Private
08012-1043,Turnersville,NJ,ASI Career Institute,1,1,3,2,21,NULL,109,7949,30.04587156,Private
8234,Egg Harbor Township,NJ,Atlantic Beauty & Spa Academy LLC,1,1,3,2,22,NULL,131,11967,26.20392157,Private
08330-2699,Mays Landing,NJ,Atlantic Cape Community College,2,2,1,2,41,NULL,6359,2651,24.35111111,Public
8701,Lakewood,NJ,Bais Medrash Toras Chesed,3,3,2,2,13,0.4848,111,4776,21,Private
07652-1595,Paramus,NJ,Bergen Community College,2,2,1,2,21,NULL,14530,4843,22.97232898,Public
7424,Woodland Park,NJ,Berkeley College-Woodland Park,3,3,3,2,21,NULL,3622,16647,26.64711381,Private
07018-1703,East Orange,NJ,Best Care Training Institute,1,1,3,2,21,NULL,54,3621,32.73214286,Private
08701-2754,Lakewood,NJ,Beth Medrash Govoha,3,4,2,2,13,NULL,2703,2564,23.69349112,Private
7003,Bloomfield,NJ,Bloomfield College,3,4,2,2,21,0.634,1933,18013,22.08906883,Private
07054-3897,Parsippany,NJ,Branford Hall Career Institute-Parsippany,1,1,3,2,21,NULL,119,12513,28.66046888,Private
07738-1597,Lincroft,NJ,Brookdale Community College,2,2,1,2,41,NULL,12077,2814,23.49303504,Public
07006-6195,Caldwell,NJ,Caldwell University,3,4,2,2,21,0.6393,1596,16560,22.23271277,Private
8012,Blackwood,NJ,Camden County College,2,2,1,2,21,NULL,11034,2931,24.80770962,Public
8723,Brick,NJ,Capri Institute of Hair Design-Brick,1,1,3,2,21,NULL,167,11230,27.39572193,Private
7011,Clifton,NJ,Capri Institute of Hair Design-Clifton,1,1,3,2,21,NULL,241,10110,26.09090909,Private
7033,Kenilworth,NJ,Capri Institute of Hair Design-Kenilworth,1,1,3,2,21,NULL,172,11320,27.74881517,Private
7652,Paramus,NJ,Capri Institute of Hair Design-Paramus,1,1,3,2,21,NULL,164,6645,24.99253731,Private
7840,Hackettstown,NJ,Centenary College,3,4,2,2,21,0.8191,1612,15555,23.37771346,Private
07080-2408,South Plainfield,NJ,Central Career Institute LLC,1,1,3,2,21,NULL,160,12979,31.59782609,Private
07058-9589,Pine Brook,NJ,Christine Valmy International School of Esthetics & Cosmetology,1,1,3,2,21,NULL,115,9847,30.39393939,Private
07960-6989,Morristown,NJ,College of Saint Elizabeth,3,4,2,2,21,0.5759,862,18832,24.03981265,Private
8103,Camden,NJ,Cooper Health System Center for Allied Health Education,1,1,2,2,13,NULL,40,5567,29.14814815,Private
07869-2086,Randolph,NJ,County College of Morris,2,2,1,2,21,NULL,7250,4616,22.66467513,Public
08362-1500,Vineland,NJ,Cumberland County College,2,2,1,2,41,NULL,3760,2319,24.29332169,Public
8081,ERIAL,NJ,Divers Academy International,1,1,3,2,21,NULL,211,23080,25.77777778,Private
7201,Elizabeth,NJ,Drake College of Business-Elizabeth,1,1,3,2,21,NULL,849,22693,31.14556417,Private
7940,Madison,NJ,Drew University,3,4,2,2,21,0.7017,1356,17541,19.79602888,Private
7060,Plainfield,NJ,duCret School of Arts,1,1,2,2,21,0.8889,41,15545,21.625,Private
7306,Jersey City,NJ,Eastern International College-Jersey City,2,2,3,2,12,NULL,217,7651,26.93137255,Private
07003-3551,Bloomfield,NJ,Eastern School of Acupuncture and Traditional Medicine,1,1,3,2,21,NULL,58,20579,33.38709677,Private
7601,Hackensack,NJ,Eastwick College-Hackensack,1,2,3,2,21,0.276,375,13074,30.18111455,Private
7110,Nutley,NJ,Eastwick College-Nutley,1,1,3,2,21,0.4614,321,8109,28.3095624,Private
07446-2551,Ramsey,NJ,Eastwick College-Ramsey,2,2,3,2,21,0.3103,865,16120,30.33005465,Private
7102,Newark,NJ,Essex County College,2,2,1,2,11,NULL,10251,4278,25.70079568,Public
7666,Teaneck,NJ,Fairleigh Dickinson University-Metropolitan Campus,3,4,2,2,21,0.8011,3870,18071,22.97958512,Private
7644,Lodi,NJ,Felician University,3,4,2,2,21,0.8416,1629,18931,26.08421053,Private
7470,Wayne,NJ,Fortis Institute-Wayne,1,1,3,2,21,NULL,564,9943,25.60343643,Private
8512,Cranbury,NJ,Gentle Healing School of Massage,1,1,3,2,21,NULL,5,14362,37.76923077,Private
08701-2697,Lakewood,NJ,Georgian Court University,3,4,2,2,13,0.6806,1423,18141,22.17813268,Private
07042-4837,Montclair,NJ,HackensackUMC Mountainside School of Nursing,1,1,3,2,21,NULL,110,15938,28.92134832,Private
8002,Cherry Hill,NJ,Harris School of Business-Cherry Hill Campus,1,1,3,2,21,NULL,389,13548,27.62510923,Private
8043,Voorhees,NJ,Harris School of Business-Voorhees Campus,1,1,3,2,21,NULL,443,12586,29.49447514,Private
7083,Union,NJ,Healthcare Training Institute,1,1,3,2,21,0.9111,76,19875,28.82593857,Private
7513,Paterson,NJ,Hohokus School of Trade and Technical Sciences,1,1,3,2,21,NULL,183,27708,26.69382023,Private
07666-4246,Teaneck,NJ,Holy Name Medical Center School of Nursing,1,1,2,2,21,0,147,10822,30.1294964,Private
7306,Jersey City,NJ,Hudson County Community College,2,2,1,2,12,NULL,8707,1283,24.89513678,Public
7601,Hackensack,NJ,Institute for Therapeutic Massage,1,1,3,2,21,NULL,126,13798,32.875,Private
7608,Teterboro,NJ,Jersey College,1,2,3,2,21,0.7391,2173,14656,34.11360294,Private
7061,Plainfield,NJ,JFK Muhlenberg Harold B & Dorothy A Snyder Schools-School of Nursing,1,1,2,2,21,0.6667,395,24087,29.23202614,Private
7801,Dover,NJ,Joe Kubert School of Cartoon and Graphic Art,1,1,3,2,21,0.9577,99,12845,23.35294118,Private
7083,Union,NJ,Kean University,3,4,1,2,21,0.7036,11938,8533,23.69238809,Public
08820-2896,Edison,NJ,Lincoln Technical Institute-Edison,1,1,3,2,21,NULL,537,12667,26.96365191,Private
7712,Ocean,NJ,Medical Career Institute,1,1,3,2,21,0.6522,60,10039,30,Private
08550-3407,West Windsor,NJ,Mercer County Community College,2,2,1,2,41,NULL,7132,4145,24.38631052,Public
8701,Lakewood,NJ,Mesivta Keser Torah,3,3,2,2,13,1,41,3570,20.23076923,Private
08818-3050,Edison,NJ,Middlesex County College,2,2,1,2,21,NULL,11033,4848,23.20649791,Public
07728-5033,Freehold,NJ,Monmouth County Vocational School District,1,1,1,2,21,NULL,60,6888,28.84693878,Public
07764-1898,West Long Branch,NJ,Monmouth University,3,4,2,2,21,0.7419,4584,20580,20.21859297,Private
07043-1624,Montclair,NJ,Montclair State University,3,4,1,2,21,0.6683,15676,9022,21.19716981,Public
7834,Denville,NJ,Morris County Vocational School District,1,1,1,2,21,0.7941,50,7408,28.64935065,Public
7018,East Orange,NJ,National Career Institute,1,1,3,2,21,NULL,291,7629,29.66204506,Private
08901-1107,New Brunswick,NJ,New Brunswick Theological Seminary,3,4,2,2,13,NULL,NULL,9441,NULL,Private
7305,Jersey City,NJ,New Jersey City University,3,4,1,2,12,0.7659,6163,8077,25.25861543,Public
7102,Newark,NJ,New Jersey Institute of Technology,3,4,1,2,11,0.6339,6748,10459,22.18170158,Public
08754-2001,Toms River,NJ,Ocean County College,2,2,1,2,21,NULL,8086,3426,23.81763527,Public
8753,Toms River,NJ,Ocean County Vocational-Technical School,1,1,1,2,21,NULL,541,6709,26.98284314,Public
8030,Gloucester,NJ,P B Cosmetology Education Center,1,1,3,2,21,NULL,171,12931,23.6826087,Private
7306,Jersey City,NJ,P C Age-Jersey City,1,1,3,2,12,NULL,178,19823,30.72036474,Private
07601-5509,Hackensack,NJ,Parisian Beauty School,1,1,3,2,21,NULL,369,12504,25.34848485,Private
07505-1179,Paterson,NJ,Passaic County Community College,2,2,1,2,21,NULL,8479,1555,24.32402348,Public
08723-3413,Brick,NJ,Paul Mitchell the School-Jersey Shore,NULL,1,3,2,21,NULL,176,6808,24.43873518,Private
8012,Blackwood,NJ,Pennco Tech-Blackwood,1,1,3,2,21,NULL,601,13497,25.93405676,Private
7102,Newark,NJ,Pillar College,3,3,2,2,11,NULL,459,16604,38.1226158,Private
08542-0803,Princeton,NJ,Princeton Theological Seminary,3,4,2,2,21,NULL,NULL,4335,PrivacySuppressed,Private
08544-0070,Princeton,NJ,Princeton University,3,4,2,2,21,0.0744,5258,13255,19.32103321,Private
8817,Edison,NJ,Rabbi Jacob Joseph School,3,3,2,2,21,1,84,8247,18.3,Private
7960,Morristown,NJ,Rabbinical College of America,3,3,2,2,21,0.8537,206,10330,20.94214876,Private
07430-1680,Mahwah,NJ,Ramapo College of New Jersey,3,4,1,2,21,0.5332,5447,9576,21.39392545,Public
8876,Branchburg,NJ,Raritan Valley Community College,2,2,1,2,41,NULL,6579,3594,23.46610509,Public
08648-3099,Lawrenceville,NJ,Rider University,3,4,2,2,21,0.7091,4188,20981,20.63532468,Private
08043-1800,Voorhees,NJ,Rizzieri Aveda School for Beauty and Wellness,1,1,3,2,21,NULL,253,14301,24.76539589,Private
08043-1911,Voorhees,NJ,Rizzieri Institute,NULL,1,3,2,21,NULL,61,10581,29.71590909,Private
7060,North Plainfield,NJ,Robert Fiance Beauty Schools-North Plainfield,1,1,3,2,21,NULL,196,8503,27.51748252,Private
8861,Perth Amboy,NJ,Robert Fiance Beauty Schools-Perth Amboy,1,1,3,2,21,NULL,233,6320,25.70384615,Private
07093-4623,West New York,NJ,Robert Fiance Beauty Schools-West New York,1,1,3,2,21,NULL,255,8198,28.94428153,Private
7506,Hawthorne,NJ,Roman Academy of Beauty Culture,1,1,3,2,21,NULL,46,8984,25.2,Private
08068-1599,Pemberton,NJ,Rowan College at Burlington County,2,2,1,2,41,NULL,8668,2522,25.28007608,Public
8080,Sewell,NJ,Rowan College at Gloucester County,2,2,1,2,21,NULL,6310,3372,23.22765957,Public
8028,Glassboro,NJ,Rowan University,3,4,1,2,21,0.4357,11690,11552,21.31882942,Public
08901-1281,New Brunswick,NJ,Rutgers University-New Brunswick,3,4,1,2,13,0.605,34094,13386,22.12414101,Public
08629-1986,Trenton,NJ,Saint Francis Medical Center School of Nursing,1,1,2,2,13,NULL,52,4683,PrivacySuppressed,Private
07306-5997,Jersey City,NJ,Saint Peter's University,3,4,2,2,12,0.569,2409,16376,21.87327824,Private
08069-2799,Carneys Point,NJ,Salem Community College,2,2,1,2,41,NULL,1064,4529,24.42218543,Public
07079-2697,South Orange,NJ,Seton Hall University,3,4,2,2,21,0.7554,5609,22657,21.0376,Private
7306,Jersey City,NJ,Starting Points Inc,1,1,2,2,12,NULL,47,12759,32.33913044,Private
08854-3756,Piscataway,NJ,StenoTech Career Institute-Piscataway,1,1,3,2,21,NULL,55,10018,29.05555556,Private
07030-5991,Hoboken,NJ,Stevens Institute of Technology,3,4,2,2,21,0.4378,2842,27192,19.54554865,Private
08205-9441,Galloway,NJ,Stockton University,3,4,1,2,22,0.6475,7676,6882,21.80283649,Public
7860,Newton,NJ,Sussex County Community College,2,2,1,2,31,NULL,2688,5848,23.25223881,Public
7710,Adelphia,NJ,Talmudical Academy-New Jersey,3,3,2,2,21,1,69,7931,19.54,Private
07608-1083,Teterboro,NJ,Teterboro School of Aeronautics,1,1,3,2,21,NULL,160,8654,23.67759563,Private
08628-7718,Ewing,NJ,The College of New Jersey,3,4,1,2,21,0.4897,6407,11918,19.80832939,Public
8628,Ewing,NJ,The Lab-Paul Mitchell Partner School,1,1,3,2,21,NULL,108,13169,24.22297297,Private
7080,South Plainfield,NJ,The Salon Professional Academy-South Plainfield,NULL,1,3,2,21,NULL,118,10859,26.76623377,Private
8608,Trenton,NJ,Thomas Edison State University,3,4,1,2,13,NULL,20143,9801,33.23085554,Public
7087,Union City,NJ,Total Image Beauty Academy,1,1,3,2,21,NULL,134,4156,32.05617978,Private
07016-1599,Cranford,NJ,Union County College,2,2,1,2,21,NULL,11234,3142,25.88603242,Public
7076,Scotch Plains,NJ,Union County Vocational Technical School,1,1,1,2,21,NULL,106,4396,27.08333333,Public
08861-4106,Perth Amboy,NJ,Universal Training Institute,1,1,3,2,21,NULL,164,9270,32.0660793,Private
07882-4343,Washington,NJ,Warren County Community College,2,2,1,2,41,NULL,1699,4013,23.97971015,Public
7470,Wayne,NJ,William Paterson University of New Jersey,3,4,1,2,21,0.7458,9508,10018,22.36458333,Public
07036-3905,Linden,NJ,Yeshiva Gedolah Zichron Leyma,3,3,2,2,21,1,28,2008,PrivacySuppressed,Private
8701,Lakewood,NJ,Yeshiva Toras Chaim,3,3,2,2,21,1,215,14523,18.48913044,Private
08701-4946,Lakewood,NJ,Yeshiva Yesodei Hatorah,3,3,2,2,21,1,69,10099,18.04166667,Private
7208,Elizabeth,NJ,Yeshivas Be'er Yitzchok,3,3,2,2,21,1,49,4940,21.53846154,Private
87104-1160,Albuquerque,NM,Aveda Institute-New Mexico,1,1,3,6,11,NULL,135,6283,26.03589744,Private
87106,Albuquerque,NM,Central New Mexico Community College,1,2,1,6,11,NULL,22767,651,26.18803012,Public
88101-8381,Clovis,NM,Clovis Community College,1,2,1,6,33,NULL,2028,1293,25.10672359,Public
87112-4413,Albuquerque,NM,De Wolff College Hair Styling and Cosmetology,1,1,3,6,11,NULL,80,5522,28.5308642,Private
88130,Portales,NM,Eastern New Mexico University-Main Campus,3,4,1,6,33,0.6306,3731,3385,24.53190038,Public
87508-1300,Santa Fe,NM,Institute of American Indian and Alaska Native Culture,3,3,1,6,41,1,235,4050,28.09375,Public
87701,Las Vegas,NM,Luna Community College,2,2,1,6,41,NULL,754,486,24.09195402,Public
88005,Las Cruces,NM,Massage Therapy Trainining Institute,1,1,3,6,13,NULL,60,9934,30.67676768,Private
88401-3352,Tucumcari,NM,Mesalands Community College,1,2,1,6,33,NULL,744,594,27.17105263,Public
87313-0849,Crownpoint,NM,Navajo Technical University,1,3,1,6,43,NULL,2031,783,27.33518666,Public
87701,Las Vegas,NM,New Mexico Highlands University,3,4,1,6,33,NULL,2140,4028,27.05718702,Public
87801,Socorro,NM,New Mexico Institute of Mining and Technology,3,4,1,6,33,0.3639,1525,5233,22.35185185,Public
88240,Hobbs,NM,New Mexico Junior College,2,2,1,6,33,NULL,1885,2004,23.38932147,Public
88201-5173,Roswell,NM,New Mexico Military Institute,2,2,1,6,33,0.3989,459,8013,19.71186441,Public
88003-8001,Las Cruces,NM,New Mexico State University-Main Campus,3,4,1,6,22,0.696,12171,4051,23.797733,Public
87532,Espanola,NM,Northern New Mexico College,2,4,1,6,32,NULL,925,1363,24.82956879,Public
88310-5051,Alamogordo,NM,Olympian Academy of Cosmetology,1,1,3,6,33,NULL,986,10989,26.78959538,Private
87114,Albuquerque,NM,Pima Medical Institute-Albuquerque West,1,1,3,6,11,NULL,132,4336,27.67578125,Private
87402-4699,Farmington,NM,San Juan College,2,2,1,6,13,NULL,5925,1218,26.63170241,Public
87508-4887,Santa Fe,NM,Santa Fe Community College,2,2,1,6,41,NULL,3729,1181,28.58635526,Public
87505-7634,Santa Fe,NM,Santa Fe University of Art and Design,3,3,3,6,13,1,839,10279,22.07394366,Private
87505,Santa Fe,NM,Southwest Acupuncture College-Santa Fe,3,4,3,6,13,NULL,NULL,8105,PrivacySuppressed,Private
87507,Santa Fe,NM,Southwestern College,3,4,2,6,41,NULL,NULL,16730,NULL,Private
87120-3101,Albuquerque,NM,Southwestern Indian Polytechnic Institute,2,2,1,6,21,NULL,475,829,24.97979798,Public
87505-4599,Santa Fe,NM,St. John's College,3,4,2,6,41,0.815,340,15946,21.16923077,Private
87110,Albuquerque,NM,Toni & Guy Hairdressing Academy-Albuquerque,1,1,3,6,11,NULL,126,9094,24.78306878,Private
87107-4403,Albuquerque,NM,Universal Therapeutic Massage Institute,1,1,3,6,11,NULL,61,4506,33.51376147,Private
87106,Albuquerque,NM,University of New Mexico-Main Campus,3,4,1,6,11,0.4538,20261,5411,24.37537694,Public
88240,Hobbs,NM,University of the Southwest,3,4,2,6,41,NULL,366,10750,26.6345515,Private
87505-7708,Santa Fe,NM,Vogue College of Cosmetology-Santa Fe,1,1,3,6,13,NULL,72,3089,26.75925926,Private
88061,Silver City,NM,Western New Mexico University,3,4,1,6,33,NULL,2105,3374,25.43969849,Public
89146,Las Vegas,NV,Academy of Hair Design-Las Vegas,1,1,3,8,11,NULL,45,11613,27.38113208,Private
89118-1519,Las Vegas,NV,Advanced Training Institute,1,1,3,8,12,NULL,436,16461,28.79632063,Private
89102,Las Vegas,NV,American Institute of Medical Sonography,1,1,3,8,11,NULL,48,15783,29.57142857,Private
89102,Las Vegas,NV,Brightwood College-Las Vegas,1,2,3,8,11,NULL,944,7772,27.88192612,Private
89434-7905,Sparks,NV,Career College of Northern Nevada,2,2,3,8,12,NULL,581,6566,29.02325581,Private
89119,Las Vegas,NV,Casal Institute of Nevada,1,1,3,8,12,0.9949,178,10821,26.09375,Private
89146-1164,Las Vegas,NV,College of Southern Nevada,2,3,1,8,11,NULL,31149,2530,27.29174996,Public
89074,Henderson,NV,Everest College-Henderson,1,2,3,8,11,NULL,800,11000,27.95378151,Private
89106,Las Vegas,NV,Expertise Cosmetology Institute,1,1,2,8,11,NULL,81,14622,29.38983051,Private
89801,Elko,NV,Great Basin College,2,4,1,8,33,NULL,2095,2671,28.05533597,Public
89130-2580,Las Vegas,NV,Healthcare Preparatory Institute,NULL,1,3,8,11,NULL,28,6311,30.89772727,Private
89119,Las Vegas,NV,Institute of Professional Careers,1,1,3,8,12,NULL,19,13809,25.39534884,Private
89502-1559,Reno,NV,International Academy of Style,1,1,3,8,12,NULL,119,7660,26.57419355,Private
89110,Las Vegas,NV,Marinello Schools of Beauty-Las Vegas,1,1,3,8,11,NULL,367,9448,26.4471086,Private
89502,Reno,NV,Marinello Schools of Beauty-Reno,1,1,3,8,12,NULL,217,9581,26.45631068,Private
89002,Henderson,NV,Nevada State College,3,3,1,8,11,0.5459,3254,3240,28.68618267,Public
89128,Las Vegas,NV,Northwest Career College,1,2,3,8,11,NULL,189,6154,27.91576674,Private
89123-8014,Las Vegas,NV,Paul Mitchell the School-Las Vegas,1,1,3,8,11,NULL,284,8479,23.97575758,Private
89502,Reno,NV,Paul Mitchell the School-Reno,1,1,3,8,12,NULL,180,8608,24.96135266,Private
89014,Henderson,NV,Roseman University of Health Sciences,3,4,2,8,11,NULL,269,40481,29.08536585,Private
89451,Incline Village,NV,Sierra Nevada College,3,4,2,8,32,0.6574,548,14162,22.24710425,Private
89512-3999,Reno,NV,Truckee Meadows Community College,2,2,1,8,12,NULL,8719,2194,27.14308639,Public
89154,Las Vegas,NV,University of Nevada-Las Vegas,3,4,1,8,12,0.8689,23329,6961,22.79474286,Public
89557,Reno,NV,University of Nevada-Reno,3,4,1,8,12,0.8388,16330,7750,22.00549743,Public
89703-7399,Carson City,NV,Western Nevada College,2,3,1,8,13,NULL,3500,1530,28.16871705,Public
10306,Staten Island,NY,Academy of Cosmetology and Esthetics NYC,1,1,3,2,11,NULL,107,11108,23.6,Private
11201-5826,Brooklyn,NY,Access Careers,1,1,3,2,11,NULL,286,3063,30.35338346,Private
11550-0000,Hempstead,NY,Access Careers,NULL,1,3,2,21,NULL,38,14671,31.56060606,Private
11375,Forest Hills,NY,Ace Computer Training Center,1,1,3,2,11,NULL,162,17298,30.46031746,Private
11530-0701,Garden City,NY,Adelphi University,3,4,2,2,21,0.7242,5036,21769,22.36482085,Private
12801-0000,Glens Falls,NY,Adirondack Beauty School,1,1,3,2,13,NULL,34,8777,26.91489362,Private
12804,Queensbury,NY,Adirondack Community College,2,2,1,2,23,NULL,3535,2377,22.70173317,Public
12110-1095,Latham,NY,Aesthetic Science Institute,1,1,3,2,21,NULL,66,10355,29.01052632,Private
12205,Albany,NY,Albany BOCES-Adult Practical Nursing Program,1,1,1,2,21,NULL,141,6416,29.74889868,Public
12208-3492,Albany,NY,Albany College of Pharmacy and Health Sciences,3,4,2,2,13,0.674,1076,24725,20.85340314,Private
12208,Albany,NY,Albany Law School,3,4,2,2,13,NULL,NULL,28282,NULL,Private
12208-3479,Albany,NY,Albany Medical College,3,4,2,2,13,NULL,NULL,43240,NULL,Private
14802-1205,Alfred,NY,Alfred University,3,4,2,2,33,0.6944,1842,8986,19.71588595,Private
11432,Jamaica,NY,Allen School-Jamaica,1,1,3,2,11,NULL,322,17581,33.4998571,Private
11354-6507,Flushing,NY,Alliance Computing Solutions,NULL,1,3,2,11,NULL,36,23608,35.4375,Private
10019,New York,NY,American Academy McAllister Institute of Funeral Service,2,2,2,2,11,NULL,424,11262,30.79052369,Private
10016,New York,NY,American Academy of Dramatic Arts-New York,2,2,2,2,11,0.6341,253,26768,21.1749409,Private
10011-7301,New York,NY,American Academy of Personal Training,1,1,3,2,11,NULL,187,18728,28.36888889,Private
10462,Bronx,NY,American Beauty School,1,1,3,2,11,NULL,201,10231,27.5,Private
10023,New York,NY,American Musical and Dramatic Academy,1,3,2,2,11,0.2308,1735,18927,19.90746501,Private
11101,Long Island City,NY,Apex Technical School,1,1,3,2,11,NULL,1259,17817,28.48481065,Private
14905-1676,Elmira,NY,Arnot Ogden Medical Center,1,1,2,2,13,0.7143,70,7033,26.21428571,Private
10014,New York,NY,Arrojo Cosmetology School,NULL,1,3,2,11,NULL,29,11060,25.2016129,Private
11201-9805,Brooklyn,NY,ASA College,2,2,3,2,11,NULL,4551,14948,27.20848709,Private
11225,Brooklyn,NY,Associated Beth Rivkah Schools,1,1,2,2,11,0.9744,147,6578,19.7972028,Private
10011-7307,New York,NY,Atelier Esthetique Institute of Esthetics,1,1,3,2,11,NULL,127,12263,30.82987552,Private
12206-1513,Albany,NY,Austin's School of Spa Technology,1,1,3,2,13,NULL,283,4916,28.10674157,Private
10013,New York,NY,Aveda Institute-New York,1,1,3,2,11,NULL,229,15113,25.51662404,Private
11230,Brooklym,NY,Bais Medrash Elyon,3,4,2,2,11,NULL,67,2083,22.88888889,Private
10025,New York,NY,Bank Street College of Education,3,4,2,2,11,NULL,NULL,58704,NULL,Private
12504-5000,Annandale-On-Hudson,NY,Bard College,3,4,2,2,31,0.4461,2021,15516,19.73132184,Private
10027-6598,New York,NY,Barnard College,3,3,2,2,11,0.2377,2556,29924,19.35357143,Private
10940,Middletown,NY,Beauty School of Middletown,1,1,3,2,23,NULL,73,5854,26.53153153,Private
10977-1912,Spring Valley,NY,Be'er Yaakov Talmudic Seminary,3,3,2,2,21,1,382,8325,18.89705882,Private
11691,Far Rockaway,NY,Beis Medrash Heichal Dovid,3,4,2,2,11,0.5254,93,10637,19.14285714,Private
12304,Schenectady,NY,Belanger School of Nursing,2,2,2,2,13,0.4167,127,5316,32.72380952,Private
11101-8120,Long Island City,NY,Berk Trade and Business School,1,1,3,2,11,NULL,243,7504,27.30753968,Private
10017,New York,NY,Berkeley College-New York,3,3,3,2,11,NULL,4388,18332,26.13248639,Private
11204,Brooklyn,NY,Beth Hamedrash Shaarei Yosher Institute,3,3,2,2,11,1,42,13005,19.76470588,Private
11214,Brooklyn,NY,Beth Hatalmud Rabbinical College,3,3,2,2,11,1,29,4953,19.61111111,Private
10032-1560,New York,NY,Boricua College,2,4,2,2,11,NULL,1104,9753,28.2674772,Private
11375-4239,Forest Hills,NY,Bramson ORT College,2,2,2,2,11,NULL,560,9582,29.31458967,Private
11714-3545,Bethpage,NY,Briarcliffe College,2,3,3,2,21,NULL,1719,18087,27.30419162,Private
11756-1345,Levittown,NY,Brittany Beauty School,1,1,3,2,21,NULL,140,11154,28.50491159,Private
11201,Brooklyn,NY,Brooklyn Law School,3,4,2,2,11,NULL,NULL,29760,PrivacySuppressed,Private
13905,Binghamton,NY,Broome Delaware Tioga BOCES-Practical Nursing Program,1,1,1,2,22,0.2642,61,5437,29.9,Public
14203,Buffalo,NY,Bryant & Stratton College-Buffalo,2,3,3,2,11,NULL,671,13879,29.34301102,Private
11580-5431,Valley Stream,NY,Business Informatics Center Inc,2,2,3,2,21,NULL,24,16626,32.18181818,Private
11530-3402,Garden City,NY,Cactus Academy,1,1,3,2,21,NULL,123,9173,24.10047847,Private
14208-1098,Buffalo,NY,Canisius College,3,4,2,2,11,0.8023,2736,15780,19.71813726,Private
10954,Nanuet,NY,Capri Cosmetology Learning Centers,1,1,3,2,21,NULL,223,11389,26.0902439,Private
10301,Staten Island,NY,Career School of NY,1,1,2,2,11,NULL,67,4086,25.67721519,Private
14760,Olean,NY,Cattaraugus Allegany BOCES-Practical Nursing Program,1,1,1,2,41,NULL,50,6130,30.828125,Public
13021-3099,Auburn,NY,Cayuga County Community College,2,2,1,2,32,NULL,2720,2886,25.14129111,Public
13021,Auburn,NY,Cayuga Onondaga BOCES-Practical Nursing Program,1,1,1,2,41,NULL,34,2060,29.15384615,Public
13035,Cazenovia,NY,Cazenovia College,3,3,2,2,31,0.762,1067,10108,20.7027027,Private
13114,Mexico,NY,Center for Instruction Technology & Innovation (CiTi),1,1,1,2,42,0.65,95,3030,29.25,Public
12205,Albany,NY,Center for Natural Wellness School of Massage Therapy,1,1,3,2,21,0.9231,45,14804,31.91525424,Private
11230,Brooklyn,NY,Central Yeshiva Tomchei Tmimim Lubavitz,3,4,2,2,11,1,613,5755,19.43943662,Private
11229,Brooklyn,NY,Charles Stuart School of Diamond Setting,1,1,3,2,11,NULL,27,11259,42.55555556,Private
14304,Niagara Falls,NY,Cheryl Fells School of Business,1,1,3,2,21,NULL,72,8480,32.77011494,Private
14052-0607,East Aurora,NY,Christ the King Seminary,3,4,2,2,41,NULL,NULL,20131,PrivacySuppressed,Private
10036-8002,New York,NY,Christie's Education,NULL,4,3,2,11,NULL,NULL,61433,NULL,Private
10016-7701,New York,NY,Christine Valmy International School for Esthetics  Skin Care & Makeup,NULL,1,3,2,11,NULL,278,13300,31.70805369,Private
10019-6795,New York,NY,Circle in the Square Theater School,1,1,2,2,11,0.8723,69,16175,24.45714286,Private
13699,Potsdam,NY,Clarkson University,3,4,2,2,33,0.6214,3130,14504,19.6184593,Private
12901,Plattsburgh,NY,Clinton Community College,2,2,1,2,32,NULL,1220,2359,22.34774256,Public
12901-0455,Plattsburgh,NY,Clinton Essex Warren Washington BOCES,1,1,1,2,32,0.3962,63,4821,27.27083333,Public
10701,Yonkers,NY,Cochran School of Nursing,2,2,2,2,21,NULL,93,13861,30.66216216,Private
14620-2589,Rochester,NY,Colgate Rochester Crozer Divinity School,3,4,2,2,12,NULL,NULL,9479,NULL,Private
13346-1398,Hamilton,NY,Colgate University,3,4,2,2,32,0.2624,2865,30401,19.29032258,Private
10471-1093,Bronx,NY,College of Mount Saint Vincent,3,4,2,2,11,0.9521,1671,17809,19.98921251,Private
10314,Staten Island,NY,College of Staten Island CUNY,3,4,1,2,11,0.9427,12944,3868,21.02953813,Public
10027,New York,NY,Columbia University in the City of New York,3,4,2,2,11,0.0695,8100,33371,23.84939759,Private
12534,Hudson,NY,Columbia-Greene Community College,2,2,1,2,41,NULL,1462,520,24.72923077,Public
10708-1998,Bronxville,NY,Concordia College-New York,3,4,2,2,21,0.7477,886,16985,25.40709812,Private
14020,Batavia,NY,Continental School of Beauty Culture-Batavia,1,1,3,2,32,NULL,41,9851,26,Private
14623,Rochester,NY,Continental School of Beauty Culture-Rochester,1,1,3,2,21,NULL,317,10817,26.86053131,Private
14224,West Seneca,NY,Continental School of Beauty Culture-West Seneca,1,1,3,2,21,NULL,95,10532,26.49545455,Private
10003-7120,New York,NY,Cooper Union for the Advancement of Science and Art,3,4,2,2,11,0.1506,852,2876,20.20979021,Private
14853,Ithaca,NY,Cornell University,3,4,2,2,13,0.1419,14195,25066,20.11243118,Private
14830,Corning,NY,Corning Community College,2,2,1,2,41,NULL,2807,1381,23.09214092,Public
12538-1499,Hyde Park,NY,Culinary Institute of America,2,3,2,2,21,0.6369,2778,22161,22.04200913,Private
10010,New York,NY,CUNY Bernard M Baruch College,3,4,1,2,11,0.279,14420,6620,23.12656595,Public
10007,New York,NY,CUNY Borough of Manhattan Community College,2,2,1,2,11,NULL,25849,1855,22.39544189,Public
10453,Bronx,NY,CUNY Bronx Community College,2,2,1,2,11,NULL,10685,1204,24.00797806,Public
11210,Brooklyn,NY,CUNY Brooklyn College,3,4,1,2,11,0.3533,12925,4474,23.54495442,Public
10031,New York,NY,CUNY City College,3,4,1,2,11,0.3806,12175,4649,23.20200682,Public
10016,New York,NY,CUNY Graduate School and University Center,3,4,1,2,11,NULL,1297,6593,32.49384615,Public
10451,Bronx,NY,CUNY Hostos Community College,2,2,1,2,11,NULL,6389,1771,24.43993507,Public
10065,New York,NY,CUNY Hunter College,3,4,1,2,11,0.3467,15778,5909,22.61603868,Public
10019,New York,NY,CUNY John Jay College of Criminal Justice,3,4,1,2,11,0.3731,12758,4113,22.34690657,Public
11235,Brooklyn,NY,CUNY Kingsborough Community College,2,2,1,2,11,NULL,13625,1561,23.05904642,Public
11101,Long Island City,NY,CUNY LaGuardia Community College,2,2,1,2,11,NULL,17069,2121,23.58283772,Public
10468,Bronx,NY,CUNY Lehman College,3,4,1,2,11,0.2891,9417,5599,25.99296979,Public
11225,Brooklyn,NY,CUNY Medgar Evers College,2,3,1,2,11,0.9194,6241,2419,24.73022637,Public
11201,Brooklyn,NY,CUNY New York City College of Technology,2,3,1,2,11,0.7278,16354,2839,22.34386241,Public
11367,Queens,NY,CUNY Queens College,3,4,1,2,11,0.3982,14842,4826,23.32752137,Public
11364-1497,Bayside,NY,CUNY Queensborough Community College,2,2,1,2,11,NULL,14197,2316,22.26302502,Public
11101,Long Island City,NY,CUNY School of Law,3,4,1,2,11,NULL,NULL,13499,PrivacySuppressed,Public
11451,Jamaica,NY,CUNY York College,3,4,1,2,11,0.3713,7245,3421,23.52141844,Public
12901-1438,Plattsburgh,NY,CVPH Medical Center School of Radiologic Technology,1,1,2,2,32,NULL,23,635,21.04166667,Private
14226-3592,Amherst,NY,Daemen College,3,4,2,2,21,0.549,1965,12993,23.69687738,Private
10031-1896,New York,NY,Dance Theatre of Harlem Inc,1,1,2,2,11,0.2586,3,62836,PrivacySuppressed,Private
13790-2712,Johnson City,NY,Davis College,3,3,2,2,22,0.4779,252,9430,25.42207792,Private
13815-3554,Norwich,NY,Delaware Chenango Madison Otsego BOCES-Practical Nursing Program,1,1,1,2,41,0.6667,27,3807,29.66666667,Public
10036,New York,NY,Digital Film Academy,1,1,3,2,11,NULL,88,13530,28.775,Private
10962-1210,Orangeburg,NY,Dominican College of Blauvelt,3,4,2,2,21,0.6281,1483,17734,22.43888242,Private
11769-1999,Oakdale,NY,Dowling College,3,4,2,2,21,0.7836,1281,18761,21.85641026,Private
12601-6599,Poughkeepsie,NY,Dutchess BOCES-Practical Nursing Program,1,1,1,2,21,0.4918,155,3910,28.21290323,Public
12601-1595,Poughkeepsie,NY,Dutchess Community College,2,2,1,2,21,NULL,6885,3422,22.12709497,Public
14201-1084,Buffalo,NY,D'Youville College,3,4,2,2,11,0.6879,1796,17976,23.13157895,Private
11772,Patchogue,NY,Eastern Suffolk BOCES,1,1,1,2,21,0.9596,346,6723,26.69392523,Public
11235,Brooklyn,NY,EDP School of Computer Programming,1,1,2,2,11,NULL,105,1904,39.57037037,Private
11726,Copiague,NY,Electrical Training Center,NULL,1,3,2,21,NULL,141,8989,26.87301587,Private
14901,Elmira,NY,Elmira Business Institute,2,2,3,2,13,NULL,400,21091,31.91937985,Private
14901,Elmira,NY,Elmira College,3,4,2,2,13,0.8221,1318,14188,20.96301775,Private
10001,New York,NY,Empire Beauty School-Manhattan,1,1,3,2,11,NULL,585,10373,25.86490499,Private
10566,Peekskill,NY,Empire Beauty School-Peekskill,1,1,3,2,21,NULL,31,9937,24.46969697,Private
11103,Astoria,NY,Empire Beauty School-Queens,1,1,3,2,11,NULL,131,10354,26.54107402,Private
14224,West Seneca,NY,Erie 1 BOCES,1,1,1,2,21,NULL,369,7779,28.84660194,Public
14006,Angola,NY,Erie 2 Chautauqua Cattaraugus BOCES-Practical Nursing Program,1,1,1,2,21,NULL,134,3040,30.48780488,Public
14203-2698,Buffalo,NY,Erie Community College,2,2,1,2,11,NULL,10624,3277,24.00360317,Public
14621-3007,Rochester,NY,Everest Institute-Rochester,1,2,3,2,21,NULL,545,12891,28.65778518,Private
12203-5159,Albany,NY,Excelsior College,3,4,2,2,13,NULL,38426,4295,34.46616264,Private
11735-1021,Farmingdale,NY,Farmingdale State College,3,3,1,2,21,0.4665,7768,5571,22.51152074,Public
10001-5992,New York,NY,Fashion Institute of Technology,2,4,1,2,11,0.4428,8260,8079,21.58781965,Public
14424-8395,Canandaigua,NY,Finger Lakes Community College,2,2,1,2,41,NULL,4250,1912,23.75906663,Public
14850,Ithaca,NY,Finger Lakes School of Massage,1,1,3,2,23,NULL,51,7960,32.38337182,Private
11746-5871,Dix Hills,NY,Five Towns College,3,4,3,2,21,0.5612,637,12388,21.00578035,Private
10458,Bronx,NY,Fordham University,3,4,2,2,11,0.4812,8485,26498,20.56180134,Private
11550-3003,Hempstead,NY,Franklin Career Institute,1,1,2,2,21,NULL,598,6935,28.61592506,Private
12095-3790,Johnstown,NY,Fulton-Montgomery Community College,2,2,1,2,41,NULL,2008,2088,22.98323662,Public
14020,Batavia,NY,Genesee Community College,2,2,1,2,32,NULL,4032,1742,24.52804763,Public
14020,Batavia,NY,Genesee Valley BOCES-Practical Nursing Program,1,1,1,2,41,NULL,100,6044,29.19620253,Public
10018,New York,NY,Globe Institute of Technology,2,3,3,2,11,NULL,490,2307,24.47518797,Private
11801-3873,Hicksville,NY,Gloria Francis School of Make-Up Artistry,NULL,1,3,2,21,NULL,100,8646,29.11666667,Private
11355-2446,Flushing,NY,Grace International Beauty School,NULL,1,3,2,11,NULL,12,796,38.77777778,Private
11209,Brooklyn,NY,Hair Design Institute at Fifth Avenue-Brooklyn,1,1,3,2,11,NULL,129,8456,27.94230769,Private
13323,Clinton,NY,Hamilton College,3,3,2,2,41,0.2635,1890,30824,19.32926829,Private
12095,Johnstown,NY,Hamilton Fulton Montgomery BOCES-Practical Nursing Program,1,1,1,2,41,NULL,72,6623,31.8,Public
13820-4020,Oneonta,NY,Hartwick College,3,3,2,2,33,0.8956,1528,20529,19.48633257,Private
10012-1186,New York,NY,Hebrew Union College-Jewish Institute of Religion,3,4,2,2,11,NULL,NULL,6952,PrivacySuppressed,Private
10035-2737,New York,NY,Helene Fuld College of Nursing,2,3,2,2,11,NULL,443,17723,33.75359712,Private
13357,Ilion,NY,Herkimer County BOCES-Practical Nursing Program,1,1,1,2,31,NULL,101,702,29.95862069,Public
13350-1598,Herkimer,NY,Herkimer County Community College,2,2,1,2,41,NULL,2242,2815,23.57998984,Public
14075-1597,Hamburg,NY,Hilbert College,3,4,2,2,21,0.8063,932,14015,22.09625668,Private
14456,Geneva,NY,Hobart William Smith Colleges,3,4,2,2,32,0.4753,2344,24777,19.44267054,Private
11549,Hempstead,NY,Hofstra University,3,4,2,2,21,0.6161,6803,26052,20.28514203,Private
14744,Houghton,NY,Houghton College,3,4,2,2,43,0.9381,1010,14302,21.29924242,Private
12180,Troy,NY,Hudson Valley Community College,2,2,1,2,13,NULL,8582,3424,23.61459754,Public
11756-1375,Levittown,NY,Hunter Business School,1,1,3,2,21,NULL,1005,10928,30.1025974,Private
10029-6574,New York,NY,Icahn School of Medicine at Mount Sinai,3,4,2,2,11,NULL,NULL,27721,25.07407407,Private
10003,New York,NY,Institute of Audio Research,1,1,3,2,11,NULL,473,12961,25.04409673,Private
10281,New York,NY,Institute of Culinary Education,1,1,3,2,11,NULL,664,39362,26.88193457,Private
11201-5380,Brooklyn,NY,Institute of Design and Construction,2,2,2,2,11,NULL,65,6079,29.52941177,Private
10801-1890,New Rochelle,NY,Iona College,3,4,2,2,21,0.867,3052,20138,19.4935242,Private
14617,Rochester,NY,Isabella Graham Hart School of Practical Nursing,1,1,2,2,21,NULL,45,6031,32.93693694,Private
11701-2704,Amityville,NY,Island Drafting and Technical Institute,2,2,3,2,21,NULL,110,13134,26.43396226,Private
14850-7002,Ithaca,NY,Ithaca College,3,4,2,2,23,0.5911,6087,21592,19.52936345,Private
14701-4756,Jamestown,NY,Jamestown Business College,2,3,3,2,32,0.9375,318,12528,25.37634409,Private
14701,Jamestown,NY,Jamestown Community College,2,2,1,2,32,NULL,3187,2764,22.82229402,Public
13601-1897,Watertown,NY,Jefferson Community College,2,2,1,2,13,NULL,3009,2434,24.72154392,Public
13601-9509,Watertown,NY,Jefferson Lewis BOCES-Practical Nursing Program,1,1,1,2,41,1,77,7580,29.31125828,Public
10027-4649,New York,NY,Jewish Theological Seminary of America,3,4,2,2,11,0.6186,156,4733,19.51612903,Private
10011,New York,NY,Joffrey Ballet School,1,1,3,2,11,0.6983,262,8333,20.13483146,Private
12020,Ballston Spa,NY,John Paolo's Xtreme Beauty Institute-Goldwell Product Artistry,1,1,3,2,23,NULL,101,5631,27.91666667,Private
12110,Latham,NY,John Paolo's Xtreme Beauty Institute-Goldwell Product Artistry,1,1,3,2,21,NULL,10,7613,25.96296296,Private
10562,Ossining,NY,Kehilath Yakov Rabbinical Seminary,3,3,2,2,41,NULL,125,2506,17.79710145,Private
14478,Keuka Park,NY,Keuka College,3,4,2,2,32,0.8286,1797,14232,27.47741364,Private
13214-1301,Syracuse,NY,Le Moyne College,3,4,2,2,12,0.6595,2728,15242,20.67966574,Private
14221,Williamsville,NY,Leon Studio One School of Hair Design,1,1,3,2,21,NULL,27,9782,27.22857143,Private
10019,New York,NY,Lia Schorr Institute of Cosmetic Skin Care Training,1,1,3,2,11,NULL,35,6000,31.97777778,Private
10022-5268,New York,NY,LIM College,3,4,3,2,11,0.7421,1548,25215,20.54166667,Private
11548-1327,Brookville,NY,LIU Post,3,4,2,2,21,0.8302,3774,20971,23.48306709,Private
11550-6317,Hempstead,NY,Long Island Barber Institute,1,1,3,2,21,NULL,61,7261,29.68867925,Private
11788,Hauppauge,NY,Long Island Beauty School-Hauppauge,1,1,3,2,21,NULL,249,12086,25.73720137,Private
11550,Hempstead,NY,Long Island Beauty School-Hempstead,1,1,3,2,21,NULL,127,10490,27.22289157,Private
11354-5577,Flushing,NY,Long Island Business Institute,2,2,3,2,11,NULL,376,15279,31.95590909,Private
11756-1316,Levittown,NY,Long Island Nail & Skin Care Institute,1,1,3,2,21,NULL,145,9750,31.47236181,Private
11204,Brooklyn,NY,Machzikei Hadath Rabbinical College,3,3,2,2,11,1,147,6921,19.234375,Private
13478-0168,Verona,NY,Madison Oneida BOCES-Practical Nursing Program,1,1,1,2,41,1,51,3109,28.95833333,Public
10019-5516,New York,NY,Mandl School-The College of Allied Health,2,2,3,2,11,NULL,707,5988,28.59599636,Private
10471-4098,Riverdale,NY,Manhattan College,3,4,2,2,11,0.6654,3471,21001,20.18362989,Private
10001,New York,NY,Manhattan Institute,1,1,3,2,11,NULL,1221,7711,26.76506024,Private
11230-1401,Brooklyn,NY,Manhattan School of Computer Technology,1,1,2,2,11,NULL,519,395,32.90450055,Private
10027-4698,New York,NY,Manhattan School of Music,3,4,2,2,11,0.4482,389,30208,19.85897436,Private
10577,Purchase,NY,Manhattanville College,3,4,2,2,21,0.7386,1754,15509,19.70700637,Private
12208,Albany,NY,Maria College of Albany,2,3,2,2,13,0.35,849,14222,28.55668359,Private
14456-1651,Geneva,NY,Marion S Whelan School of Nursing of Geneva General Hospital,1,1,2,2,32,1,29,7274,30.56989247,Private
12601,Poughkeepsie,NY,Marist College,3,4,2,2,21,0.3851,5240,21295,20.86803365,Private
14150,Tonawanda,NY,MarJon School of Beauty ltd-Tonawanda,1,1,3,2,21,NULL,64,10970,27.01324503,Private
10021-4597,New York,NY,Marymount Manhattan College,3,3,2,2,11,0.735,1831,21812,19.93702771,Private
14214-2695,Buffalo,NY,Medaille College,3,4,2,2,11,0.619,1914,14271,23.56764928,Private
12204,Albany,NY,Memorial College of Nursing,2,2,2,2,13,1,131,9855,28.68888889,Private
10065,New York,NY,Memorial Hospital School of Radiation Therapy Technology,1,1,2,2,11,NULL,15,2906,25.2,Private
10522,Dobbs Ferry,NY,Mercy College,3,4,2,2,21,0.7189,6402,14998,24.20115894,Private
11214,Brooklyn,NY,Merkaz Bnos-Business School,1,1,2,2,11,0.962,109,121,36.32124352,Private
11218,Brooklyn,NY,Mesivta of Eastern Parkway-Yeshiva Zichron Meilech,3,4,2,2,11,1,33,6714,PrivacySuppressed,Private
11218,Brooklyn,NY,Mesivta Torah Vodaath Rabbinical Seminary,3,4,2,2,11,0.7,276,5920,23.53271028,Private
10002-6301,New York,NY,Mesivtha Tifereth Jerusalem of America,3,4,2,2,11,0.931,46,12049,19.08695652,Private
10013-1919,New York,NY,Metropolitan College of New York,3,4,2,2,11,0.5259,897,16545,32.41555286,Private
11374,Rego Park,NY,Metropolitan Learning Institute,1,1,2,2,11,NULL,717,5071,37.01489362,Private
11385,Ridgewood,NY,Midway Paris Beauty School,1,1,3,2,11,NULL,108,11741,28.1409396,Private
12206-1513,Albany,NY,Mildred Elley School-Albany Campus,1,2,3,2,13,NULL,603,6504,30.17280453,Private
11223-2010,Brooklyn,NY,Mirrer Yeshiva Cent Institute,3,4,2,2,11,0.9556,132,6027,18.9787234,Private
12304,Schenectady,NY,Modern Welding School,1,1,3,2,13,NULL,88,15644,26.46961326,Private
13501-5394,Utica,NY,Mohawk Valley Community College,2,2,1,2,13,NULL,5153,2737,24.01678357,Public
11571-5002,Rockville Centre,NY,Molloy College,3,4,2,2,21,0.754,3293,21375,22.90362954,Private
14624,Rochester,NY,Monroe 2 Orleans BOCES-Center for Workforce Development,1,1,1,2,21,NULL,104,2908,31.81144781,Public
10468,Bronx,NY,Monroe College,2,4,3,2,11,0.4027,6181,11102,23.33986128,Private
14623,Rochester,NY,Monroe Community College,2,2,1,2,21,NULL,13982,2075,23.77467575,Public
13408,Morrisville,NY,Morrisville State College,2,3,1,2,42,0.5619,2728,3426,21.33158397,Public
12550,Newburgh,NY,Mount Saint Mary College,3,4,2,2,21,0.8862,2096,16643,21.85996409,Private
11530-6793,Garden City,NY,Nassau Community College,2,2,1,2,21,NULL,20218,2589,22.32166891,Public
13088-0208,Liverpool,NY,National Tractor Trailer School Inc-Liverpool,1,1,3,2,21,NULL,146,18155,33.97566372,Private
14618-3790,Rochester,NY,Nazareth College,3,4,2,2,21,0.7049,2017,19706,21.14272475,Private
10022-5017,New York City,NY,Neighborhood Playhouse School of the Theater,1,1,2,2,11,0.6429,80,15345,23.80555556,Private
10001-4034,New York,NY,New Age Training,1,1,3,2,11,NULL,136,11555,27.71116505,Private
11432,Jamaica,NY,New Life Business Institute,1,1,3,2,11,NULL,86,16403,32.44974874,Private
12206,Albany,NY,New School of Radio and Television,1,1,3,2,13,NULL,65,22871,26.07092199,Private
10013-2911,New York,NY,New York Academy of Art,3,4,2,2,11,NULL,NULL,31130,NULL,Private
11433-1433,Jamaica,NY,New York Automotive and Diesel Institute,1,1,3,2,11,NULL,346,17818,27.87306502,Private
10007,New York,NY,New York Career Institute,2,2,3,2,11,NULL,518,11814,29.81818182,Private
13148-0800,Seneca Falls,NY,New York Chiropractic College,3,4,2,2,32,NULL,NULL,23197,30.75675676,Private
11791-4413,Syosset,NY,New York College of Health Professions,2,4,2,2,21,1,516,11437,32.96374046,Private
10035-1940,New York,NY,New York College of Podiatric Medicine,3,4,2,2,11,NULL,NULL,25164,27.59090909,Private
11501,Mineola,NY,New York College of Traditional Chinese Medicine,3,4,2,2,21,NULL,78,9177,33.43478261,Private
10011-4225,New York,NY,New York Conservatory for Dramatic Arts,1,2,3,2,11,0.7351,237,20022,21.25550661,Private
11749-1479,Islandia,NY,New York Institute of Beauty,NULL,1,3,2,21,NULL,112,11038,28.70186335,Private
14221,Williamsville,NY,New York Institute of Massage Inc,1,1,3,2,21,NULL,53,11999,32.432,Private
11568-8000,Old Westbury,NY,New York Institute of Technology,3,4,2,2,21,0.6403,4160,29171,21.35133458,Private
10013-2921,New York,NY,New York Law School,3,4,2,2,11,NULL,NULL,41862,26.4787234,Private
11354,Flushing,NY,New York Medical Career Training Center,1,1,3,2,11,NULL,284,8396,30.38866397,Private
10595,Valhalla,NY,New York Medical College,3,4,2,2,21,NULL,NULL,41508,NULL,Private
11229,Brooklyn,NY,New York Methodist Hospital Center for Allied Health Education,1,1,2,2,11,NULL,227,25579,28.06910569,Private
11101,Long Island City,NY,New York School for Medical and Dental Assistants,1,1,3,2,11,NULL,264,19670,25.18767123,Private
10591-3232,Tarrytown,NY,New York School of Esthetics & Day Spa,1,1,3,2,21,NULL,77,12562,29.74444444,Private
10021,New York,NY,New York School of Interior Design,2,4,2,2,11,0.4551,353,29583,26.45348837,Private
10115,New York,NY,New York Theological Seminary,3,4,2,2,11,NULL,NULL,18048,NULL,Private
10012-1091,New York,NY,New York University,3,4,2,2,11,0.3545,24539,32018,20.85175167,Private
14132,Sanborn,NY,Niagara County Community College,2,2,1,2,41,NULL,5118,2607,22.97188755,Public
14109,Niagara University,NY,Niagara University,3,4,2,2,21,0.6586,3130,12912,20.4027972,Private
12983-0089,Saranac Lake,NY,North Country Community College,2,2,1,2,33,NULL,1042,2593,23.9369895,Public
14624,Rochester,NY,Northeastern Seminary,3,4,2,2,21,NULL,NULL,8764,NULL,Private
10960-3698,Nyack,NY,Nyack College,3,4,2,2,21,0.9936,1695,12877,26.70075758,Private
10566,Peekskill,NY,Ohr Hameir Theological Seminary,3,3,2,2,21,1,96,12123,18.17777778,Private
13215-4585,Syracuse,NY,Onondaga Community College,2,2,1,2,21,NULL,8390,2459,23.00853008,Public
13090,Liverpool,NY,Onondaga Cortland Madison BOCES,1,1,1,2,21,NULL,511,3643,29.79554264,Public
13210,Syracuse,NY,Onondaga School of Therapeutic Massage-Syracuse,1,1,3,2,12,NULL,60,15358,31.0438247,Private
10940,Middletown,NY,Orange County Community College,2,2,1,2,23,NULL,5413,4347,22.88971583,Public
10924,Goshen,NY,Orange Ulster BOCES-Practical Nursing Program,1,1,1,2,23,1,50,7097,27.90816327,Public
14132,Sanborn,NY,Orleans Niagara BOCES-Practical Nursing Program,1,1,1,2,41,0.3269,50,8425,26.04,Public
12206,Albany,NY,Orlo School of Hair Design and Cosmetology,1,1,3,2,13,NULL,66,7556,24.38931298,Private
13820-1142,Oneonta,NY,Otsego Area BOCES-Practical Nursing Program,1,1,1,2,33,NULL,39,849,28.69014085,Public
10038-1598,New York,NY,Pace University-New York,3,4,2,2,11,0.8499,8163,20304,21.03850296,Private
12305-2303,Schenectady,NY,Paul Mitchell the School-Schenectady,NULL,1,3,2,13,NULL,93,9261,24.11711712,Private
12970-0265,Paul Smiths,NY,Paul Smiths College of Arts and Science,3,3,2,2,42,0.9843,891,12339,20.4246824,Private
10001-6354,New York,NY,Phillips Beth Israel School of Nursing,2,2,2,2,11,0.1818,278,17336,29.31818182,Private
11375,Forest Hills,NY,Plaza College,2,3,3,2,11,0.3019,716,717,28.02924791,Private
13210-1687,Syracuse,NY,Pomeroy College of Nursing at Crouse Hospital,2,2,2,2,12,0.2542,345,8388,27.87453875,Private
11205,Brooklyn,NY,Pratt Institute-Main,3,4,2,2,11,0.5299,3232,29420,20.50971922,Private
10013,New York,NY,Professional Business College,2,2,2,2,11,NULL,0,7454,29.36923077,Private
10598-4399,Yorktown Heights,NY,Putnam Westchester BOCES-Practical Nursing Program,1,1,1,2,41,0.3299,42,14637,28.58333333,Public
11230,Brooklyn,NY,Rabbinical Academy Mesivta Rabbi Chaim Berlin,3,4,2,2,11,1,155,3716,19.07407407,Private
10952,Monsey,NY,Rabbinical College Beth Shraga,3,3,2,2,21,1,41,19681,PrivacySuppressed,Private
11219,Brooklyn,NY,Rabbinical College Bobover Yeshiva Bnei Zion,3,4,2,2,11,NULL,273,8162,18.07692308,Private
11204,Brooklyn,NY,Rabbinical College of Ch'san Sofer New York,3,4,2,2,11,0.7059,34,596,PrivacySuppressed,Private
11561,Long Beach,NY,Rabbinical College of Long Island,3,3,2,2,21,NULL,115,16897,18.05882353,Private
11211,Brooklyn,NY,Rabbinical College of Ohr Shimon Yisroel,3,3,2,2,11,0.8,164,8225,20.34306569,Private
11367,Flushing,NY,Rabbinical Seminary of America,3,4,2,2,11,0.95,282,4360,20.06666667,Private
10011,New York,NY,Relay Graduate School of Education,NULL,4,2,2,11,NULL,NULL,19146,PrivacySuppressed,Private
12180,Troy,NY,Rensselaer BOCES-Practical Nursing Program,1,1,1,2,13,0.75,50,4270,29.54411765,Public
12180-3590,Troy,NY,Rensselaer Polytechnic Institute,3,4,2,2,13,0.375,5557,26741,19.5252193,Private
13905-3190,Binghamton,NY,Ridley-Lowell Business & Technical Institute-Binghamton,1,1,3,2,13,NULL,146,9576,28.75527426,Private
14624,Rochester,NY,Roberts Wesleyan College,3,4,2,2,21,0.6875,1335,15751,26.07351225,Private
14623-5603,Rochester,NY,Rochester Institute of Technology,3,4,2,2,21,0.5747,12635,19868,20.22647237,Private
10901-3699,Suffern,NY,Rockland Community College,2,2,1,2,21,NULL,6341,2712,23.57458112,Public
10994,West Nyack,NY,Rockland County BOCES-Practical Nursing Program,1,1,1,2,21,0.96,96,5875,31.15503876,Public
10011-4552,New York,NY,SAE Institute of Technology-New York,1,1,3,2,11,NULL,121,17968,24.98268398,Private
13501,Utica,NY,Saint Elizabeth College of Nursing,2,2,2,2,13,0.6207,209,10095,26.90374332,Private
14618-3597,Rochester,NY,Saint John Fisher College,3,4,2,2,21,0.6791,2834,18573,21.66553596,Private
11205-3688,Brooklyn,NY,Saint Joseph's College-New York,3,4,2,2,11,0.7073,3985,15725,23.58068316,Private
10707-1699,Yonkers,NY,Saint Vladimirs Orthodox Theological Seminary,NULL,4,2,2,21,NULL,NULL,4352,NULL,Private
12065,Troy,NY,Samaritan Hospital School of Nursing,2,2,2,2,13,1,164,10414,30.75968992,Private
10604-2910,White Plains,NY,Sanford-Brown Institute-White Plains,1,1,3,2,13,NULL,47,15495,27.78048781,Private
10708,Bronxville,NY,Sarah Lawrence College,3,4,2,2,21,0.5314,1366,25770,19.80788177,Private
11747,Melville,NY,SBI Campus-An Affiliate of Sanford-Brown,1,2,3,2,21,NULL,240,11782,25.83430233,Private
12305,Schenectady,NY,Schenectady County Community College,2,2,1,2,13,NULL,3802,1186,24.33277981,Public
10458-5126,Bronx,NY,School of Professional Horticulture  New York Botanical Garden,1,1,2,2,11,NULL,6,3923,PrivacySuppressed,Private
10010,New York,NY,School of Visual Arts,3,4,3,2,11,0.7677,3577,31892,20.92642788,Private
14903,Elmira,NY,Schuyler Steuben Chemung Tioga Allegany BOCES,1,1,1,2,41,NULL,144,2427,29.44495413,Public
11219,Brooklyn,NY,Seminar L'moros Bais Yaakov,1,1,2,2,11,0.6214,281,5490,18.98898072,Private
14620-0000,Rochester,NY,Sharp Edgez Barber Institute,NULL,1,3,2,12,NULL,61,2406,29.11801242,Private
14617,Rochester,NY,Shear Ego International School of Hair Design,1,1,3,2,21,NULL,111,183,26.44776119,Private
11559-1714,Lawrence,NY,Sh'or Yoshuv Rabbinical College,3,4,2,2,21,0.8667,95,3603,22.19047619,Private
12211-1462,Loudonville,NY,Siena College,3,4,2,2,21,0.6586,3085,15930,19.68478261,Private
12866,Saratoga Springs,NY,Skidmore College,3,4,2,2,23,0.3734,2612,30389,19.36869565,Private
10022-6717,New York,NY,Sotheby's Institute of Art-NY,NULL,4,3,2,11,NULL,NULL,55197,NULL,Private
10528,Harrison,NY,Southern Westchester BOCES-Practical Nursing Program,1,1,1,2,21,0.2891,165,8432,33.45578231,Public
10036-3913,New York,NY,Spanish-American Institute,1,0,2,2,11,NULL,0,NULL,NULL,Private
14618,Rochester,NY,St Bernard's School of Theology and Ministry,NULL,4,2,2,21,NULL,NULL,16647,NULL,Private
14778,Saint Bonaventure,NY,St Bonaventure University,3,4,2,2,33,0.7043,1735,15218,19.917603,Private
11201-9902,Brooklyn Heights,NY,St Francis College,3,4,2,2,11,0.7704,2661,14332,21.18108831,Private
14843-2197,Hornell,NY,St James Mercy Hospital School of Radiologic Science,1,1,2,2,33,NULL,10,5942,28.53333333,Private
11439,Queens,NY,St John's University-New York,3,4,2,2,11,0.6252,10878,22125,19.96159814,Private
13203,Syracuse,NY,St Joseph's College of Nursing at St Joseph's Hospital Health Center,2,2,2,2,12,0.7,317,15819,25.70776256,Private
10701,Yonkers,NY,St Joseph's Medical Center School of Radiography,1,1,2,2,21,NULL,10,13895,NULL,Private
13617,Canton,NY,St Lawrence University,3,4,2,2,33,0.4764,2282,22702,19.4375,Private
11374,Rego Park,NY,St Paul's School of Nursing-Queens,2,2,3,2,11,NULL,504,13144,29.60664336,Private
10311,Staten Island,NY,St Paul's School of Nursing-Staten Island,2,2,3,2,11,NULL,694,15441,27.3507341,Private
10976-1050,Sparkill,NY,St. Thomas Aquinas College,3,4,2,2,21,0.8082,1147,15850,20.34205934,Private
10011-7307,New York,NY,Star Career Academy-New York,1,1,3,2,11,NULL,723,15685,28.65530464,Private
11791-5311,Syosset,NY,Star Career Academy-Syosset,1,1,3,2,21,NULL,277,15363,28.09700538,Private
12561-2443,New Paltz,NY,State University of New York at New Paltz,3,4,1,2,21,0.4193,6464,6051,21.18378782,Public
10018-2602,New York,NY,Stella and Charles Guttman Community College,2,0,1,2,11,NULL,691,906,19.84629295,Public
11794,Stony Brook,NY,Stony Brook University,3,4,1,2,21,0.4134,16170,7992,21.23075613,Public
10016-4112,New York,NY,Studio Jewelers,1,1,3,2,11,NULL,55,11286,30.08,Private
11784-2899,Selden,NY,Suffolk County Community College,2,2,1,2,21,NULL,22222,4269,22.03721232,Public
12754,Liberty,NY,Sullivan County BOCES-Practical Nursing Program,1,1,1,2,41,NULL,9,10303,29.52380952,Public
12759-5151,Loch Sheldrake,NY,Sullivan County Community College,2,2,1,2,42,NULL,1143,2804,22.49510763,Public
12222,Albany,NY,SUNY at Albany,3,4,1,2,13,0.5584,12659,6348,20.69829284,Public
13850-6000,Vestal,NY,SUNY at Binghamton,3,4,1,2,22,0.4406,13372,7150,20.55714591,Public
14063-1136,Fredonia,NY,SUNY at Fredonia,3,4,1,2,32,0.5322,4900,5151,20.27272727,Public
10577-1400,Purchase,NY,SUNY at Purchase College,3,4,1,2,21,0.4082,3925,6336,21.11488398,Public
13905,Binghamton,NY,SUNY Broome Community College,2,2,1,2,22,NULL,5556,2804,23.1744898,Public
14222,Buffalo,NY,SUNY Buffalo State,3,4,1,2,11,0.6155,9185,4158,21.69039216,Public
14420-2919,Brockport,NY,SUNY College at Brockport,3,4,1,2,31,0.4895,6951,5102,22.6571346,Public
13045-0900,Cortland,NY,SUNY College at Cortland,3,4,1,2,32,0.4896,6311,5533,20.4216234,Public
14454-1465,Geneseo,NY,SUNY College at Geneseo,3,4,1,2,32,0.5913,5497,5680,20.01938776,Public
11568-0210,Old Westbury,NY,SUNY College at Old Westbury,3,4,1,2,21,0.6235,4173,4182,23.00098184,Public
13126,Oswego,NY,SUNY College at Oswego,3,4,1,2,32,0.4837,7102,5178,20.75916645,Public
12901-2681,Plattsburgh,NY,SUNY College at Plattsburgh,3,4,1,2,32,0.4786,5430,5252,21.23104265,Public
13676-2294,Potsdam,NY,SUNY College at Potsdam,3,4,1,2,33,0.6758,3669,4559,20.43375959,Public
12043,Cobleskill,NY,SUNY College of Agriculture and Technology at Cobleskill,2,3,1,2,32,0.7334,2512,4180,20.83991106,Public
13210,Syracuse,NY,SUNY College of Environmental Science and Forestry,3,4,1,2,12,0.5113,1718,5570,21.14304813,Public
10036-8003,New York,NY,SUNY College of Optometry,3,4,1,2,11,NULL,NULL,23893,24.6056338,Public
14802,Alfred,NY,SUNY College of Technology at Alfred,2,3,1,2,33,0.5424,3607,3378,21.76044568,Public
13617-1098,Canton,NY,SUNY College of Technology at Canton,2,3,1,2,33,0.8067,3140,3373,22.1650165,Public
13753-1100,Delhi,NY,SUNY College of Technology at Delhi,2,3,1,2,33,0.6819,3407,3855,22.07917889,Public
11203-2098,Brooklyn,NY,SUNY Downstate Medical Center,3,4,1,2,11,NULL,338,19815,28.948,Public
12866-4391,Saratoga Springs,NY,SUNY Empire State College,3,4,1,2,23,0.8112,9949,4688,33.29192547,Public
10465-4198,Throggs Neck,NY,SUNY Maritime College,3,4,1,2,11,0.5265,1624,6399,20.64900662,Public
13820-4015,Oneonta,NY,SUNY Oneonta,3,4,1,2,33,0.4988,5803,4942,20.15828751,Public
13502,Utica,NY,SUNY Polytechnic Institute,3,4,1,2,22,0.561,1890,5536,24.12989176,Public
10595,Valhalla,NY,SUNY Westchester Community College,2,2,1,2,21,NULL,12257,3600,23.17675913,Public
10001-6700,New York,NY,Swedish Institute a College of Health Sciences,2,2,3,2,11,NULL,792,9620,30.62548263,Private
13202,Syracuse,NY,Syracuse City Schools Practical Nursing Program,1,1,1,2,12,1,33,8420,29.95588235,Public
13244,Syracuse,NY,Syracuse University,3,4,2,2,12,0.5323,14768,22079,19.96182886,Private
14607,Rochester,NY,Talmudical Institute of Upstate New York,3,3,2,2,12,1,13,21665,PrivacySuppressed,Private
11219,Brooklyn,NY,Talmudical Seminary of Bobov,3,3,2,2,11,0.9577,327,8646,18.25943396,Private
11213,Brooklyn,NY,Talmudical Seminary Oholei Torah,3,3,2,2,11,1,330,8966,19.0913242,Private
10027,New York,NY,Teachers College at Columbia University,3,4,2,2,11,NULL,NULL,30996,NULL,Private
10001,New York,NY,Technical Career Institutes,2,2,3,2,11,NULL,2761,12893,28.36448598,Private
10019-4402,New York,NY,The Ailey School,1,1,2,2,11,0.5333,96,29892,21.33333333,Private
10018,New York,NY,The Art Institute of New York City,2,2,3,2,11,NULL,898,15470,23.51394422,Private
10011-2026,New York,NY,The Collective School Of Music,1,1,3,2,11,NULL,52,37084,PrivacySuppressed,Private
10805-2339,New Rochelle,NY,The College of New Rochelle,3,4,2,2,21,0.3853,3075,13397,31.9009636,Private
12203-1490,Albany,NY,The College of Saint Rose,3,4,2,2,13,0.7629,2614,15067,20.46779901,Private
10606-1200,White Plains,NY,The College of Westchester,2,3,3,2,13,0.7935,1008,19998,24.65227021,Private
10011,New York,NY,The General Theological Seminary,3,4,2,2,11,NULL,NULL,9636,NULL,Private
10013-2618,New York,NY,The International Culinary Center,1,1,3,2,11,NULL,452,64887,26.0935412,Private
10023-6588,New York,NY,The Juilliard School,3,4,2,2,11,0.0843,509,16518,19.49090909,Private
10004,New York,NY,The KingÂs College,3,3,2,2,11,0.7039,482,12980,20.03940887,Private
10011-8603,New York,NY,The New School,3,4,2,2,11,0.659,6695,26315,22.09887295,Private
12180,Troy,NY,The Sage Colleges,3,4,2,2,13,0.5481,1657,12380,22.87835249,Private
14150,Tonawanda,NY,The Salon Professional Academy-Tonawanda,1,1,3,2,21,NULL,143,12498,25.08602151,Private
13053-0139,Dryden,NY,Tompkins Cortland Community College,2,2,1,2,31,NULL,2859,3543,23.0083717,Public
11218,Brooklyn,NY,Torah Temimah Talmudical Seminary,3,3,2,2,11,1,102,7769,18.43333333,Private
10018,New York,NY,Touro College,3,4,2,2,11,0.2978,5870,12576,25.86343462,Private
10011,New York,NY,Tri-State College of Acupuncture,3,4,3,2,11,NULL,NULL,13676,NULL,Private
14220-2094,Buffalo,NY,Trocaire College,2,3,2,2,11,0.5795,1336,17042,26.10700758,Private
12466,Port Ewen,NY,Ulster BOCES School of Practical Nursing,1,1,1,2,23,0.9821,143,7975,31.94594595,Public
12484,Stone Ridge,NY,Ulster County Community College,2,2,1,2,41,NULL,2125,3462,23.91689944,Public
12507,Barrytown,NY,Unification Theological Seminary,3,4,2,2,41,NULL,33,10905,29.4,Private
12308-2311,Schenectady,NY,Union College,3,3,2,2,13,0.4112,2204,27513,19.45648604,Private
12308,Schenectady,NY,Union Graduate College,3,4,2,2,13,NULL,NULL,15366,NULL,Private
10027-5792,New York,NY,Union Theological Seminary in the City of New York,3,4,2,2,11,NULL,NULL,5208,NULL,Private
11024-1699,Kings Point,NY,United States Merchant Marine Academy,3,4,1,0,21,NULL,939,602,19.70238095,Public
11211,Brooklyn,NY,United Talmudical Seminary,3,3,2,2,11,NULL,2096,14158,18.19506967,Private
14260-1660,Buffalo,NY,University at Buffalo,3,4,1,2,21,0.5781,19488,8627,20.91091577,Public
14627-0011,Rochester,NY,University of Rochester,3,4,2,2,12,0.3641,6074,21893,20.58563536,Private
13210,Syracuse,NY,Upstate Medical University,3,4,1,2,12,NULL,232,18108,26.88,Public
10950,Monroe,NY,Uta Mesivta of Kiryas Joel,3,3,2,2,21,NULL,1634,10429,18.47256098,Private
13502-4892,Utica,NY,Utica College,3,4,2,2,13,0.8153,2857,14758,23.89334155,Private
13501,Utica,NY,Utica School of Commerce,2,2,3,2,13,NULL,282,11834,29.73958333,Private
12604,Poughkeepsie,NY,Vassar College,3,3,2,2,21,0.2354,2389,25998,19.61815562,Private
11369,Flushing,NY,Vaughn College of Aeronautics and Technology,2,4,2,2,11,0.7478,1605,15277,23.50142993,Private
11801-4302,Hicksville,NY,Veeb Nassau County School of Practical Nursing,1,1,1,2,21,NULL,201,14000,29.49508197,Public
14225-3999,Buffalo,NY,Villa Maria College,2,3,2,2,13,0.7984,469,16180,23.00715991,Private
10301-4495,Staten Island,NY,Wagner College,3,4,2,2,11,0.7218,1813,23434,20.48913044,Private
12839,Hudson Falls,NY,Washington Saratoga Warren Hamilton Essex BOCES-Practical Nursing Program,1,1,1,2,23,0.9,30,4065,30.46551724,Public
14513-1863,Newark,NY,Wayne Finger Lakes BOCES-Practical Nursing Program,1,1,1,2,32,NULL,302,8239,29.37908497,Public
11542-1398,Glen Cove,NY,Webb Institute,3,3,2,2,21,0.3299,90,413,19.45454546,Private
13026-0500,Aurora,NY,Wells College,3,3,2,2,42,0.5659,525,12882,20.03519062,Private
10550-2295,Mount Vernon,NY,Westchester School of Beauty Culture,1,1,3,2,21,NULL,87,2695,28.35772358,Private
11768,Northport,NY,Western Suffolk BOCES,1,1,1,2,21,NULL,336,4597,28.29320988,Public
10016-0190,New  York,NY,Wood Tobe-Coburn School,2,2,3,2,11,0.9176,411,16171,21.38414634,Private
12860-0129,Pottersville,NY,Word of Life Bible Institute,1,1,2,2,42,NULL,569,5274,20.48824593,Private
11230,Brooklyn,NY,Yeshiva and Kollel Harbotzas Torah,3,3,2,2,11,NULL,31,4269,21.85,Private
11218-4413,Brooklyn,NY,Yeshiva Derech Chaim,3,4,2,2,11,1,104,4565,20.03703704,Private
10952,Monsey,NY,Yeshiva D'monsey Rabbinical College,3,3,2,2,21,0.2941,52,5676,20.73913044,Private
11219,Brooklyn,NY,Yeshiva Gedolah Imrei Yosef D'spinka,3,3,2,2,11,NULL,122,6351,21,Private
10952-2127,Monsey,NY,Yeshiva Gedolah Kesser Torah,3,3,2,2,21,1,67,8056,20.0625,Private
11204-1545,Brooklyn,NY,Yeshiva Karlin Stolin,3,3,2,2,11,1,113,6634,19.28985507,Private
11691,Far Rockaway,NY,Yeshiva of Far Rockaway Derech Ayson Rabbinical Seminary,3,3,2,2,11,1,38,34733,20,Private
11219,Brooklyn,NY,Yeshiva of Machzikai Hadas,3,3,2,2,11,1,373,8290,18.23428571,Private
10549,Mount Kisco,NY,Yeshiva of Nitra Rabbinical College,3,4,2,2,21,NULL,243,10024,18.06870229,Private
10471,Riverdale,NY,Yeshiva of the Telshe Alumni,3,3,2,2,11,1,116,14088,18.06896552,Private
11418,Kew Gardens,NY,Yeshiva Shaar Hatorah,3,3,2,2,11,0.8333,56,17594,PrivacySuppressed,Private
10901,Suffern,NY,Yeshiva Shaarei Torah of Rockland,3,3,2,2,21,0,98,6735,24.59259259,Private
10033-3299,New York,NY,Yeshiva University,3,4,2,2,11,0.818,2814,22288,19.59735974,Private
11204,Brooklyn,NY,Yeshivas Novominsk,3,3,2,2,11,1,129,15150,19.02564103,Private
11230-9963,Brooklyn,NY,Yeshivat Mikdash Melech,3,4,2,2,11,1,131,5794,PrivacySuppressed,Private
10952,Monsey,NY,Yeshivath Viznitz,3,4,2,2,21,1,498,4052,18.13397129,Private
12779,South Fallsburgh,NY,Yeshivath Zichron Moshe,3,4,2,2,32,1,163,4744,19.63492064,Private
43211,Columbus,OH,Adult and Community Education-Hudson,1,1,1,3,11,0.8462,109,1239,30.34080718,Public
45440,Kettering,OH,Advertising Art Educational Services DBA School of Advertising Art,2,2,3,3,21,0.6567,139,13705,19.99305556,Private
44320-1736,Akron,OH,Akron School of Practical Nursing,1,1,1,3,12,0.4063,47,6209,28.95945946,Public
44460-9598,Salem,OH,Allegheny Wesleyan College,3,3,2,3,41,NULL,53,5874,20.20454546,Private
44113-3413,Cleveland,OH,Allstate Hairstyling & Barber College,1,1,3,3,11,NULL,34,4436,29.65116279,Private
43229,Columbus,OH,American Institute of Alternative Medicine,1,2,3,3,11,0.8169,337,12370,32.22,Private
43229,Columbus,OH,American School of Technology,1,1,3,3,11,NULL,280,15311,30.15675676,Private
45387,Yellow Springs,OH,Antioch University-Midwest,3,4,2,3,31,NULL,81,24522,35.82075472,Private
45202,Cincinnati,OH,Antonelli College-Cincinnati,2,2,3,3,11,NULL,173,12065,29.39274141,Private
45806-1497,Lima,OH,Apollo Career Center,1,1,1,3,23,NULL,365,2259,30.81118881,Public
45202-1706,Cincinnati,OH,Art Academy of Cincinnati,3,4,2,3,11,0.2434,201,24839,20.82786885,Private
44805-9377,Ashland,OH,Ashland County-West Holmes Career Center,1,1,1,3,42,NULL,53,9835,29.35114504,Public
44805,Ashland,OH,Ashland University,3,4,2,3,31,0.7257,3227,11756,23.41234712,Private
44047,Jefferson,OH,Ashtabula County Technical and Career Campus,1,1,1,3,41,NULL,130,4881,28.91282051,Public
43615,Toledo,OH,Athena Career Academy,1,1,3,3,11,NULL,165,9058,30.25735294,Private
44143,Highland Heights,OH,ATS Institute of Technology,1,1,3,3,21,0.7467,459,15180,31.346211,Private
44077,Concord Twp,OH,Auburn Career Center,1,1,1,3,41,NULL,167,66287,29.93488372,Public
44710-1797,Canton,OH,Aultman College of Nursing and Health Sciences,2,2,2,3,13,0.75,356,16976,27.81118881,Private
45069,West Chester,OH,Aveda Fredric's Institute-Cincinnati,1,1,3,3,21,NULL,226,10796,23.96774194,Private
43201,Columbus,OH,Aveda Institute-Columbus,1,1,3,3,11,NULL,287,15833,23.96988907,Private
44017-2088,Berea,OH,Baldwin Wallace University,3,4,2,3,21,0.6397,3276,15412,21.65998748,Private
43950,Saint Clairsville,OH,Belmont College,2,2,1,3,41,NULL,985,2679,26.48614958,Public
45817-2104,Bluffton,OH,Bluffton University,3,4,2,3,32,0.5603,896,10650,21.47080979,Private
43403,Bowling Green,OH,Bowling Green State University-Main Campus,3,4,1,3,31,0.5337,13697,8806,21.02133296,Public
43219,Columbus,OH,Bradford School,2,2,3,3,21,NULL,443,11742,23.73323615,Private
45439,Dayton,OH,Brightwood College-Dayton,1,2,3,3,21,NULL,317,9743,27.64048866,Private
44060,Mentor,OH,Brown Aveda Institute-Mentor,1,1,3,3,21,NULL,149,6716,25.02666667,Private
45674-0157,Rio Grande,OH,Buckeye Hills Career Center,1,1,1,3,42,NULL,159,7431,27.46368715,Public
44663-9450,New Philadelphia,OH,Buckeye Joint Vocational School,1,1,1,3,41,NULL,95,7853,29.26126126,Public
45011,Hamilton,OH,Butler Tech-D Russel Lee Career Center,1,1,1,3,21,0.821,370,12669,28.46633417,Public
44705,Canton,OH,Canton City Schools Adult Career and Technical Education,1,1,1,3,13,1,104,8232,29.87978142,Public
43209-2394,Columbus,OH,Capital University,3,4,2,3,21,0.7274,2636,14480,22.38637852,Private
43055-3399,Newark,OH,Career and Technology Education Centers of Licking County,1,1,1,3,23,NULL,307,7295,32.14932127,Public
45402,Dayton,OH,Carousel Beauty College-Dayton,1,1,3,3,12,NULL,28,2851,24.875,Private
45044,Middletown,OH,Carousel Beauty College-Middletown,1,1,3,3,23,NULL,24,4295,25.79545455,Private
45424,Huber Heights,OH,Carousel of Miami Valley Beauty College,NULL,1,3,3,21,NULL,37,1961,NULL,Private
44515,Austintown,OH,Casal Aveda Institute,1,1,3,3,21,0.9722,60,7135,24.95555556,Private
44106,Cleveland,OH,Case Western Reserve University,3,4,2,3,11,0.3831,4807,22634,19.51123596,Private
45314-0601,Cedarville,OH,Cedarville University,3,4,2,3,31,0.7449,3082,15888,19.68181818,Private
43055-1767,Newark,OH,Central Ohio Technical College,2,2,1,3,23,NULL,3068,3245,27.28322605,Public
44131-0000,Independence,OH,Central School of Practical Nursing,1,1,2,3,21,NULL,118,3698,30.0060241,Private
45384-1004,Wilberforce,OH,Central State University,3,4,1,3,41,0.3772,1728,3706,21.2641844,Public
45118-9705,Saint Martin,OH,Chatfield College,2,2,2,3,42,NULL,318,9495,28.86464088,Private
44503-1600,Youngstown,OH,Choffin Career  and Technical Center,1,1,1,3,13,NULL,160,3487,28.08108108,Public
45204-3200,Cincinnati,OH,Cincinnati Christian University,3,4,2,3,11,0.5851,602,9294,26.13173653,Private
45224-1462,Cincinnati,OH,Cincinnati College of Mortuary Science,2,3,2,3,21,NULL,85,11822,27.86206897,Private
45223-2690,Cincinnati,OH,Cincinnati State Technical and Community College,2,2,1,3,11,NULL,8965,3261,26.7996155,Public
45501-0570,Springfield,OH,Clark State Community College,2,2,1,3,13,NULL,4844,2435,27.83357418,Public
44119,Euclid,OH,Cleveland Clinic Health System-School of Diagnostic Imaging,1,1,2,3,21,NULL,37,5172,28.39285714,Private
44106-1710,Cleveland,OH,Cleveland Institute of Art,3,3,2,3,11,0.6699,551,18821,20.43478261,Private
44115-2285,Cleveland,OH,Cleveland Institute of Dental-Medical Assistants-Cleveland,1,1,3,3,11,NULL,89,2716,27.18270402,Private
44106-1776,Cleveland,OH,Cleveland Institute of Music,3,4,2,3,11,0.4389,236,24790,20.0952381,Private
44115-2214,Cleveland,OH,Cleveland State University,3,4,1,3,11,0.8421,11308,10568,24.27169164,Public
44432,Lisbon,OH,Columbiana County Career and Technical Center,1,1,1,3,32,NULL,135,1582,29.59433962,Public
43215,Columbus,OH,Columbus College of Art and Design,3,4,2,3,11,0.8864,1193,30430,20.99405941,Private
43215,Columbus,OH,Columbus State Community College,1,2,1,3,11,NULL,12519,2698,25.16330068,Public
44601,Alliance,OH,Community Services Division-Alliance City,1,1,1,3,31,NULL,63,6265,28.83478261,Public
45414,Dayton,OH,Creative Images Institute of Cosmetology-North Dayton,1,1,3,3,21,NULL,196,16,25.27979275,Private
44115-2878,Cleveland,OH,Cuyahoga Community College District,2,2,1,3,11,NULL,14466,2614,26.46956461,Public
44141-1296,Brecksville,OH,Cuyahoga Valley Career Center,1,1,1,3,21,1,106,12413,30.22330097,Public
43623,Toledo,OH,Davis College,2,2,3,3,11,NULL,190,15210,29.90871369,Private
45601-1038,Chillicothe,OH,Daymar College-Chillicothe,2,2,3,3,32,NULL,38,26556,28.61423221,Private
45342,Miamisburg,OH,Dayton Barber College,1,1,3,3,21,NULL,55,4369,28.25,Private
45429,Dayton,OH,Dayton School of Medical Massage,1,1,3,3,21,NULL,257,14562,28.88344595,Private
43512,Defiance,OH,Defiance College,3,4,2,3,32,0.6469,801,14156,20.70476191,Private
43015-8969,Delaware,OH,Delaware Area Career Center,1,1,1,3,41,NULL,95,6879,NULL,Public
43023-0713,Granville,OH,Denison University,3,3,2,3,23,0.5553,2265,22338,19.36525974,Private
43952-3598,Steubenville,OH,Eastern Gateway Community College,2,2,1,3,13,NULL,2514,1858,27.69151467,Public
45255,Cincinnati,OH,Eastern Hills Academy of Hair Design,1,1,3,3,21,NULL,58,5050,28.87804878,Private
43125-9236,Groveport,OH,Eastland-Fairfield Career and Technical Schools,1,1,1,3,21,NULL,221,5486,30.45405405,Public
45356-9239,Piqua,OH,Edison State Community College,2,2,1,3,41,NULL,1971,2138,26.90189873,Public
44846,Milan,OH,EHOVE Career Center,1,1,1,3,41,NULL,326,11043,29.06506849,Public
44857-2714,Norwalk,OH,Elite School of Cosmetology,1,1,3,3,32,NULL,40,6834,27.18666667,Private
45246-1013,Cincinnati,OH,Elite Welding Academy LLC,NULL,1,3,3,21,NULL,55,19855,26.03488372,Private
45239,Cincinnati,OH,Empire Beauty School-Cincinnati,1,1,3,3,21,NULL,152,8921,24.77118644,Private
44446-4398,Niles,OH,ETI Technical College,1,2,3,3,21,NULL,152,4545,29.16470588,Private
44126-2214,Fairview Park,OH,Fairview Beauty Academy,1,1,3,3,21,NULL,52,1474,27.04444444,Private
44870-4788,Sandusky,OH,Firelands Regional Medical Center School of Nursing,1,1,2,3,32,NULL,89,5291,29.76712329,Private
45459-2712,Centerville,OH,Fortis College-Centerville,2,3,3,3,21,NULL,1645,9230,31.01476302,Private
44221-2949,Cuyahoga Falls,OH,Fortis College-Cuyahoga Falls,2,2,3,3,21,NULL,526,11718,30.17551755,Private
43502,Archbold,OH,Four County Career Center,1,1,1,3,42,NULL,79,12386,PrivacySuppressed,Public
43952-1763,Steubenville,OH,Franciscan University of Steubenville,3,4,2,3,13,0.7792,2065,14786,20.36244019,Private
43215-5399,Columbus,OH,Franklin University,3,4,2,3,11,NULL,4592,13717,31.89462025,Private
45631-2600,Gallipolis,OH,Gallipolis Career College,2,2,3,3,32,NULL,96,5141,30.88118812,Private
44313,Akron,OH,Gerbers Akron Beauty School,1,1,3,3,21,NULL,60,10859,27.56410256,Private
45202-6838,Cincinnati,OH,Gods Bible School and College,3,3,2,3,11,1,257,5559,21.85454546,Private
45220-2489,Cincinnati,OH,Good Samaritan College of Nursing and Health Science,2,3,2,3,11,0.7885,353,8662,25.14728682,Private
45241,Cincinnati,OH,Great Oaks Career Campuses,1,1,1,3,21,NULL,230,12658,29.04118993,Public
45385-9545,Xenia,OH,Greene County Vocational School District,1,1,1,3,41,NULL,33,5805,28.58823529,Public
44256,Medina,OH,Hamrick School,1,1,3,3,41,NULL,121,14666,34.76825397,Private
44460-2906,Salem,OH,Hannah E Mullins School of Practical Nursing,1,1,1,3,31,0.6667,73,8245,28.26190476,Public
44883-2462,Tiffin,OH,Heidelberg University,3,4,2,3,32,0.7506,1096,12529,20.0106383,Private
44234-0067,Hiram,OH,Hiram College,3,4,2,3,31,0.6208,1217,15431,22.25037037,Private
45373-2400,Troy,OH,Hobart Institute of Welding Technology,1,1,2,3,21,NULL,322,8961,23.12443439,Private
45764,Nelsonville,OH,Hocking College,2,2,1,3,32,NULL,3345,5124,23.57452183,Public
43081,Westerville,OH,Hondros College,1,3,3,3,21,0.8926,1924,12993,30.06480356,Private
44124-2406,Lyndhurst,OH,Inner State Beauty School,1,1,3,3,21,NULL,133,5547,27.68939394,Private
45431,Dayton,OH,International College of Broadcasting,2,2,3,3,12,NULL,74,21630,25.82905983,Private
45804,Lima,OH,James A Rhodes State College,2,2,1,3,23,NULL,2627,3944,25.35628227,Public
44118-4581,University Heights,OH,John Carroll University,3,4,2,3,21,0.8291,3069,12841,19.9224924,Private
44129-6810,Brooklyn,OH,Kaplan Career Institute-Cleveland,1,1,3,3,21,NULL,91,10260,31.94845361,Private
44242-0001,Kent,OH,Kent State University at Kent,3,4,1,3,21,0.8438,22530,9926,22.37301838,Public
43022,Gambier,OH,Kenyon College,3,3,2,3,32,0.2506,1651,29409,19.38235294,Private
45429-1299,Kettering,OH,Kettering College,2,4,2,3,21,0.9831,668,13593,24.8694362,Private
43050,Mount Vernon,OH,Knox County Career Center,1,1,1,3,32,NULL,303,6316,30.43589744,Public
44124,Mayfield Hts,OH,LaBarberia Institute of Hair,NULL,1,3,3,21,NULL,43,5866,29.46534654,Private
44077-3389,Painesville,OH,Lake Erie College,3,4,2,3,21,0.6936,761,9994,20.41870824,Private
44094-5198,Kirtland,OH,Lakeland Community College,2,2,1,3,21,NULL,6191,1826,27.15522244,Public
44035-1691,Elyria,OH,Lorain County Community College,2,2,1,3,13,NULL,9783,2260,25.88186462,Public
44074,Oberlin,OH,Lorain County Joint Vocational School District,1,1,1,3,41,NULL,107,12157,31.69158879,Public
43560-2898,Sylvania,OH,Lourdes University,3,4,2,3,21,0.6455,1449,15645,23.84558824,Private
44905,Mansfield,OH,Madison Adult Career Center,1,1,1,3,23,NULL,150,6685,31.18253968,Public
44406-9710,Canfield,OH,Mahoning County Career and Technical Center,1,1,1,3,21,NULL,116,13142,31.35227273,Public
44709-3308,Canton,OH,Malone University,3,4,2,3,13,0.7174,1496,11900,24.15412621,Private
45750,Marietta,OH,Marietta College,3,4,2,3,31,0.6946,1336,16189,20.05909798,Private
43302-5694,Marion,OH,Marion Technical College,2,2,1,3,32,NULL,1792,3340,27.11100292,Public
44256,Medina,OH,Medina County Career Center,1,1,1,3,41,NULL,81,8735,30.82857143,Public
43604-1132,Toledo,OH,Mercy College of Ohio,2,3,2,3,11,0.5704,1193,11902,27.5958279,Private
43015-3211,Delaware,OH,Methodist Theological School in Ohio,3,4,2,3,21,NULL,NULL,7211,NULL,Private
45056,Oxford,OH,Miami University-Oxford,3,4,1,3,31,0.6584,15454,16027,21.25301205,Public
45315,Englewood,OH,Miami Valley Career Technology Center,1,1,1,3,41,NULL,280,12052,28.98257081,Public
43701,Zanesville,OH,Mid-EastCTC-Adult Education,1,1,1,3,41,NULL,305,8454,27.89673913,Public
45213,Cincinnati,OH,Moler Hollywood Beauty Academy,1,1,3,3,11,NULL,89,9077,27.79518072,Private
45014,Fairfield,OH,Moler-Pickens Beauty Academy,1,1,3,3,21,NULL,78,5472,29.23529412,Private
43222-1504,Columbus,OH,Mount Carmel College of Nursing,3,4,2,3,11,0.7389,926,12094,25.2516269,Private
45233-1670,Cincinnati,OH,Mount Saint Joseph University,3,4,2,3,21,0.8762,1463,15340,22.78656127,Private
43050-9500,Mount Vernon,OH,Mount Vernon Nazarene University,3,4,2,3,32,0.7598,1706,12358,25.51413613,Private
43762,New Concord,OH,Muskingum University,3,4,2,3,32,0.7644,1598,11311,21.72559653,Private
43082,Westerville,OH,MyComputerCareer.com-Columbus,1,1,3,3,21,NULL,249,18980,32.31603774,Private
44709-1837,Canton,OH,National Beauty College,1,1,3,3,13,NULL,46,8455,28.42168675,Private
44319-2100,Akron,OH,National Institute of Massotherapy,2,2,3,3,21,NULL,45,5914,32.14754098,Private
43235-5739,Columbus,OH,National Personal Training Institute of Columbus,NULL,1,3,3,11,NULL,79,5805,29.57983193,Private
43228,Columbus,OH,Nationwide Beauty Academy,1,1,3,3,11,NULL,82,9131,23.47368421,Private
44901-0698,Mansfield,OH,North Central State College,2,2,1,3,41,NULL,2242,3594,25.00956284,Public
44240,Kent,OH,Northcoast Medical Training Academy,1,1,3,3,21,NULL,136,5935,27.58102767,Private
44272-0095,Rootstown,OH,Northeast Ohio Medical University,3,4,1,3,21,NULL,NULL,32051,24.12121212,Public
44052-1803,Lorain,OH,Northern Institute of Cosmetology,1,1,3,3,22,NULL,37,5305,25.92753623,Private
43502-9542,Archbold,OH,Northwest State Community College,2,2,1,3,42,NULL,1728,3981,27.01248165,Public
44121-4293,Cleveland,OH,Notre Dame College,3,4,2,3,21,0.895,1820,12090,24.65266559,Private
45619-0000,Chesapeake,OH,O C Collins Career Center,1,1,1,3,41,NULL,452,7231,27.98320896,Public
44074,Oberlin,OH,Oberlin College,3,4,2,3,31,0.3272,2961,29026,19.3802589,Private
44035-0701,Sheffield Village,OH,Ohio Business College-Sheffield,1,2,3,3,22,NULL,420,9162,28.85113835,Private
44125-4220,Valley View,OH,Ohio Center for Broadcasting-Valley View,1,1,3,3,21,NULL,169,13714,28.42235123,Private
43113-9487,Circleville,OH,Ohio Christian University,3,4,2,3,32,0.654,3306,9396,34.1876615,Private
44321,Akron,OH,Ohio College of Massotherapy Inc,2,2,2,3,21,NULL,72,5473,30.13095238,Private
43219,Columbus,OH,Ohio Dominican University,3,4,2,3,11,0.4657,1350,11936,24.75192802,Private
45424-3646,Huber Heights,OH,Ohio Institute of Allied Health,NULL,1,2,3,21,NULL,57,862,30,Private
45227,Cincinnati,OH,Ohio Media School-Cincinnati,1,1,3,3,11,NULL,70,8317,29.47333333,Private
45810-1599,Ada,OH,Ohio Northern University,3,4,2,3,31,0.6859,2234,16986,20.14726368,Private
45807,Lima,OH,Ohio State Beauty Academy,1,1,3,3,23,NULL,148,4009,23.57653061,Private
43213,Columbus,OH,Ohio State College of Barber Styling,1,1,3,3,21,NULL,197,81,28.23502304,Private
43110,CANAL WINCHESTER,OH,Ohio State School of Cosmetology-Canal Winchester,1,1,3,3,21,NULL,131,9042,24.18232044,Private
43081,Westerville,OH,Ohio State School of Cosmetology-Westerville,1,1,3,3,21,NULL,117,8753,23.65625,Private
43210,Columbus,OH,Ohio State University-Main Campus,3,4,1,3,11,0.5296,43733,12627,21.05137919,Public
44103,Cleveland,OH,Ohio Technical College,1,2,3,3,11,NULL,1073,24617,22.66824324,Private
45701-2979,Athens,OH,Ohio University-Main Campus,3,4,1,3,32,0.7427,23390,10710,24.2512407,Public
43920-9585,East Liverpool,OH,Ohio Valley College of Technology,2,2,3,3,31,NULL,146,14458,27.87132353,Private
43015-2370,Delaware,OH,Ohio Wesleyan University,3,3,2,3,21,0.743,1725,14320,19.60786974,Private
43551,Perrysburg,OH,Orion Institute,1,1,3,3,21,NULL,70,6709,28.68695652,Private
43081,Westerville,OH,Otterbein University,3,4,2,3,21,0.7531,2271,15914,20.77571826,Private
43551,Perrysburg,OH,Owens Community College,2,2,1,3,21,NULL,11363,2981,25.07429323,Public
45662-4527,Portsmouth,OH,Paramount Beauty Academy,1,1,3,3,31,NULL,97,7083,26.77165354,Private
45241,Cincinnati,OH,Paul Mitchell the School-Cincinnati,1,1,3,3,21,NULL,215,10188,23.91563786,Private
44087,Twinsburg,OH,Paul Mitchell the School-Cleveland,1,1,3,3,21,NULL,176,8773,25.06276151,Private
43231,Columbus,OH,Paul Mitchell the School-Columbus,1,1,3,3,11,NULL,167,8869,24.265625,Private
45384,Wilberforce,OH,Payne Theological Seminary,3,4,2,3,41,NULL,NULL,8311,NULL,Private
43551-4594,Perrysburg,OH,Penta County Joint Vocational School,1,1,1,3,21,NULL,57,4118,30.84507042,Public
45601-9010,Chillicothe,OH,Pickaway Ross Joint Vocational School District,1,1,1,3,42,NULL,286,7788,28.94525547,Public
45661,Piketon,OH,Pike County Joint Vocational School District,1,1,1,3,41,NULL,69,926,28.91463415,Public
44875,Shelby,OH,Pioneer Career and Technology Center,1,1,1,3,31,NULL,20,2360,37.375,Public
44130-3375,Middleburg Heights,OH,Polaris Career Center,1,1,1,3,21,NULL,248,10215,29.44281525,Public
43235-1499,Columbus,OH,Pontifical College Josephinum,3,4,2,3,11,0.9412,129,20970,21.88888889,Private
44685,Uniontown,OH,Portage Lakes Career Center,1,1,1,3,21,NULL,102,5607,29.51456311,Public
43537,Maumee,OH,Professional Skills Institute,1,2,3,3,21,0.8028,286,8836,28.81401617,Private
44092,Wickliffe,OH,Rabbinical College Telshe,3,4,2,3,21,0.8,48,8642,20.13636364,Private
44601,Alliance,OH,Raphael's School of Beauty Culture Inc-Alliance,1,1,3,3,31,NULL,110,5753,27.58235294,Private
44512,Boardman,OH,Raphael's School of Beauty Culture Inc-Boardman,1,1,3,3,13,NULL,137,6424,26.55494506,Private
44446,Niles,OH,Raphael's School of Beauty Culture Inc-Niles,1,1,3,3,21,NULL,109,4460,27.09543569,Private
44094,Willoughby,OH,Regency Beauty Institute-Cleveland,1,1,3,3,21,NULL,98,8989,25.83625731,Private
43029,Irwin,OH,Rosedale Bible College,2,2,2,3,42,NULL,57,6542,19.83928571,Private
45246,Cincinnati,OH,Ross Medical Education Center-Cincinnati,1,1,3,3,21,NULL,122,9017,27.97068196,Private
43615-1731,Toledo,OH,Salon Institute-Toledo Campus,1,1,3,3,21,NULL,105,9127,22.88888889,Private
44870,Sandusky,OH,Sandusky Career Center,1,1,1,3,32,NULL,82,3932,28.05333333,Public
45648-0766,Lucasville,OH,Scioto County Career Technical Center,1,1,1,3,41,NULL,308,4531,27.6969697,Public
45662,Portsmouth,OH,Shawnee State University,3,4,1,3,31,NULL,3753,6168,22.25802519,Public
45402-1460,Dayton,OH,Sinclair Community College,2,2,1,3,12,NULL,16090,1935,26.18289921,Public
45133,Hillsboro,OH,Southern State Community College,2,2,1,3,32,NULL,1952,4035,25.855906,Public
44720,North Canton,OH,Stark State College,2,2,1,3,21,NULL,11319,3688,27.64769976,Public
43537-4007,Maumee,OH,Stautzenberger College-Maumee,1,2,3,3,21,NULL,708,13229,28.0935888,Private
45551,Perrysburg,OH,Summit Salon Academy-Perrysburg,1,1,3,3,21,NULL,65,9581,24.53947368,Private
44429,Lake Milton,OH,TDDS Technical Institute,1,1,3,3,41,0.5507,226,10915,34.21417069,Private
43420-9670,Fremont,OH,Terra State Community College,2,2,1,3,41,NULL,2015,2390,25.6761745,Public
45246-3322,Cincinnati,OH,The Art Institute of Cincinnati-AIC College of Design,2,2,3,3,21,0.7391,36,16558,19.875,Private
45840,Findlay,OH,The Artisan College of Cosmetology,1,1,3,3,32,NULL,26,11973,24.58823529,Private
45219-2989,Cincinnati,OH,The Christ College of Nursing and Health Sciences,2,2,2,3,11,0.7568,712,18486,27.32712215,Private
44691,Wooster,OH,The College of Wooster,3,3,2,3,32,0.5909,2029,17476,19.36809816,Private
43214,Columbus,OH,The Spa School,1,1,3,3,11,NULL,89,11512,28.54444444,Private
45840-3653,Findlay,OH,The University of Findlay,3,4,2,3,32,0.7197,2767,14500,21.24799358,Private
44883,Tiffin,OH,Tiffin Academy of Hair Design,1,1,3,3,32,NULL,56,7299,24.36923077,Private
44883,Tiffin,OH,Tiffin University,3,4,2,3,32,0.5438,2603,8607,25.27242744,Private
43616,OREGON,OH,Toledo Academy of Beauty Culture-East,1,1,3,3,21,NULL,119,2096,28.90714286,Private
43613,Toledo,OH,Toledo Public Schools Adult and Continuing Education,1,1,1,3,11,NULL,123,1266,30.5,Public
43606,Toledo,OH,Toledo Restaurant Training Center,1,1,2,3,11,NULL,31,2404,34.1875,Private
45764,Nelsonville,OH,Tri-County Adult Career Center,1,1,1,3,41,NULL,105,4730,28.20588235,Public
43952,Steubenville,OH,Trinity Health System School of Nursing,1,1,2,3,13,1,98,3121,27.60204082,Private
43209-2334,Columbus,OH,Trinity Lutheran Seminary,3,4,2,3,21,NULL,NULL,5797,PrivacySuppressed,Private
43302-8914,Marion,OH,Tri-Rivers Career Center,1,1,1,3,32,NULL,142,9099,30.35403727,Public
45680,South Point,OH,Tri-State Bible College,3,3,2,3,22,NULL,62,9234,38.33333333,Private
44484-3200,Warren,OH,Trumbull Business College,2,2,3,3,21,NULL,192,13407,32,Private
44483,Warren,OH,Trumbull Career & Technical Center,1,1,1,3,21,NULL,118,3542,31.00636943,Public
45106,Bethel,OH,U S Grant Joint Vocational School,1,1,1,3,41,NULL,25,6555,39,Public
45206-1925,Cincinnati,OH,Union Institute & University,3,4,2,3,11,NULL,1056,17961,37.40132827,Private
45426-2308,Dayton,OH,United Theological Seminary,NULL,4,2,3,21,NULL,NULL,11734,NULL,Private
44325-4702,Akron,OH,University of Akron Main Campus,3,4,1,3,12,0.9571,18148,9669,22.11165158,Public
45221-0063,Cincinnati,OH,University of Cincinnati-Main Campus,3,4,1,3,11,0.7578,23795,12556,22.80072491,Public
45469,Dayton,OH,University of Dayton,3,4,2,3,12,0.5901,8305,20574,19.65303487,Private
44601-3993,Alliance,OH,University of Mount Union,3,4,2,3,31,0.7355,2144,13981,19.65452848,Private
45805,Lima,OH,University of Northwestern Ohio,2,4,2,3,13,NULL,4034,8614,21.41306241,Private
45674,Rio Grande,OH,University of Rio Grande,2,4,2,3,42,NULL,1329,6360,25.53747598,Private
43606-3390,Toledo,OH,University of Toledo,3,4,1,3,11,0.9473,15182,10857,21.70420548,Public
45356,Piqua,OH,Upper Valley Career Center,1,1,1,3,31,NULL,108,978,30.60666667,Public
43078-2091,Urbana,OH,Urbana University,3,4,2,3,41,NULL,868,9599,23.53191489,Private
44124,Pepper Pike,OH,Ursuline College,3,4,2,3,21,0.6551,694,17430,26.01554404,Private
43725,Cambridge,OH,Valley Beauty School,1,1,3,3,32,NULL,10,5896,24.11764706,Private
43420,Fremont,OH,Vanguard-Sentinel Adult Career and Technology Center,1,1,1,3,32,NULL,44,2377,35.74468085,Public
44035,Sheffield Village,OH,Vanity School of Cosmetology,1,1,3,3,22,NULL,64,5746,26.74226804,Private
45891,Van Wert,OH,Vantage Career Center,1,1,1,3,32,NULL,44,7346,29.17142857,Public
44107,Lakewood,OH,Virginia Marti College of Art and Design,2,2,3,3,21,1,162,19544,25.10691824,Private
44720-3396,North Canton,OH,Walsh University,3,4,2,3,21,0.8068,2257,12797,22.63975155,Private
45036-1099,Lebanon,OH,Warren County Career Center,1,1,1,3,41,NULL,263,4786,28.5442623,Public
45750,Marietta,OH,Washington County Career Center-Adult Technical Training,1,1,1,3,41,NULL,300,12493,36.18215613,Public
45750,Marietta,OH,Washington State Community College,2,2,1,3,41,NULL,1136,3055,24.61170848,Public
44677,Smithville,OH,Wayne County Schools Career Center,1,1,1,3,32,NULL,248,2667,29.73134328,Public
45211,Cincinnati,OH,Western Hills School of Beauty and Hair Design,1,1,3,3,21,NULL,206,3905,27.37142857,Private
45384-1001,Wilberforce,OH,Wilberforce University,3,4,2,3,41,0.3754,364,8198,28.55555556,Private
44094,Eastlake,OH,Willoughby-Eastlake School of Practical Nursing,1,1,1,3,21,NULL,99,704,29.95092025,Public
45177,Wilmington,OH,Wilmington College,3,4,2,3,41,0.9537,1196,10386,21.47335812,Private
45840,Findlay,OH,Winebrenner Theological Seminary,3,4,2,3,32,NULL,NULL,11150,NULL,Private
45504,Springfield,OH,Wittenberg University,3,4,2,3,13,0.9138,1896,13947,20.25338895,Private
45435-0001,Dayton,OH,Wright State University-Main Campus,3,4,1,3,21,NULL,12090,9474,22.36088549,Public
45207-1092,Cincinnati,OH,Xavier University,3,4,2,3,11,0.7315,4464,16573,20.85823755,Private
44555-0001,Youngstown,OH,Youngstown State University,3,4,1,3,13,0.833,10695,7788,22.60863158,Public
43701-2626,Zanesville,OH,Zane State College,2,2,1,3,32,NULL,2063,4040,25.10952738,Public
73120,Oklahoma City,OK,Academy of Hair Design-Oklahoma City,1,1,3,6,11,NULL,38,13044,26.95238095,Private
73115,Oklahoma City,OK,American Broadcasting School-Oklahoma City,1,1,3,6,21,NULL,23,6810,34.30875576,Private
73115,Oklahoma City,OK,American Broadcasting School-Online Program,1,1,3,6,21,NULL,71,8053,34.30875576,Private
74146,Tulsa,OK,American Institute of Medical Technology,1,1,3,6,11,0.8205,75,13687,27.94871795,Private
73703-2506,Enid,OK,Autry Technology Center,1,1,1,6,33,0.6533,303,1770,26.52447552,Public
74403-1597,Muskogee,OK,Bacone College,3,3,2,6,32,0.4296,939,2243,21.98126464,Private
74465,Tahlequah,OK,Beauty Technical College Inc,1,1,3,6,33,NULL,29,3463,30.96551724,Private
74012,Broken Arrow,OK,Broken Arrow Beauty College-Broken Arrow,1,1,3,6,21,NULL,39,5521,26.32421875,Private
73038-0190,Fort Cobb,OK,Caddo Kiowa Technology Center,1,1,1,6,43,NULL,187,2247,27.61538462,Public
73505-6377,Lawton,OK,Cameron University,3,4,1,6,13,NULL,4716,4331,25.00373289,Public
73036-9117,El Reno,OK,Canadian Valley Technology Center,1,1,1,6,42,NULL,385,713,27.84761905,Public
74953-5208,Poteau,OK,Carl Albert State College,2,2,1,6,32,NULL,2001,1230,24.6612447,Public
74129,Tulsa,OK,CC's Cosmetology College,1,1,3,6,11,NULL,46,6266,30.17475728,Private
73162-6007,Oklahoma City,OK,Central State Beauty and Wellness College,1,1,3,6,11,NULL,136,6713,28.64604811,Private
73162,Oklahoma City,OK,Central State Massage Academy,1,1,3,6,11,NULL,48,13768,29.78873239,Private
74030,Drumright,OK,Central Technology Center,1,1,1,6,42,NULL,192,8214,27.54014599,Public
73764-6335,Omega,OK,Chisholm Trail Technology Center,1,1,1,6,43,NULL,76,35,28.03703704,Public
74017,Claremore,OK,Claremore Beauty College,1,1,3,6,31,NULL,15,6453,26.71428571,Private
74447-0917,Okmulgee,OK,College of the Muscogee Nation,NULL,2,1,6,41,NULL,179,2299,28.10638298,Public
74145,Tulsa,OK,Community Care College,1,2,3,6,11,NULL,626,11178,27.50363448,Private
74469,Warner,OK,Connors State College,2,2,1,6,43,NULL,1814,1195,24.56610408,Public
74023,Cushing,OK,Cutter's Edge School of Cosmetology,1,1,3,6,41,NULL,24,10827,30.38888889,Private
74820-6999,Ada,OK,East Central University,3,4,1,6,33,0.9719,3636,4494,23.59356377,Public
73020-9017,Choctaw,OK,Eastern Oklahoma County Technology Center,1,1,1,6,41,NULL,131,1123,25.95121951,Public
74578-4999,Wilburton,OK,Eastern Oklahoma State College,2,2,1,6,33,NULL,1325,1846,24.42116183,Public
73703-4538,Enid,OK,Enid Beauty College,1,1,3,6,33,NULL,38,5787,23.70588235,Private
73501,Lawton,OK,Eves College of Hairstyling,1,1,3,6,13,NULL,79,7402,26.55172414,Private
74802,Shawnee,OK,Family of Faith College,3,3,2,6,42,0.3478,22,1054,26.23076923,Private
73142-2789,Oklahoma City,OK,Francis Tuttle Technology Center,1,1,1,6,11,NULL,977,1218,29.35642136,Public
74804,Shawnee,OK,Gordon Cooper Technology Center,1,1,1,6,32,NULL,831,627,27.7037037,Public
73505-8399,Lawton,OK,Great Plains Technology Center,1,1,1,6,13,NULL,240,4507,27.92608696,Public
74447,Okmulgee,OK,Green Country Technology Center,1,1,1,6,41,NULL,290,1445,28.28712871,Public
73149,Oklahoma City,OK,Heritage College-Oklahoma City,2,2,3,6,11,NULL,715,7135,27.51319193,Private
73801,Woodward,OK,High Plains Technology Center,1,1,1,6,41,NULL,77,1367,27.82758621,Public
73160,Moore,OK,Hillsdale Free Will Baptist College,3,3,2,6,21,0.5313,226,9026,22.82467533,Private
73069,Norman,OK,Hollywood Cosmetology Center,1,1,3,6,22,NULL,6,2964,PrivacySuppressed,Private
74403-1889,Muskogee,OK,Indian Capital Technology Center-Muskogee,1,1,1,6,41,NULL,715,732,26.60655738,Public
74804,Shawnee,OK,Institute of Hair Design,1,1,3,6,32,NULL,19,4302,25.54545455,Private
73139,Oklahoma City,OK,JB's Hair Design and Barber College,NULL,1,3,6,11,NULL,41,213,29.03030303,Private
74501,McAlester,OK,Kiamichi Technology Center-McAlester,1,1,1,6,33,NULL,207,709,27.76009501,Public
73050,Langston,OK,Langston University,3,4,1,6,42,NULL,2050,3466,22.11458986,Public
74074-1899,Stillwater,OK,Meridian Technology Center,1,1,1,6,32,NULL,318,1460,25.86075949,Public
73111-5240,Oklahoma City,OK,Metro Technology Centers,1,1,1,6,11,NULL,1106,2152,31.08305085,Public
73170-9797,Oklahoma City,OK,Mid-America Christian University,3,4,2,6,11,NULL,2044,9777,34.6050837,Private
73095-0210,Wayne,OK,Mid-America Technology Center,1,1,1,6,42,NULL,927,891,27.05333333,Public
73110-4825,Midwest City,OK,Mid-Del Technology Center,1,1,1,6,21,NULL,109,3436,27.53932584,Public
73069-8399,Norman,OK,Moore Norman Technology Center,1,1,1,6,41,0.6389,428,1153,28.19303798,Public
73460,Tishomingo,OK,Murray State College,2,2,1,6,42,NULL,1838,1730,24.55947813,Public
74354,Miami,OK,Northeastern Oklahoma A&M College,2,2,1,6,32,NULL,2021,1229,23.37259475,Public
74464-2399,Tahlequah,OK,Northeastern State University,3,4,1,6,33,0.7501,6914,4135,25.20378332,Public
74653,Tonkawa,OK,Northern Oklahoma College,2,2,1,6,33,NULL,3383,2799,23.16532618,Public
73717,Alva,OK,Northwest Technology Center-Alva,1,1,1,6,41,NULL,107,436,28.15384615,Public
73717-2799,Alva,OK,Northwestern Oklahoma State University,3,4,1,6,33,0.6623,1876,3514,23.40386681,Public
74804,Shawnee,OK,Oklahoma Baptist University,3,4,2,6,32,0.6048,1824,9773,20.29474812,Private
73013-1100,Edmond,OK,Oklahoma Christian University,3,4,2,6,11,0.6401,1938,8657,20.64671362,Private
73159-9987,Oklahoma City,OK,Oklahoma City Community College,2,2,1,6,11,NULL,12367,2095,25.51267281,Public
73106-1402,Oklahoma City,OK,Oklahoma City University,3,4,2,6,11,0.6777,1793,16782,23.54120879,Private
73939-0430,Goodwell,OK,Oklahoma Panhandle State University,3,3,1,6,42,0.595,1136,4523,22.69252874,Public
73160,Moore,OK,Oklahoma School of Photography,1,1,3,6,21,NULL,28,5094,31.78,Private
74107-1898,Tulsa,OK,Oklahoma State University Center for Health Sciences,3,4,1,6,11,NULL,NULL,22110,NULL,Public
74447-3901,Okmulgee,OK,Oklahoma State University Institute of Technology,2,3,1,6,32,NULL,2426,2086,24.07466667,Public
74078-1015,Stillwater,OK,Oklahoma State University-Main Campus,3,4,1,6,32,0.7495,20636,11033,21.7972028,Public
73107-6195,Oklahoma City,OK,Oklahoma State University-Oklahoma City,2,3,1,6,11,NULL,6186,2237,27.397114,Public
74006-6299,Bartlesville,OK,Oklahoma Wesleyan University,3,4,2,6,32,0.627,1153,11951,29.51883354,Private
74171,Tulsa,OK,Oral Roberts University,3,4,2,6,11,0.7976,2947,12600,24.19908815,Private
73401-3912,Ardmore,OK,Paul Mitchell the School-Ardmore,NULL,1,3,6,33,NULL,33,26534,24.40677966,Private
74116-5612,Tulsa,OK,Phillips Theological Seminary,3,4,2,6,11,NULL,NULL,5114,PrivacySuppressed,Private
74601,Ponca City,OK,Pioneer Technology Center,1,1,1,6,33,NULL,132,1469,29.36,Public
73501-3808,Lawton,OK,Platt College-Lawton,1,1,3,6,13,NULL,135,18739,28.77941177,Private
74145,Tulsa,OK,Platt College-Tulsa,1,3,3,6,11,NULL,276,18520,27.94361943,Private
74601,Ponca City,OK,Ponca City Beauty College,1,1,3,6,33,NULL,72,706,28.07142857,Private
74820,Ada,OK,Pontotoc Technology Center,1,1,1,6,41,NULL,106,2811,27.34453782,Public
74361,Pryor,OK,Pryor Beauty College,1,1,3,6,41,NULL,40,3876,27.98305085,Private
73533,Duncan,OK,Red River Technology Center,1,1,1,6,32,NULL,147,977,27.80740741,Public
73036-5304,El Reno,OK,Redlands Community College,2,2,1,6,32,NULL,1288,1807,24.50947867,Public
74953-5260,Poteau,OK,River Valley Cosmetology Institute,NULL,1,3,6,32,NULL,58,479,26.22807018,Private
74017-3252,Claremore,OK,Rogers State University,3,3,1,6,31,0.7701,3611,3969,24.27833002,Public
73110-2799,Midwest City,OK,Rose State College,2,2,1,6,21,NULL,6067,995,26.1111431,Public
74868-1901,Seminole,OK,Seminole State College,2,2,1,6,32,NULL,1510,1096,23.77910174,Public
74801,Shawnee,OK,Shawnee Beauty College,1,1,3,6,32,NULL,20,4329,29.3125,Private
74701-0609,Durant,OK,Southeastern Oklahoma State University,3,4,1,6,32,0.7867,3372,4408,24.85739232,Public
73008,Bethany,OK,Southern Nazarene University,3,4,2,6,21,NULL,1704,12732,27.12833169,Private
73401,Ardmore,OK,Southern Oklahoma Technology Center,1,1,1,6,41,NULL,131,41,27.28037383,Public
74701-5008,Durant,OK,Southern School of Beauty Inc,1,1,3,6,32,NULL,28,6898,25.62962963,Private
73521,Altus,OK,Southwest Technology Center,1,1,1,6,33,NULL,67,818,27.9625,Public
73008,Bethany,OK,Southwestern Christian University,3,4,2,6,21,0.8088,774,8654,29.34677419,Private
73096-3098,Weatherford,OK,Southwestern Oklahoma State University,3,4,1,6,33,0.8526,4051,4283,22.90639386,Public
74115,Tulsa,OK,Spartan College of Aeronautics and Technology,1,3,3,6,11,0.7687,849,19710,24.28345627,Private
74804,Shawnee,OK,St. Gregory's University,3,4,2,6,41,0.5273,596,9892,24.73458445,Private
74063-0759,Sand Springs,OK,Standard Beauty College of Oklahoma,1,1,3,6,21,NULL,85,6675,27.05882353,Private
74075,Stillwater,OK,Stillwater Beauty Academy,1,1,3,6,32,NULL,30,7003,26.54385965,Private
74120-3610,Tulsa,OK,Technical Institute of Cosmetology Arts and Sciences,1,1,3,6,11,NULL,38,3457,35.47368421,Private
74135-6198,Tulsa,OK,Tulsa Community College,2,2,1,6,11,NULL,15593,564,26.09365335,Public
74145-1390,Tulsa,OK,Tulsa Technology Center-Lemley Campus,1,1,1,6,11,NULL,1287,2186,29.1154345,Public
74104-3909,Tulsa,OK,Tulsa Welding School-Tulsa,1,2,3,6,11,NULL,1054,13147,25.95209581,Private
73034,Edmond,OK,University of Central Oklahoma,3,4,1,6,21,0.9032,14728,7537,23.50306086,Public
73019-3072,Norman,OK,University of Oklahoma-Norman Campus,3,4,1,6,22,0.8133,20538,11150,22.72933271,Public
73018-5322,Chickasha,OK,University of Science and Arts of Oklahoma,3,3,1,6,32,0.6755,845,2936,22.53258427,Public
74104-3189,Tulsa,OK,University of Tulsa,3,4,2,6,11,0.4026,3441,20416,21.09149485,Private
74401-6802,Muskogee,OK,Virgil's Beauty College,1,1,3,6,32,NULL,22,3999,28.40625,Private
74883-6155,Wetumka,OK,Wes Watkins Technology Center,1,1,1,6,43,NULL,81,969,26.4691358,Public
73521-1397,Altus,OK,Western Oklahoma State College,2,2,1,6,41,NULL,1178,2145,24.83695652,Public
73624-1469,Burns Flat,OK,Western Technology Center,1,1,1,6,43,NULL,98,1287,25.03846154,Public
73801,Woodward,OK,Woodward Beauty College,1,1,3,6,33,NULL,39,5612,25.06382979,Private
73099,Yukon,OK,Yukon Beauty College Inc,1,1,3,6,21,NULL,25,6778,27.22222222,Private
97504-7137,Medford,OR,Abdill Career College Inc,1,1,3,8,13,NULL,41,17786,28.84713376,Private
97301,Salem,OR,Academy of Hair Design-Salem,1,1,3,8,12,NULL,58,7329,27.07894737,Private
97239,Portland,OR,American College of Healthcare Sciences,1,4,3,8,11,0.9437,423,10321,35.24724062,Private
97209-3144,Portland,OR,Aveda Institute-Portland,1,1,3,8,11,NULL,361,7830,23.90561225,Private
97205,Portland,OR,Beau Monde College of Hair Design,1,1,3,8,11,NULL,136,6930,25.38596491,Private
97266,Portland,OR,Birthingway College of Midwifery,3,3,2,8,11,NULL,71,19386,29.86111111,Private
97801,Pendleton,OR,Blue Mountain Community College,2,2,1,8,41,NULL,1388,3627,26.12992126,Public
97232-1309,Portland,OR,Carrington College-Portland,1,2,3,8,11,1,100,18787,28.11645102,Private
97703,Bend,OR,Central Oregon Community College,2,2,1,8,13,NULL,5767,2327,27.09671242,Public
97305,Salem,OR,Chemeketa Community College,2,2,1,8,22,NULL,9563,3773,26.4756677,Public
97045-8980,Oregon City,OR,Clackamas Community College,2,2,1,8,21,NULL,6100,4408,26.74097331,Public
97103,Astoria,OR,Clatsop Community College,1,2,1,8,41,NULL,619,4446,28.39280125,Public
97601-3233,Klamath Falls,OR,College of Cosmetology,1,1,3,8,33,NULL,62,4600,25.44565217,Private
97301-1952,Salem,OR,College of Hair Design Careers,1,1,3,8,12,NULL,61,8700,23.78481013,Private
97058,The Dalles,OR,Columbia Gorge Community College,2,2,1,8,33,NULL,865,3338,27.12259194,Public
97232-4203,Portland,OR,Concorde Career College-Portland,1,2,3,8,11,1,804,13170,26.8704028,Private
97211-6099,Portland,OR,Concordia University-Portland,3,4,2,8,11,0.5262,1243,12091,26.60275689,Private
97317-9392,Salem,OR,Corban University,3,4,2,8,12,0.3738,924,13000,21.82736842,Private
97232-0000,Portland,OR,East West College of the Healing Arts,1,1,3,8,11,NULL,245,17711,29.50689655,Private
97850,La Grande,OR,Eastern Oregon University,3,4,1,8,33,0.6418,2997,5215,27.82516636,Public
97205,Portland,OR,Everest College-Portland,1,2,3,8,11,NULL,161,11984,27.72524532,Private
97132,Newberg,OR,George Fox University,3,4,2,8,31,0.7776,2494,16009,22.89461713,Private
97305,Salem,OR,Institute of Technology Inc,1,1,3,8,22,NULL,325,12141,28.39292035,Private
97603-7121,Klamath Falls,OR,Klamath Community College,2,2,1,8,33,NULL,920,3658,28.26205192,Public
97405-0640,Eugene,OR,Lane Community College,2,2,1,8,41,NULL,8370,7898,26.77900446,Public
97205-2793,Portland,OR,Le Cordon Bleu College of Culinary Arts-Portland,1,2,3,8,11,NULL,452,10087,29.01030928,Private
97219-7899,Portland,OR,Lewis & Clark College,3,4,2,8,11,0.6662,2039,24037,19.66085578,Private
97128-6894,McMinnville,OR,Linfield College-McMinnville Campus,3,3,2,8,32,0.9377,1643,20682,24.36793249,Private
97321,Albany,OR,Linn-Benton Community College,2,2,1,8,13,NULL,5213,3751,26.18338684,Public
97036-0261,Marylhurst,OR,Marylhurst University,3,4,2,8,21,1,597,18930,35.24922118,Private
97373-0505,Saint Benedict,OR,Mount Angel Seminary,3,4,2,8,31,NULL,61,26488,PrivacySuppressed,Private
97030,Gresham,OR,Mt Hood Community College,2,2,1,8,21,NULL,8536,3390,27.45958854,Public
97220,Portland,OR,Multnomah University,3,4,2,8,11,0.5667,418,11417,25.69911504,Private
97201-4848,Portland,OR,National College of Natural Medicine,NULL,4,2,8,11,NULL,NULL,26400,NULL,Private
97405,Eugene,OR,New Hope Christian College-Eugene,3,3,2,8,12,0.6739,162,16330,23.46323529,Private
97401-3745,Eugene,OR,Northwest Christian University,3,4,2,8,12,0.7191,492,8288,26.09366391,Private
97086,Clackamas,OR,Northwest College-Clackamas,1,1,3,8,21,NULL,200,7200,26.47229917,Private
97035,Lake Oswego,OR,Northwest Nannies Institute,1,1,3,8,21,0.9091,20,5067,23.58139535,Private
97225,Portland,OR,Oregon College of Art and Craft,3,4,2,8,21,0.5054,146,25558,25.28735632,Private
97209,Portland,OR,Oregon College of Oriental Medicine,NULL,4,2,8,11,NULL,NULL,13494,NULL,Private
97239-3098,Portland,OR,Oregon Health & Science University,3,4,1,8,11,NULL,847,24021,29.73591253,Public
97601-8801,Klamath Falls,OR,Oregon Institute of Technology,3,4,1,8,33,0.5984,3457,7177,26.34446627,Public
97331,Corvallis,OR,Oregon State University,3,4,1,8,13,0.7776,22925,10540,23.66270598,Public
97209-3404,Portland,OR,Pacific Northwest College of Art,3,4,2,8,11,0.8235,409,18806,23.2039801,Private
97116,Forest Grove,OR,Pacific University,3,4,2,8,21,0.8045,1802,24217,21.23427332,Private
97205,Portland,OR,Paul Mitchell the School-Portland,1,1,3,8,11,NULL,150,5084,24.09770115,Private
97333,Corvallis,OR,Phagans Beauty College,1,1,3,8,13,NULL,56,12464,24.46428571,Private
97701,Bend,OR,Phagans Central Oregon Beauty College,1,1,3,8,13,NULL,117,11998,25.97419355,Private
97526,Grants Pass,OR,Phagans Grants Pass College of Beauty,1,1,3,8,13,NULL,46,10978,25.54929578,Private
97504,Medford,OR,Phagans Medford Beauty School,1,1,3,8,13,NULL,54,14747,25.89772727,Private
97365,Newport,OR,Phagans Newport Academy of Cosmetology Careers,1,1,3,8,32,NULL,31,16787,26.30555556,Private
97223,Tigard,OR,Phagans Salon Academy,1,1,3,8,21,NULL,17,8396,26.48484849,Private
97301,Salem,OR,Phagans School of Beauty,1,1,3,8,22,NULL,42,15580,26.2948718,Private
97086,Happy Valley,OR,Phagans School of Hair Design,1,1,3,8,21,NULL,181,9211,24.71219512,Private
97232,Portland,OR,Phagans School of Hair Design-Portland,1,1,3,8,11,NULL,135,9735,27.97222222,Private
97070-9296,Wilsonville,OR,Pioneer Pacific College,1,3,3,8,21,NULL,1190,6400,28.77527366,Private
97201,Portland,OR,Portland Actors Conservatory,1,1,2,8,11,0.9118,24,10928,26.28,Private
97219-7132,Portland,OR,Portland Community College,2,2,1,8,11,NULL,28549,2852,27.9684282,Public
97201,Portland,OR,Portland State University,3,4,1,8,11,0.6933,19662,8488,26.35877943,Public
97202-8199,Portland,OR,Reed College,3,4,2,8,11,0.3873,1335,28527,19.89602447,Private
97527-9291,Grants Pass,OR,Rogue Community College,2,2,1,8,41,NULL,4316,5292,27.86337129,Public
97470,Roseburg,OR,Roseburg Beauty College,1,1,3,8,33,NULL,48,6154,25.63793103,Private
97701,Bend,OR,Sage School of Massage,1,1,3,8,13,NULL,23,14428,31.54054054,Private
97520,Ashland,OR,Southern Oregon University,3,4,1,8,22,0.7737,4397,6352,24.61785356,Public
97420-2193,Coos Bay,OR,Southwestern Oregon Community College,2,2,1,8,33,NULL,1650,1742,24.1043257,Public
97477,Springfield,OR,Springfield College of Beauty,1,1,3,8,22,NULL,71,7425,27.2631579,Private
97224,Portland,OR,Sumner College,1,2,3,8,21,NULL,262,12358,30.08358209,Private
97209-2911,Portland,OR,The Art Institute of Portland,3,3,3,8,11,NULL,1111,14471,24.39407245,Private
97141,Tillamook,OR,Tillamook Bay Community College,2,2,1,8,32,NULL,327,1988,29.2899729,Public
97914,Ontario,OR,Treasure Valley Community College,2,2,1,8,32,NULL,2105,3935,26.59749455,Public
97470-0226,Roseburg,OR,Umpqua Community College,2,2,1,8,41,NULL,1069,2049,27.308603,Public
97403,Eugene,OR,University of Oregon,3,4,1,8,12,0.749,20252,15185,21.57658758,Public
97203-5798,Portland,OR,University of Portland,3,4,2,8,11,0.6293,3648,20125,20.26533865,Private
97230-3099,Portland,OR,University of Western States,1,4,2,8,11,NULL,63,29422,28.61744966,Private
97215,Portland,OR,Warner Pacific College,3,3,2,8,11,0.5274,551,16328,29.48086124,Private
97266,Portland,OR,Warner Pacific College Adult Degree Program,3,4,2,8,11,NULL,664,9790,29.48086124,Private
97361-1394,Monmouth,OR,Western Oregon University,3,4,1,8,31,0.8874,4923,6513,22.67496724,Public
97215-3367,Portland,OR,Western Seminary,3,4,2,8,11,NULL,NULL,11682,PrivacySuppressed,Private
97301,Salem,OR,Willamette University,3,4,2,8,12,0.8131,2009,20372,19.50201884,Private
19090-1284,Willow Grove,PA,Abington Memorial Hospital Dixon School of Nursing,1,1,2,2,21,NULL,224,3393,29.98514852,Private
19103-6685,Philadelphia,PA,Academy of Vocal Arts,1,0,2,2,11,NULL,NULL,0,NULL,Private
19612-5234,Reading,PA,Albright College,3,4,2,2,13,0.5007,2340,14946,22.54291553,Private
16335-3902,Meadville,PA,Allegheny College,3,3,2,2,32,0.7177,1968,19492,19.43386897,Private
19029,Lester,PA,All-State Career School-Lester,1,1,3,2,21,NULL,314,8209,29.9020979,Private
16602-6039,Altoona,PA,Altoona Beauty School Inc,1,1,3,2,13,NULL,60,7525,25.38793103,Private
19607-1799,Reading,PA,Alvernia University,3,4,2,2,13,0.7479,2272,17408,25.34253731,Private
19038-8242,Erdenheim,PA,Antonelli Institute,2,2,3,2,21,NULL,188,20143,20.12834225,Private
19464,Pottstown,PA,Antonelli Medical and Professional Institute,1,1,3,2,22,NULL,128,5067,28.97260274,Private
19038-3295,Glenside,PA,Arcadia University,3,4,2,2,21,0.588,2482,13828,20.33655275,Private
19053-6939,Trevose,PA,Aria Health School of Nursing,1,1,2,2,21,0.8,217,6824,25.95890411,Private
19341-1310,Exton,PA,Automotive Training Center-Exton,1,1,3,2,21,NULL,372,12081,21.85945946,Private
19114-1018,Philadelphia,PA,Aviation Institute of Maintenance-Philadelphia,1,1,3,2,11,NULL,320,13695,28.62790698,Private
15220,Pittsburgh,PA,Barber School of Pittsburgh,1,1,3,2,11,NULL,38,6984,28.54878049,Private
17701,Williamsport,PA,Barone Beauty Academy,1,1,3,2,13,NULL,43,9973,23.77142857,Private
15010-4208,Beaver Falls,PA,Beaver Falls Beauty Academy,1,1,3,2,21,NULL,43,9750,25.81333333,Private
15146-2388,Monroeville,PA,Bella Capelli Academy,1,1,3,2,21,NULL,209,10509,22.84353742,Private
19533-9112,Leesport,PA,Berks Career & Technology Center,NULL,1,1,2,21,NULL,52,11460,27.33928571,Public
19610-1168,Wyomissing,PA,Berks Technical Institute,2,2,3,2,21,NULL,985,13540,26.23800066,Private
19440,Hatfield,PA,Biblical Theological Seminary,3,4,2,2,21,NULL,NULL,9039,NULL,Private
15233,Pittsburgh,PA,Bidwell Training Center Inc,1,2,2,2,11,0.9412,169,0,32.5862069,Private
17815,Bloomsburg,PA,Bloomsburg University of Pennsylvania,3,4,1,2,13,0.8781,9109,7837,20.02391629,Public
15219,Pittsburgh,PA,Bradford School,2,2,3,2,11,0.8831,413,13819,21.08403361,Private
19008,Broomall,PA,Brightwood Career Institute-Broomall,1,2,3,2,21,NULL,329,9819,27.83757962,Private
17111,Harrisburg,PA,Brightwood Career Institute-Harrisburg,1,2,3,2,21,NULL,217,9230,25.74445077,Private
19154,Philadelphia,PA,Brightwood Career Institute-Philadelphia Mills,1,2,3,2,11,NULL,640,8804,26.35294118,Private
15222,Pittsburgh,PA,Brightwood Career Institute-Pittsburgh,2,2,3,2,11,NULL,444,8534,28.02446043,Private
19009-0717,Bryn Athyn,PA,Bryn Athyn College of the New Church,3,3,2,2,21,0.5802,271,10966,20.05590062,Private
19010,Bryn Mawr,PA,Bryn Mawr College,3,4,2,2,21,0.4047,1303,21894,20.68,Private
17837,Lewisburg,PA,Bucknell University,3,4,2,2,32,0.3072,3528,31788,19.69357045,Private
18940-4106,Newtown,PA,Bucks County Community College,2,2,1,2,41,NULL,8532,5105,23.90414833,Public
19053-7368,Feasterville,PA,Bucks County School of Beauty Culture Inc,1,2,3,2,21,NULL,84,11211,27.57692308,Private
16001,Butler,PA,Butler Beauty Academy,1,1,3,2,31,NULL,23,15110,25.01398601,Private
16002,Butler,PA,Butler County Community College,2,2,1,2,31,NULL,3217,5753,23.90341753,Public
15214-2229,Pittsburgh,PA,Byzantine Catholic Seminary of Saints Cyril and Methodius,NULL,4,2,2,11,NULL,NULL,18764,NULL,Private
19087-3698,Radnor,PA,Cabrini University,3,4,2,2,21,0.7528,1334,13980,19.90247253,Private
19047-2990,Langhorne,PA,Cairn University-Langhorne,3,4,2,2,21,0.978,805,10727,21.33048433,Private
15419-1394,California,PA,California University of Pennsylvania,3,4,1,2,23,0.8967,6031,7890,22.52843315,Public
15902,Johnstown,PA,Cambria-Rowe Business College-Johnstown,2,2,3,2,13,NULL,136,8746,26.98181818,Private
18508,Scranton,PA,Career Technology Center of Lackawanna County,1,1,1,2,13,NULL,76,1022,27.74796748,Public
15068,Lower Burrell,PA,Career Training Academy-Lower Burrell,1,2,3,2,21,NULL,171,3813,28.72968198,Private
15213-3165,Pittsburgh,PA,Carlow University,3,4,2,2,11,0.907,1323,16311,24.78012422,Private
15213-3890,Pittsburgh,PA,Carnegie Mellon University,3,4,2,2,11,0.246,5819,36119,19.26609442,Private
18372,Tannersville,PA,CDE Career Institute,1,1,3,2,23,NULL,31,7031,35.09615385,Private
18104-6196,Allentown,PA,Cedar Crest College,3,4,2,2,12,0.5233,1310,17643,26.29345088,Private
17093-0309,Summerdale,PA,Central Penn College,3,3,3,2,21,NULL,1282,12895,26.7066365,Private
16823,Pleasant Gap,PA,Central Pennsylvania Institute of Science and Technology,1,1,1,2,41,NULL,243,11939,26.997151,Public
17837,Lewisburg,PA,Central Susquehanna Intermediate Unit LPN Career,1,1,1,2,32,0.5294,92,6321,28.28,Public
17602-3809,Lancaster,PA,Champ's Barber School,NULL,1,3,2,13,NULL,12,6646,28.5,Private
15232,Pittsburgh,PA,Chatham University,3,4,2,2,11,0.5231,597,17352,24.62017804,Private
19335,Downingtown,PA,Chester County Intermediate Unit,1,1,1,2,21,0.75,125,2517,29.68181818,Public
19118-2693,Philadelphia,PA,Chestnut Hill College,3,4,2,2,11,0.7471,1428,15066,27.07519641,Private
19319-0200,Cheyney,PA,Cheyney University of Pennsylvania,3,4,1,2,21,NULL,997,3048,20.91654676,Public
15068-6525,New Kensington,PA,Citizens School of Nursing,1,1,2,2,21,NULL,168,4522,28.07777778,Private
16254-8975,Shippenville,PA,Clarion County Career Center Practical Nursing Program,1,1,1,2,41,1,58,801,29.03508772,Public
16214,Clarion,PA,Clarion University of Pennsylvania,3,4,1,2,33,0.9271,4744,7355,22.08535599,Public
16830,Clearfield,PA,Clearfield County Career and Technology Center,1,1,1,2,41,NULL,64,8042,26.76033058,Public
15905-3092,Johnstown,PA,Commonwealth Technical Institute,1,2,2,2,23,NULL,222,57333,23.07692308,Private
15233-1895,Pittsburgh,PA,Community College of Allegheny County,2,2,1,2,11,NULL,16003,2424,25.25779504,Public
15061-2588,Monaca,PA,Community College of Beaver County,2,2,1,2,21,NULL,1985,6993,24.56764296,Public
19130-3991,Philadelphia,PA,Community College of Philadelphia,2,2,1,2,11,NULL,18177,2348,25.39279989,Public
17603,Lancaster,PA,Consolidated School of Business-Lancaster,2,2,3,2,21,NULL,99,12978,24.06299213,Private
17404,York,PA,Consolidated School of Business-York,2,2,3,2,13,NULL,107,12702,28.83221477,Private
19406,King of Prussia,PA,Cortiva Institute-Pennsylvania School of Muscle Therapy,1,1,3,2,21,NULL,161,10318,28.95876289,Private
16335,Meadville,PA,Crawford County Career and Technical Center Practical Nursing Program,1,1,1,2,32,NULL,27,8912,26.41071429,Public
19103,Philadelphia,PA,Curtis Institute of Music,3,4,2,2,11,0.0505,132,3971,20.86363636,Private
15061,Monaca,PA,DCI Career Institute,1,1,3,2,21,NULL,94,13868,27.03517588,Private
15226-1197,Pittsburgh,PA,Dean Institute of Technology,2,2,3,2,11,NULL,166,8986,30.24712644,Private
19063-1094,Media,PA,Delaware County Community College,2,2,1,2,21,NULL,12459,3386,24.92248182,Public
19008,Broomall,PA,Delaware County Technical School-Practical Nursing Program,1,1,1,2,21,1,41,7009,31.05555556,Public
18901-2697,Doylestown,PA,Delaware Valley University,3,4,2,2,21,0.7574,1823,17210,20.39354188,Private
18034-9568,Center Valley,PA,DeSales University,3,4,2,2,41,0.7965,2383,15995,23.36565836,Private
17013-2896,Carlisle,PA,Dickinson College,3,3,2,2,13,0.4809,2315,27496,19.36666667,Private
17104,Harrisburg,PA,Divine Crown Academy of Cosmetology,NULL,1,3,2,13,NULL,29,9049,25.48275862,Private
15905-4398,Johnstown,PA,DLP Conemaugh Memorial Medical Center,1,1,2,2,13,0.9565,242,8151,24.64606742,Private
15062,Monessen,PA,Douglas Education Center,2,2,3,2,23,NULL,267,9626,25.08683473,Private
19104,Philadelphia,PA,Drexel University,3,4,2,2,11,0.7601,16681,23559,23.22322012,Private
15801,Du Bois,PA,Du Bois Business College-Du Bois,2,2,3,2,33,NULL,90,12564,26.37451738,Private
15282,Pittsburgh,PA,Duquesne University,3,4,2,2,11,0.7306,5969,20602,20.465993,Private
18301-2999,East Stroudsburg,PA,East Stroudsburg University of Pennsylvania,3,4,1,2,13,0.8146,6125,9139,21.20663114,Public
19090,Willow Grove,PA,Eastern Center for Arts and Technology,1,1,1,2,21,0.6154,106,775,34.17164179,Public
19087-3696,Saint Davids,PA,Eastern University,3,4,2,2,21,0.6218,2381,12762,25.03911439,Private
16444-0001,Edinboro,PA,Edinboro University of Pennsylvania,3,4,1,2,31,0.993,5494,6451,21.38387928,Public
15601,Greensburg,PA,Education and Technology Institute,1,1,2,2,41,NULL,0,11512,PrivacySuppressed,Private
17022-2298,Elizabethtown,PA,Elizabethtown College,3,4,2,2,21,0.7082,1754,19788,22.96314258,Private
17022-2298,Elizabethtown,PA,Elizabethtown College School of Continuing and Professional Studies,3,4,2,2,21,NULL,341,9587,22.96314258,Private
18052,Whitehall,PA,Empire Beauty  School-Lehigh Valley,1,1,3,2,21,NULL,122,9227,26.00422489,Private
17901,Pottsville,PA,Empire Beauty School-Pottsville,1,1,3,2,32,NULL,50,9390,26.33981369,Private
18507,Moosic,PA,Empire Beauty School-Wyoming Valley,1,1,3,2,21,NULL,150,9572,25.91153142,Private
16565,Erie,PA,Erie Institute of Technology Inc,2,2,3,2,22,NULL,232,5190,27.100271,Private
17067-1222,Myerstown,PA,Evangelical Theological Seminary,3,4,2,2,23,NULL,NULL,10181,NULL,Private
15222-1320,Pittsburgh,PA,Everest Institute-Pittsburgh,1,2,3,2,11,NULL,526,9480,27.06601124,Private
15401,Uniontown,PA,Fayette County Career & Technical Institute Practical Nursing Program,1,1,1,2,23,NULL,118,2003,27.46666667,Public
15146,Monroeville,PA,Forbes Road Career and Technology Center,1,1,1,2,21,NULL,25,8798,27.0625,Public
16506-1013,Erie,PA,Fortis Institute-Erie,1,2,3,2,22,NULL,652,10486,27.07364017,Private
18704-2936,Forty Fort,PA,Fortis Institute-Forty Fort,1,2,3,2,21,NULL,186,8183,29.71883289,Private
18509-2903,Scranton,PA,Fortis Institute-Scranton,2,2,3,2,13,NULL,385,10817,26.09243698,Private
16046,Mars,PA,Fountain of Youth Academy of Cosmetology,NULL,1,3,2,21,NULL,12,11723,PrivacySuppressed,Private
17604-3003,Lancaster,PA,Franklin and Marshall College,3,3,2,2,13,0.3893,2182,29020,19.30163934,Private
17202,Chambersburg,PA,Franklin County Career and Technology Center,1,1,1,2,41,NULL,58,8382,27.67961165,Public
16541-0001,Erie,PA,Gannon University,3,4,2,2,12,0.7767,2763,16229,20.86644683,Private
15010-3599,Beaver Falls,PA,Geneva College,3,4,2,2,21,0.7106,1404,13862,24.05425401,Private
17325,Gettysburg,PA,Gettysburg College,3,3,2,2,13,0.4543,2437,29130,19.30700637,Private
19027-3010,Melrose Park,PA,Gratz College,1,4,2,2,21,NULL,7,2675,PrivacySuppressed,Private
16509-2482,Erie,PA,Great Lakes Institute of Technology,1,2,3,2,22,NULL,427,5119,24.55182073,Private
16602-3616,Altoona,PA,Greater Altoona Career & Technology Center,1,1,1,2,13,NULL,236,4350,27.8089172,Public
15904-2998,Johnstown,PA,Greater Johnstown Career and Technology Center,1,1,1,2,23,NULL,191,7257,30.25793651,Public
15370-8281,Waynesburg,PA,Greene County Career and Technology Center,1,1,1,2,32,0.8529,31,11849,29.28813559,Public
19437-0901,Gwynedd Valley,PA,Gwynedd Mercy University,3,4,2,2,21,0.7638,1941,15815,26.15935542,Private
19010-3470,Bryn Mawr,PA,Harcum College,2,2,2,2,21,0.9375,1505,14912,29.29856115,Private
17110-2999,Harrisburg,PA,Harrisburg Area Community College-Harrisburg,2,2,1,2,13,NULL,18349,4939,25.82297913,Public
17101-2208,Harrisburg,PA,Harrisburg University of Science and Technology,3,4,2,2,13,NULL,304,15803,20.68376068,Private
19041-1392,Haverford,PA,Haverford College,3,3,2,2,21,0.2469,1187,27250,19.24663677,Private
18202,Hazle TWP.,PA,Hazleton Area Career Center,1,1,1,2,23,NULL,23,3393,27.63636364,Public
19114-2009,Philadelphia,PA,Holy Family University,3,4,2,2,11,0.7326,1797,16948,22.99345693,Private
17060,Mill Creek,PA,Huntingdon County Career and Technology Center,1,1,1,2,42,0.5,28,3695,28.05882353,Public
19106,Philadelphia,PA,Hussian College School of Art,2,2,3,2,11,0.6522,79,14594,20.74074074,Private
19345-0702,Immaculata,PA,Immaculata University,3,4,2,2,21,0.7594,2012,12435,25.59577279,Private
15701-1465,Indiana,PA,Indiana County Technology Center,1,1,1,2,41,NULL,84,7488,28.34666667,Public
15705-1098,Indiana,PA,Indiana University of Pennsylvania-Main Campus,3,4,1,2,32,0.9473,12032,8048,20.23699133,Public
15235-3718,Pittsburgh,PA,Institute of Medical Careers,1,1,3,2,21,NULL,100,3417,31.01744186,Private
16105-2595,New Castle,PA,Jameson Health System,1,1,2,2,31,NULL,84,2651,28.36781609,Private
19147,Philadelphia,PA,Jean Madeline Aveda Institute,1,1,3,2,11,NULL,297,14161,22.50895141,Private
15851,Reynoldsville,PA,Jefferson County Dubois Area Vocational Technical Practical Nursing Program,1,1,1,2,33,0.9286,39,1419,27.01960784,Public
19146,Philadelphia,PA,Jna Institute of Culinary Arts,1,2,3,2,11,NULL,59,15049,24.79310345,Private
18508-1495,Scranton,PA,Johnson College,2,2,2,2,13,0.4325,455,16025,22.3030303,Private
18201,Hazleton,PA,Jolie Hair and Beauty Academy-Hazleton,1,1,3,2,21,NULL,81,13170,27.91245136,Private
18702,Wilkes Barre,PA,Jolie Hair and Beauty Academy-Wilkes-Barre,1,1,3,2,13,NULL,142,12519,26.94047619,Private
17901,Pottsville,PA,Joseph F McCloskey School of Nursing at Schuylkill Health,1,1,2,2,32,NULL,60,5973,25.62686567,Private
16652-2196,Huntingdon,PA,Juniata College,3,4,2,2,32,0.7417,1517,17342,19.54941374,Private
18440-0200,La Plume,PA,Keystone College,3,4,2,2,21,0.9205,1431,11155,21.68938548,Private
17112-1012,Harrisburg,PA,Keystone Technical Institute,1,2,3,2,21,NULL,341,9789,25.61396304,Private
18711-0801,Wilkes-Barre,PA,King's College,3,4,2,2,13,0.6727,1865,16008,20.1027668,Private
19530-0730,Kutztown,PA,Kutztown University of Pennsylvania,3,4,1,2,31,0.7967,8516,7538,20.6159288,Public
19130,Philadelphia,PA,L T International Beauty School,1,1,3,2,11,NULL,39,124,30.64893617,Private
15237-5898,Pittsburgh,PA,La Roche College,3,4,2,2,21,0.9394,1269,15588,22.46928328,Private
19141-1199,Philadelphia,PA,La Salle University,3,4,2,2,11,0.7823,4122,17325,21.85507246,Private
18509-3206,Scranton,PA,Lackawanna College,2,2,2,2,13,NULL,1405,12755,22.7258733,Private
18042-1768,Easton,PA,Lafayette College,3,3,2,2,21,0.2975,2471,27378,19.34968017,Private
16509-1025,Erie,PA,Lake Erie College of Osteopathic Medicine,3,4,2,2,12,NULL,NULL,29112,NULL,Private
17601-5036,Lancaster,PA,Lancaster Bible College,3,4,2,2,21,0.5946,1336,12028,32.43698469,Private
17584,Willow Street,PA,Lancaster County Career and Technology Center,1,2,1,2,21,NULL,462,4933,27.82511924,Public
17602,Lancaster,PA,Lancaster School of Cosmetology,1,1,3,2,21,NULL,230,13658,28.17886179,Private
17603-2897,Lancaster,PA,Lancaster Theological Seminary,3,4,2,2,13,NULL,NULL,6829,NULL,Private
19454-4114,North Wales,PA,Lansdale School of Business,2,2,3,2,21,NULL,344,10280,30.6996997,Private
19446-2003,Lansdale,PA,Lansdale School of Cosmetology Inc,1,1,3,2,21,NULL,65,5379,24.95238095,Private
15401,Uniontown,PA,Laurel Business Institute,2,2,3,2,23,0.9391,233,10477,24.73964497,Private
16146,Sharon,PA,Laurel Technical Institute,2,2,3,2,21,0.8164,157,10798,26.01538462,Private
17042,Lebanon,PA,Lebanon County Area Vocational Technical School,1,1,1,2,23,NULL,209,1841,30.83035714,Public
17003-1400,Annville,PA,Lebanon Valley College,3,4,2,2,23,0.7055,1627,18136,19.91755319,Private
18078-2598,Schnecksville,PA,Lehigh Carbon Community College,2,2,1,2,21,NULL,5906,4232,24.9028072,Public
18015,Bethlehem,PA,Lehigh University,3,4,2,2,13,0.3427,5034,26103,19.37304848,Private
16226,Ford City,PA,Lenape Technical School Practical Nursing Program,1,1,1,2,32,NULL,157,4733,27.98395722,Public
19054,Levittown,PA,Levittown Beauty Academy,1,1,3,2,21,NULL,82,6927,25.81081081,Private
19352-0999,Lincoln University,PA,Lincoln University,3,4,1,2,21,0.2716,1576,9581,22.46040724,Public
17745-2390,Lock Haven,PA,Lock Haven University,3,4,1,2,32,0.9339,4448,6927,20.64790468,Public
17325-1795,Gettysburg,PA,Lutheran Theological Seminary at Gettysburg,NULL,4,2,2,13,NULL,NULL,5272,NULL,Private
19119-1794,Philadelphia,PA,Lutheran Theological Seminary at Philadelphia,NULL,4,2,2,11,NULL,NULL,8413,NULL,Private
18634-3899,Nanticoke,PA,Luzerne County Community College,2,2,1,2,21,NULL,5566,5432,24.8069361,Public
17701-5192,Williamsport,PA,Lycoming College,3,3,2,2,13,0.7222,1340,13518,19.58625731,Private
19046-3399,Jenkintown,PA,Manor College,2,2,2,2,21,0.5376,749,14959,23.53761756,Private
16933,Mansfield,PA,Mansfield University of Pennsylvania,3,4,1,2,32,0.907,2518,6375,20.91630901,Public
18509-1598,Scranton,PA,Marywood University,3,4,2,2,13,0.7418,1878,15219,21.30393199,Private
17901,Pottsville,PA,McCann School of Business & Technology,2,2,3,2,32,NULL,3346,12238,28.22852483,Private
16137,Mercer,PA,Mercer County Career Center,1,1,1,2,41,NULL,39,4196,28.78461539,Public
15219-5166,Pittsburgh,PA,Mercy Hospital School of Nursing,1,1,2,2,11,0.8889,160,14110,25.49285714,Private
16546,Erie,PA,Mercyhurst University,3,4,2,2,12,0.8034,2539,13905,22.07633974,Private
17055,Mechanicsburg,PA,Messiah College,3,4,2,2,21,0.7998,2713,17157,19.73959342,Private
18106,Allentown,PA,Metro Beauty Academy,1,1,3,2,21,NULL,200,12166,25.08856089,Private
19110,Philadelphia,PA,Metropolitan Career Center Computer Technology Institute,2,2,2,2,11,0.5909,28,19877,32.2244898,Private
17044-1697,Lewistown,PA,Mifflin County Academy of Science and Technology,1,1,1,2,32,0.7647,56,3140,29.3880597,Public
17551-0302,Millersville,PA,Millersville University of Pennsylvania,3,4,1,2,21,0.6871,7070,7616,21.44289376,Public
18612-1098,Dallas,PA,Misericordia University,3,4,2,2,21,0.7146,2407,16200,23.64700997,Private
19422-0796,Blue Bell,PA,Montgomery County Community College,2,2,1,2,21,NULL,10968,4526,24.70748763,Public
19103-1179,Philadelphia,PA,Moore College of Art and Design,3,4,2,2,11,0.5862,412,23751,21.46606335,Private
18018-6650,Bethlehem,PA,Moravian College,3,4,2,2,13,0.862,1564,17587,20.71632896,Private
16630-1999,Cresson,PA,Mount Aloysius College,2,4,2,2,31,0.7398,1565,14262,22.9247413,Private
18104,Allentown,PA,Muhlenberg College,3,3,2,2,12,0.528,2332,22612,21.40079894,Private
19116,Philadelphia,PA,National Massage Therapy Institute,1,2,3,2,11,NULL,138,13050,30.29122807,Private
19014-1298,Aston,PA,Neumann University,3,4,2,2,21,0.9404,2464,18006,22.89441469,Private
16101,New Castle,PA,New Castle School of Trades,1,2,3,2,41,1,825,10075,28.06774809,Private
18020-7599,Bethlehem,PA,Northampton County Area Community College,2,2,1,2,21,NULL,9963,4225,24.28340292,Public
19134,Philadelphia,PA,Northeastern Hospital School of Nursing,1,1,2,2,11,NULL,70,15619,29.41025641,Private
18848-9731,Towanda,PA,Northern Tier Career Center,1,1,1,2,41,0.5882,35,7642,27.25,Public
16508-2820,Erie,PA,Northwest Regional Technology Institute,1,1,3,2,12,NULL,18,9518,34.5,Private
19114-1014,Philadelphia,PA,Orleans Technical Institute,1,2,2,2,11,0.5348,332,12595,28.99641577,Private
19102-4699,Philadelphia,PA,Peirce College,3,3,2,2,11,NULL,1743,15115,30.16521739,Private
15301-6822,Washington,PA,Penn Commercial Business/Technical School,1,2,3,2,21,0.8866,335,5925,26.03992016,Private
19007,Bristol,PA,Pennco Tech-Bristol,1,2,3,2,21,NULL,500,15192,27.06060606,Private
15904-1499,Johnstown,PA,Pennsylvania Academy of Cosmetology Arts and Sciences-Johnstown,1,1,3,2,23,NULL,24,6960,23.328125,Private
19102-1510,Philadelphia,PA,Pennsylvania Academy of the Fine Arts,3,4,2,2,11,0.9811,169,22261,24.26436782,Private
17608-0059,Lancaster,PA,Pennsylvania College of Art and Design,3,3,2,2,13,0.4229,200,21378,20.7398374,Private
17602,Lancaster,PA,Pennsylvania College of Health Sciences,2,3,2,2,13,0.4229,1415,14333,26.89330025,Private
17701-5799,Williamsport,PA,Pennsylvania College of Technology,2,3,1,2,13,NULL,5565,16354,21.8852984,Public
15202-2637,Pittsburgh,PA,Pennsylvania Gunsmith School,1,1,3,2,21,NULL,70,6070,25.69230769,Private
15904-2949,Johnstown,PA,Pennsylvania Highlands Community College,2,2,1,2,23,NULL,1257,5227,24.35754641,Public
15931-4106,Ebensburg,PA,Pennsylvania Institute of Taxidermy Inc,1,1,3,2,41,NULL,12,18196,23.85714286,Private
19063-4098,Media,PA,Pennsylvania Institute of Technology,1,2,2,2,21,NULL,661,10213,25.72047971,Private
16802-1503,University Park,PA,Pennsylvania State University-Main Campus,3,4,1,2,13,0.5029,39958,24219,21.70130834,Public
16802-1503,University Park,PA,Pennsylvania State University-World Campus,3,4,1,2,41,0.5808,5736,5773,21.70130834,Public
19131,Philadelphia,PA,Philadelphia College of Osteopathic Medicine,3,4,2,2,11,NULL,NULL,34269,28.80697051,Private
19138-1324,Philadelphia,PA,Philadelphia Technician Training,NULL,1,2,2,11,NULL,60,6713,30.02930403,Private
19144-5497,Philadelphia,PA,Philadelphia University,3,4,2,2,11,0.6394,2885,19934,23.32176871,Private
19095,Wyncote,PA,PITC Institute,1,1,3,2,21,NULL,224,9772,31.9520202,Private
15219-1907,Pittsburgh,PA,Pittsburgh Career Institute,2,2,3,2,11,NULL,114,20014,26.41212121,Private
15122,West Mifflin,PA,Pittsburgh Institute of Aeronautics,1,2,2,2,21,NULL,382,17427,23.96247241,Private
15206-3706,Pittsburgh,PA,Pittsburgh Institute of Mortuary Science Inc,2,2,2,2,11,0.6446,217,7401,29.35858586,Private
15071,Oakdale,PA,Pittsburgh Technical Institute,2,2,3,2,41,0.8532,2034,9975,23.5973236,Private
15206-2596,Pittsburgh,PA,Pittsburgh Theological Seminary,3,4,2,2,11,NULL,NULL,2195,NULL,Private
15136,McKees Rocks,PA,Pittsburgh's Ohio Valley Hospital School of Nursing,1,1,2,2,21,NULL,56,426,29.96226415,Private
15222-1984,Pittsburgh,PA,Point Park University,3,4,2,2,11,0.7074,3100,17108,22.95073892,Private
16335,Meadville,PA,Precision Manufacturing Institute,1,1,2,2,32,NULL,57,20327,30.68041237,Private
19152,Philadelphia,PA,Prism Career Institute-Philadelphia,1,1,3,2,11,0.8097,396,12508,28.52137643,Private
19082,Upper Darby,PA,Prism Career Institute-Upper Darby,1,2,3,2,21,NULL,411,32135,26.09570957,Private
19335,Downington,PA,Pulse Beauty Academy-A Paul Mitchell Partner School,1,1,3,2,21,NULL,162,12118,22.69411765,Private
19603-1706,Reading,PA,Reading Area Community College,2,2,1,2,13,NULL,3672,5654,26.15697311,Public
19611,Reading,PA,Reading Hospital School of Health Sciences,1,1,2,2,13,0.2456,345,7522,26.78571429,Private
19095-1898,Wyncote,PA,Reconstructionist Rabbinical College,NULL,4,2,2,21,NULL,NULL,17510,NULL,Private
15208-2594,Pittsburgh,PA,Reformed Presbyterian Theological Seminary,3,4,2,2,11,NULL,2,4663,PrivacySuppressed,Private
15108-1189,Moon Township,PA,Robert Morris University,3,4,2,2,21,0.762,4546,17137,22.14023457,Private
15205-9791,Pittsburgh,PA,Rosedale Technical College,2,2,2,2,21,NULL,440,7468,25.55304348,Private
19010-1699,Rosemont,PA,Rosemont College,3,4,2,2,21,0.5788,516,13889,21.97239264,Private
19128,Philadelphia,PA,Roxborough Memorial Hospital School of Nursing,1,1,3,2,11,NULL,143,13820,28.576,Private
19096,Wynnewood,PA,Saint Charles Borromeo Seminary-Overbrook,3,4,2,2,21,1,73,14503,21.76190476,Private
15940,Loretto,PA,Saint Francis University,3,4,2,2,31,0.6872,1932,13596,21.22288439,Private
19131-1395,Philadelphia,PA,Saint Joseph's University,3,4,2,2,11,0.8465,5378,23780,21.39937759,Private
15650-2690,Latrobe,PA,Saint Vincent College,3,4,2,2,21,0.7192,1564,12522,19.80145279,Private
15650-2690,Latrobe,PA,Saint Vincent Seminary,3,4,2,2,21,NULL,NULL,18763,19.80145279,Private
19027-6262,Elkins Park,PA,Salus University,3,4,2,2,21,NULL,NULL,20651,24.81538462,Private
17931,Frackville,PA,Schuylkill Technology Center,1,1,1,2,41,NULL,84,5861,30.64044944,Public
15601,Greensburg,PA,Seton Hill University,3,4,2,2,21,0.6913,1569,14235,21.81272509,Private
16146,Sharon,PA,Sharon Regional Health System School of Nursing,1,1,2,2,21,NULL,42,7485,29.95348837,Private
17257-2299,Shippensburg,PA,Shippensburg University of Pennsylvania,3,4,1,2,31,0.8313,6246,7315,20.45545759,Public
16057-1383,Slippery Rock,PA,Slippery Rock University of Pennsylvania,3,4,1,2,32,0.6597,7529,7048,20.83108108,Public
15501,Somerset,PA,Somerset County Technology Center,1,1,1,2,41,NULL,80,7089,30.4537037,Public
15216,Pittsburgh,PA,South Hills Beauty Academy Inc,1,1,3,2,21,NULL,99,15252,26.96774194,Private
16801-4516,State College,PA,South Hills School of Business & Technology,2,2,3,2,13,0.9157,628,9549,25.36349925,Private
18015,Bethlehem,PA,St Lukes Hospital School of Nursing,1,1,2,2,21,NULL,103,3921,28.20809249,Private
15238-3250,Pittsburgh,PA,St Margaret School of Nursing,1,1,2,2,21,0.8512,203,8827,27.0448718,Private
18360-1720,Stroudsburg,PA,Stroudsburg School of Cosmetology,1,1,3,2,23,NULL,45,10176,24.77777778,Private
18411-1250,Clarks Summit,PA,Summit University of Pennsylvania,3,4,2,2,21,0.8649,570,10033,24.3286119,Private
18816-0100,Dimock,PA,Susquehanna County Career and Technology Center,1,1,1,2,42,NULL,65,17371,29.375,Public
17870-1025,Selinsgrove,PA,Susquehanna University,3,3,2,2,32,0.782,2022,18030,19.4616999,Private
19081,Swarthmore,PA,Swarthmore College,3,3,2,2,21,0.1702,1530,27431,19.35869565,Private
19131,Philadelphia,PA,Talmudical Yeshiva of Philadelphia,3,3,2,2,11,0.75,120,12334,19,Private
19122-6096,Philadelphia,PA,Temple University,3,4,1,2,11,0.6173,27669,20016,21.68276263,Public
17602-3198,Lancaster,PA,Thaddeus Stevens College of Technology,2,2,1,2,13,0.2383,891,4996,21.41546527,Public
19103-5198,Philadelphia,PA,The Art Institute of Philadelphia,3,3,3,2,11,NULL,1953,15887,23.82120582,Private
15219-1328,Pittsburgh,PA,The Art Institute of Pittsburgh,2,3,3,2,11,NULL,1279,14110,28.71472255,Private
15222-4332,Pittsburgh,PA,The Art Institute of Pittsburgh-Online Division,2,3,3,2,11,NULL,9374,10851,28.71472255,Private
17402-9012,York,PA,The Art Institutes of York-PA,3,3,3,2,22,NULL,368,15128,21.48763251,Private
18510,Scranton,PA,The Commonwealth Medical College,NULL,4,2,2,13,NULL,NULL,44096,NULL,Private
19104,Philadelphia,PA,The Restaurant School at Walnut Hill College,2,3,3,2,11,0.8746,396,32258,22.18232044,Private
16601-2419,Altoona,PA,The Salon Professional Academy-Altoona,1,1,3,2,23,NULL,43,7580,22.93333333,Private
19102-4901,Philadelphia,PA,The University of the Arts,3,4,2,2,11,0.6954,1726,20918,20.18872267,Private
16125-2181,Greenville,PA,Thiel College,3,3,2,2,31,0.6949,1025,13022,19.8017094,Private
19107,Philadelphia,PA,Thomas Jefferson University,3,4,2,2,11,NULL,705,33544,26.92131148,Private
18109-1629,Allentown,PA,Toni & Guy Hairdressing Academy-Allentown,1,1,3,2,12,NULL,43,8951,27.19047619,Private
19002,Ambler,PA,Toni & Guy Hairdressing Academy-Ambler,1,1,3,2,21,NULL,115,9902,24.99719888,Private
15840-3333,Falls Creek,PA,Triangle Tech Inc-Dubois,2,2,3,2,33,NULL,147,14245,24.04558405,Private
16502-2594,Erie,PA,Triangle Tech Inc-Erie,2,2,3,2,12,NULL,46,11809,23.6,Private
15601-3304,Greensburg,PA,Triangle Tech Inc-Greensburg,2,2,3,2,21,NULL,186,15114,25.6175,Private
15214-3897,Pittsburgh,PA,Triangle Tech Inc-Pittsburgh,2,2,3,2,11,NULL,226,14181,25.65830721,Private
15003-2397,Ambridge,PA,Trinity Episcopal School for Ministry,3,4,2,2,21,NULL,NULL,2976,NULL,Private
19104-6303,Philadelphia,PA,University of Pennsylvania,3,4,2,2,11,0.1037,10678,34560,20.88562092,Private
15232,Pittsburgh,PA,University of Pittsburgh Medical Center-Shadyside School of Nursing,1,1,2,2,11,0.871,265,10791,26.48754448,Private
15260,Pittsburgh,PA,University of Pittsburgh-Pittsburgh Campus,3,4,1,2,11,0.5312,18474,16728,20.48314372,Public
18510-4629,Scranton,PA,University of Scranton,3,4,2,2,13,0.7726,3909,20816,19.70478558,Private
19104-4495,Philadelphia,PA,University of the Sciences,3,4,2,2,11,0.5788,1626,22797,19.61954887,Private
19460-2373,Phoenixville,PA,University of Valley Forge,3,4,2,2,21,0.9304,711,13406,21.65065502,Private
19426-1000,Collegeville,PA,Ursinus College,3,3,2,2,21,0.8316,1656,20530,19.40441177,Private
19087-3695,Wayne,PA,Valley Forge Military College,2,2,2,2,21,0.9673,322,28816,19.97484277,Private
16301,Oil City,PA,Venango County Area Vocational Technical School,1,1,1,2,33,0.8409,64,4932,28.85585586,Public
19079,Sharon Hill,PA,Venus Beauty Academy,1,1,3,2,21,NULL,105,9583,24.19565217,Private
15222-3400,Pittsburgh,PA,Vet Tech Institute,2,2,3,2,11,NULL,372,13106,22.40938166,Private
19085-1699,Villanova,PA,Villanova University,3,4,2,2,21,0.4933,6895,26473,20.68371112,Private
15301,Washington,PA,Washington & Jefferson College,3,3,2,2,21,0.4165,1323,21989,19.48165869,Private
15301,Washington,PA,Washington Hospital School of Nursing,1,1,2,2,21,NULL,68,1824,26.80392157,Private
15370-1257,Waynesburg,PA,Waynesburg University,3,4,2,2,32,0.8356,1501,12351,21.27272727,Private
18109-3253,Allentown,PA,Welder Training and Testing Institute,1,1,3,2,12,NULL,90,8941,28.1965812,Private
19383,West Chester,PA,West Chester University of Pennsylvania,3,4,1,2,21,0.5348,13610,8975,21.27659223,Public
15317,Canonsburg,PA,Western Area Career & Technology Center,1,1,1,2,41,0.7105,76,2159,29.46280992,Public
15224,Pittsburgh,PA,Western Pennsylvania Hospital School of Nursing,1,1,2,2,11,0.3913,117,6826,25.48979592,Private
16172,New Wilmington,PA,Westminster College,3,4,2,2,31,0.9366,1142,12104,19.57815443,Private
19038,Glenside,PA,Westminster Theological Seminary,3,4,2,2,21,NULL,NULL,7467,NULL,Private
15697-1895,Youngwood,PA,Westmoreland County Community College,2,2,1,2,41,NULL,5086,2870,24.60252556,Public
19013-5792,Chester,PA,Widener University-Main Campus,3,4,2,2,21,0.6501,3144,21470,21.36048527,Private
18766,Wilkes-Barre,PA,Wilkes University,3,4,2,2,13,0.7863,2316,15692,20.73433962,Private
18705-0699,Wilkes Barre,PA,Wilkes-Barre Area Career and Technical Center Practical Nursing,1,1,1,2,21,0.5889,116,5621,27.36051502,Public
17201-1285,Chambersburg,PA,Wilson College,3,4,2,2,13,0.3128,516,11662,24.67846608,Private
19038-4535,Glenside,PA,Won Institute of Graduate Studies,NULL,4,2,2,21,NULL,NULL,10744,NULL,Private
18505,Scranton,PA,Yeshivath Beth Moshe,3,3,2,2,13,NULL,55,19448,19.125,Private
17403-3651,York,PA,York College Pennsylvania,3,4,2,2,22,0.4549,4720,13702,20.29276164,Private
17402-4696,York,PA,York County School of Technology-Adult & Continuing Education,1,1,1,2,22,NULL,236,9769,29.65277778,Public
17404,York,PA,Yorktowne Business Institute,2,2,3,2,22,NULL,105,11073,26.31034483,Private
16602,Altoona,PA,YTI Career Institute-Altoona,1,2,3,2,13,NULL,334,10296,26.91216216,Private
17402,York,PA,YTI Career Institute-York,2,2,3,2,22,NULL,1677,12780,25.43291258,Private
00717-1568,Ponce,PR,Academia Serrant Inc,1,1,3,9,12,NULL,355,3644,26.20572917,Private
961,Bayamon,PR,Advance Tech College,1,1,3,9,21,NULL,5,4381,26.79545455,Private
961,Bayamon,PR,American Educational College,1,1,3,9,21,NULL,669,253,24.83092486,Private
00957-0000,Bayamon,PR,American Technical Institute,1,1,3,9,21,NULL,35,5909,27.74603175,Private
00960-2037,Bayamon,PR,American University of Puerto Rico,3,4,2,9,21,NULL,742,592,21.73990148,Private
909,San Juan,PR,Antilles School of Technical Careers,1,1,3,9,11,NULL,545,4778,26.31075697,Private
674,Manati,PR,Atenas College,1,3,2,9,21,NULL,1363,4676,22.23542771,Private
970,Guaynabo,PR,Atlantic University College,3,4,2,9,13,NULL,1425,2466,20.73792395,Private
957,Bayamon,PR,Automeca Technical College-Bayamon,1,1,3,9,21,NULL,687,6619,24.06558013,Private
959,Bayamon,PR,Bayamon Community College,1,1,3,9,21,NULL,207,5994,30.29118136,Private
918,San Juan,PR,Cambridge Technical Institute,1,1,3,9,11,0.821,145,5213,28.1,Private
960,Bayamon,PR,Carib Technological Institute,1,1,3,9,21,NULL,60,7136,21.63192905,Private
00925-2901,Rio Piedras,PR,Caribbean Forensic and Technical College,1,1,3,9,11,NULL,120,3294,30.13013699,Private
00960-0493,Bayamon,PR,Caribbean University-Bayamon,3,4,2,9,21,NULL,1613,13328,22.45707831,Private
00902-3711,San Juan,PR,Carlos Albizu University-San Juan,3,4,2,9,11,1,108,8158,28,Private
901,San Juan,PR,Center for Advanced Studies On Puerto Rico and the Caribbean,NULL,4,2,9,11,NULL,NULL,7952,NULL,Private
00926-1931,San Juan,PR,Centro de Estudios Multidisciplinarios-San Juan,2,3,3,9,11,NULL,892,4700,24.05799436,Private
907,San Juan,PR,Century College,1,1,3,9,11,NULL,259,284,26.2173913,Private
603,Aguadilla,PR,Charlie's Guard-Detective Bureau and Academy Inc,1,1,3,9,13,NULL,62,3462,26.67515924,Private
961,Bayamon,PR,Colegio de CinematografÃ­a Artes y Television,1,2,3,9,21,NULL,900,11,23.58724203,Private
612,Arecibo,PR,Colegio Educativo Tecnologico Industrial Inc,1,1,2,9,13,NULL,181,26,27.85759494,Private
00714-0270,Arroyo,PR,Colegio Mayor de Tecnologia Inc,1,1,3,9,23,NULL,120,3995,23.90884719,Private
602,Aguada,PR,Colegio Tecnico de Electricidad Galloza,1,1,3,9,21,NULL,66,5990,29.9122807,Private
00602-0960,Aguada,PR,Colegio Tecnologico y Comercial de Puerto Rico,1,1,3,9,21,NULL,123,5896,25.28703704,Private
918,San Juan,PR,Colegio Universitario de San Juan,2,3,1,9,11,0.9187,1405,477,24.35960591,Public
726,Caguas,PR,Columbia Central University-Caguas,2,4,3,9,13,NULL,1750,7864,23.7816865,Private
00910-9538,Hato Rey,PR,Dewey University-Hato Rey,1,1,2,9,11,NULL,41,745,25.69151964,Private
910,Hato Rey,PR,Dewey University-Hato Rey,1,4,2,9,11,NULL,1305,49,25.69151964,Private
794,Barranquitas,PR,D'Mart Institute,1,1,3,9,21,0.8182,1541,6196,23.78105096,Private
00725-0000,Caguas,PR,EDIC College,1,2,3,9,13,0.7979,1148,6054,24.18237206,Private
00919-2303,San Juan,PR,EDP Univeristy of Puerto Rico Inc-San Juan,2,4,2,9,11,0.7634,1462,6907,26.88196577,Private
959,Bayamon,PR,Educational Technical College-Recinto de Bayamon,1,1,3,9,21,NULL,497,10031,25.65997131,Private
795,Juana Diaz,PR,Emma's Beauty Academy-Juana Diaz,1,1,3,9,23,NULL,391,7046,22.91546763,Private
680,Mayaguez,PR,Emma's Beauty Academy-Mayaguez,1,1,3,9,13,NULL,388,5604,22.09921671,Private
00902-1112,San Juan,PR,Escuela de Artes Plasticas y Diseno de Puerto Rico,3,3,1,9,11,0.9273,555,2148,20.71806167,Public
662,Isabela,PR,Escuela de Peritos Electricistas de Isabela Inc,1,1,3,9,13,NULL,107,3069,28.33333333,Private
917,Hato Rey,PR,Escuela Hotelera de San Juan,1,1,3,9,11,NULL,938,7927,24.62624585,Private
00730-4875,Ponce,PR,Escuela Tecnica de Electricidad,1,1,3,9,12,NULL,469,6493,27.88357588,Private
00725-6485,Caguas,PR,Global Institute,1,1,3,9,13,NULL,34,5678,24.21428571,Private
00693-0000,Vega Baja,PR,Globelle Technical Institute,1,1,3,9,21,NULL,108,5881,22.77464789,Private
778,Gurabo,PR,Hispanic American College,1,1,3,9,21,NULL,482,5669,26.35824742,Private
725,Caguas,PR,Huertas College,2,2,3,9,13,NULL,1184,5010,24.61178862,Private
792,Humacao,PR,Humacao Community College,2,3,2,9,21,NULL,639,3905,24.51526032,Private
00919-0304,Hato Rey,PR,ICPR Junior College-General Institutional,1,2,3,9,11,NULL,688,971,25.69184527,Private
791,Humacao,PR,Industrial Technical College,1,1,3,9,21,NULL,193,398,26.23529412,Private
680,Mayaguez,PR,Institucion Chaviano de Mayaguez,1,1,3,9,13,NULL,38,4692,27.3,Private
613,Arecibo,PR,Institute of Beauty Careers,1,1,3,9,13,NULL,152,4571,23.55753425,Private
676,Moca,PR,Institute of Beauty Occupation and Technology Course,1,1,3,9,21,NULL,43,3518,24.27181208,Private
00966-2309,Guaynabo,PR,Instituto de Banca y Comercio Inc,1,2,3,9,13,NULL,19014,1308,25.42668131,Private
00674-0000,Manati,PR,Instituto de Educacion Tecnica Ocupacional La Reine-Manati,1,1,3,9,21,NULL,307,4828,24.47206166,Private
730,Ponce,PR,Instituto Educativo Premier,1,1,3,9,12,NULL,152,6834,24.40108893,Private
919,San Juan,PR,Inter American University of Puerto Rico-Metro,3,4,2,9,11,0.2249,6747,6128,21.62792201,Private
00918-3325,San Juan,PR,International Technical College,1,1,3,9,11,NULL,112,905,27.0942029,Private
00725-0000,Caguas,PR,IVAEM College,1,1,3,9,13,NULL,124,8059,24.22543353,Private
961,Bayamon,PR,Leston College,1,1,3,9,21,NULL,172,3830,24.45142857,Private
737,Cayey,PR,Liberty Technical College,1,1,3,9,21,NULL,147,5388,25.71378092,Private
917,San Juan,PR,Liceo de Arte y Tecnologia,1,1,3,9,11,NULL,1604,1779,25.50663298,Private
725,Caguas,PR,Liceo de Arte-Dise-O y Comercio,1,1,3,9,13,NULL,279,4503,25.67590988,Private
00907-3917,Santurce,PR,MBTI Business Training Institute,1,1,3,9,11,NULL,3872,1673,26.71015237,Private
00725-0000,Caguas,PR,Mech-Tech College,1,2,3,9,13,NULL,3101,4949,23.32397351,Private
612,Arecibo,PR,Modern Hairstyling Institute-Arecibo,1,1,3,9,13,0.8889,43,5254,22.575,Private
961,Bayamon,PR,Modern Hairstyling Institute-Bayamon,1,1,3,9,21,1,231,4877,22.24119718,Private
980,Carolina,PR,Modern Hairstyling Institute-Carolina,1,1,3,9,12,1,222,5606,22.35387324,Private
00745-0000,Rio Grande,PR,Monteclaro Escuela de Hoteleria y Artes Culinarias,1,1,2,9,21,0.3077,4,1836,19.18181818,Private
754,San Lorenzo,PR,MyrAngel Beauty Institute,1,1,3,9,21,NULL,108,4044,24.97844828,Private
960,Bayamon,PR,National University College-Bayamon,2,4,3,9,21,0.8981,4983,245,26.75543532,Private
960,Bayamon,PR,Nova College de Puerto Rico,1,1,3,9,11,NULL,229,5903,27.424,Private
00716-2901,Ponce,PR,Ponce Paramedical College Inc,1,2,3,9,12,NULL,2607,1019,23.84612448,Private
732,Ponce,PR,Ponce School of Medicine and Health Sciences,3,4,2,9,12,NULL,NULL,19537,NULL,Private
00717-9997,Ponce,PR,Pontifical Catholic University of Puerto Rico-Ponce,3,4,2,9,12,0.7356,5730,5019,21.21983211,Private
674,Manati,PR,Professional Electrical School Inc,1,1,3,9,21,NULL,50,6018,26.67032967,Private
959,Bayamon,PR,Professional Technical Institution Inc,1,1,3,9,21,NULL,325,373,27.00167785,Private
00907-3373,San Juan,PR,Puerto Rico Conservatory of Music,3,4,1,9,11,0.6923,414,4879,20.43870968,Public
961,Bayamon,PR,Quality Technical and Beauty College,1,1,3,9,21,NULL,114,5681,24.22051282,Private
602,Aguada,PR,Rosslyn Training Academy of Cosmetology,1,1,3,9,21,NULL,37,172,27.24590164,Private
791,Humacao,PR,Ryder Memorial School for Practical Nursing,1,1,2,9,21,NULL,14,493,22.96153846,Private
00725-4968,Caguas,PR,San Juan Bautista School of Medicine,3,4,2,9,13,1,38,18608,26.07407407,Private
925,San Juan,PR,Seminario Evangelico de Puerto Rico,NULL,4,2,9,11,NULL,NULL,5596,NULL,Private
00716-1111,Ponce,PR,Trinity College of Puerto Rico,1,1,2,9,12,NULL,131,4050,25.2979798,Private
603,Aguadilla,PR,Universal Technology College of Puerto Rico,1,3,2,9,21,NULL,412,3722,25.55649419,Private
00680-0000,Mayaguez,PR,Universidad Adventista de las Antillas,3,4,2,9,22,0.8405,1223,6017,22.03212851,Private
00960-1725,BayamÃ³n,PR,Universidad Central de Bayamon,3,4,2,9,21,0.5042,1794,7739,22.39628483,Private
00960-6032,Bayamon,PR,Universidad Central Del Caribe,1,4,2,9,21,0.4444,140,19891,23,Private
00985-0985,Carolina,PR,Universidad Del Este,3,4,2,9,12,NULL,12198,6635,23.91475287,Private
907,Santurce,PR,Universidad del Sagrado Corazon,3,4,2,9,11,0.2809,4596,7531,24.47441629,Private
00778-3030,Gurabo,PR,Universidad Del Turabo,3,4,2,9,21,NULL,14596,6652,23.99560874,Private
00926-2602,San Juan,PR,Universidad Metropolitana,3,4,2,9,11,NULL,11529,6174,24.14110273,Private
928,Rio Piedras,PR,Universidad Pentecostal Mizpa,3,4,2,9,11,NULL,340,5604,38.1943128,Private
919,Hato Rey,PR,Universidad Politecnica de Puerto Rico,3,4,2,9,11,NULL,3759,7158,23.33180026,Private
00978-0901,Trujillo Alto,PR,Universidad Teologica del Caribe,3,3,2,9,21,NULL,199,618,36.98039216,Private
00604-6150,Ramey,PR,University of Puerto Rico-Aguadilla,3,3,1,9,21,0.9047,2849,587,19.72287491,Public
00614-4010,Arecibo,PR,University of Puerto Rico-Arecibo,3,3,1,9,13,0.788,3729,424,19.5319622,Public
959,Bayamon,PR,University of Puerto Rico-Bayamon,3,3,1,9,21,0.2591,4823,737,19.65837892,Public
00984-4800,Carolina,PR,University of Puerto Rico-Carolina,3,3,1,9,12,0.7854,3721,1161,19.91936312,Public
00737-2230,Cayey,PR,University of Puerto Rico-Cayey,3,3,1,9,21,0.8262,3686,668,19.48992356,Public
792,Humacao,PR,University of Puerto Rico-Humacao,3,3,1,9,21,0.4853,3497,495,19.48368522,Public
681,Mayaguez,PR,University of Puerto Rico-Mayaguez,3,4,1,9,13,0.7603,10914,736,19.63777908,Public
00936-5067,San Juan,PR,University of Puerto Rico-Medical Sciences,3,4,1,9,11,NULL,453,3758,22.89552239,Public
00716-9996,Ponce,PR,University of Puerto Rico-Ponce,3,3,1,9,12,0.7365,3230,339,19.52644997,Public
00931-0000,San Juan,PR,University of Puerto Rico-Rio Piedras,3,4,1,9,11,0.2817,12086,1253,20.09695631,Public
641,Utuado,PR,University of Puerto Rico-Utuado,2,3,1,9,41,0.3988,1345,599,19.39045764,Public
603,Aguadilla,PR,Xtreme Career Institute,1,1,3,9,13,NULL,119,796,26.84722222,Private
96940,Koror,PW,Palau Community College,2,2,1,9,-3,NULL,602,5325,22.71428571,Public
2912,Providence,RI,Brown University,3,4,2,1,12,0.0874,6264,30816,19.36647955,Private
02917-1291,Smithfield,RI,Bryant University,3,4,2,1,21,0.7508,3302,24035,19.74365274,Private
02886-1807,Warwick,RI,Community College of Rhode Island,2,2,1,1,13,NULL,16644,2947,24.3232754,Public
2840,Newport,RI,International Yacht Restoration School,1,1,2,1,21,0.8067,85,13317,26.39473684,Private
2903,Providence,RI,Johnson & Wales University-Online,3,3,2,1,12,NULL,143,3527,21.03313403,Private
02903-3703,Providence,RI,Johnson & Wales University-Providence,3,4,2,1,12,0.8115,8846,14467,21.03313403,Private
02818-1205,East Greenwich,RI,New England Institute of Technology,2,4,2,1,21,NULL,2841,16865,24.68008785,Private
2860,Pawtucket,RI,New England Tractor Trailer Training School of Rhode Island,1,1,3,1,21,NULL,135,13777,32.60082945,Private
2860,Pawtucket,RI,Newport School of Hairdressing-Main Campus,1,1,3,1,21,NULL,39,6867,32.27027027,Private
02918-0001,Providence,RI,Providence College,3,4,2,1,12,0.6306,3936,24528,20.18258212,Private
2908,Providence,RI,Rhode Island College,3,4,1,1,21,0.6545,7271,6297,22.45246914,Public
02903-2784,Providence,RI,Rhode Island School of Design,3,4,2,1,12,0.3259,2014,36379,20.40589569,Private
02809-2921,Bristol,RI,Roger Williams University,3,4,2,1,21,0.7794,4600,20789,20.51573716,Private
02840-4192,Newport,RI,Salve Regina University,3,4,2,1,21,0.7099,2081,18905,19.84845251,Private
2904,North Providence,RI,St Joseph School of Nursing,1,1,2,1,21,NULL,114,11585,28.52702703,Private
2920,Cranston,RI,Toni & Guy Hairdressing Academy-Cranston,1,1,3,1,21,NULL,159,9392,22.83105023,Private
2881,Kingston,RI,University of Rhode Island,3,4,1,1,21,0.7681,13205,12695,20.15632889,Public
29574-6009,Mullins,SC,Academy for Careers and Technology,1,1,1,5,41,NULL,39,4559,33.88571429,Public
29615-2363,Greenville,SC,Academy of Hair Technology,1,1,3,5,21,NULL,77,6715,28.14414414,Private
29801,Aiken,SC,Aiken School of Cosmetology,1,1,3,5,21,NULL,37,9249,25.85185185,Private
29829,Graniteville,SC,Aiken Technical College,1,2,1,5,41,NULL,2270,3082,26.22133169,Public
29204,Columbia,SC,Allen University,3,3,2,5,12,NULL,660,9347,21.01067616,Private
29621-4035,Anderson,SC,Anderson University,3,4,2,5,13,0.7152,2500,12871,22.7447496,Private
29204-1086,Columbia,SC,Benedict College,3,3,2,5,12,NULL,2444,10181,20.59870968,Private
29614-0001,Greenville,SC,Bob Jones University,3,4,3,5,13,0.8101,2553,10190,19.90441932,Private
29150-2499,Sumter,SC,Central Carolina Technical College,1,2,1,5,13,NULL,3400,2435,26.9818057,Public
29406-9235,North Charleston,SC,Centura College-North Charleston,1,1,3,5,13,NULL,121,9093,29.69829684,Private
29420,Charleston,SC,Charleston Cosmetology Institute,1,1,3,5,21,NULL,95,9233,29.33333333,Private
29403,Charleston,SC,Charleston School of Law,3,4,3,5,12,NULL,NULL,36857,NULL,Private
29406-9121,Charleston,SC,Charleston Southern University,3,4,2,5,13,0.5866,2949,11984,22.64528509,Private
29649,Greenwood,SC,Charzanne Beauty College,1,1,3,5,32,NULL,58,307,26.625,Private
29409,Charleston,SC,Citadel Military College of South Carolina,3,4,1,5,12,0.7554,2688,10986,21.48554913,Public
29115-4498,Orangeburg,SC,Claflin University,3,4,2,5,32,0.4377,1779,10439,21.88713911,Private
29634,Clemson,SC,Clemson University,3,4,1,5,21,0.5152,17083,14109,20.45166707,Public
29730,Rock Hill,SC,Clinton College,2,3,2,5,13,NULL,194,4109,24.37696335,Private
29526,Conway,SC,Coastal Carolina University,3,4,1,5,13,0.636,9058,11646,20.83591213,Public
29550,Hartsville,SC,Coker College,3,4,2,5,32,0.509,1138,11592,24.25841184,Private
29424-0001,Charleston,SC,College of Charleston,3,4,1,5,12,0.7802,10069,12765,21.12168208,Public
29203,Columbia,SC,Columbia College,3,4,2,5,12,0.7905,1117,11916,29.17861482,Private
29203-1513,Columbia,SC,Columbia International University,3,4,2,5,12,0.3322,552,10344,23.22988506,Private
29302-0006,Spartanburg,SC,Converse College,3,4,2,5,13,0.5348,822,8503,20.85947047,Private
29488-4216,Walterboro,SC,Cosmetic Arts Institute,1,1,3,5,32,NULL,44,14743,28.66071429,Private
29042,Denmark,SC,Denmark Technical College,1,2,1,5,41,NULL,1668,1084,27.21142285,Public
29639,Due West,SC,Erskine College,3,4,2,5,42,0.6057,587,9095,19.72886297,Private
29501,Florence,SC,Florence-Darlington Technical College,2,2,1,5,23,NULL,6165,2573,26.40896159,Public
29624-2405,Anderson,SC,Forrest College,2,2,3,5,13,NULL,111,9421,28.92771084,Private
29506,Florence,SC,Francis Marion University,3,4,1,5,23,0.5911,3249,5787,21.00601093,Public
29613-6162,Greenville,SC,Furman University,3,4,2,5,21,0.6871,2796,22158,20.35528331,Private
29606,Greenville,SC,Greenville Technical College,1,2,1,5,13,NULL,11186,3086,25.44438531,Public
29526,Conway,SC,Horry-Georgetown Technical College,2,2,1,5,13,NULL,6533,3352,25.95657066,Public
29560-9337,LAKE CITY,SC,Jolei's Hair Institute,1,1,3,5,32,NULL,30,3251,30.58333333,Private
29210,Columbia,SC,Kenneth Shuler School of Cosmetology and Nails-Columbia,1,1,3,5,21,NULL,95,9652,26.6384083,Private
29841,North Augusta,SC,Kenneth Shuler School of Cosmetology-North Augusta,1,1,3,5,21,NULL,129,10752,26.09911894,Private
29730,Rock Hill,SC,Kenneth Shuler School of Cosmetology-Rock Hill,1,1,3,5,13,NULL,127,9239,24.96153846,Private
29649-2099,Greenwood,SC,Lander University,3,4,1,5,32,0.5778,2670,5622,20.22942462,Public
29020,Camden,SC,LeGrand Institute of Cosmetology Inc,1,1,3,5,31,NULL,30,4818,24.80555556,Private
29203-5898,Columbia,SC,Lenoir-Rhyne University-Lutheran Theological Southern Seminary,3,4,2,5,12,NULL,NULL,13013,NULL,Private
29340-3799,Gaffney,SC,Limestone College,3,4,2,5,31,0.52,3039,11408,27.6950048,Private
29425,Charleston,SC,Medical University of South Carolina,3,4,1,5,12,NULL,293,16332,26.79054917,Public
29170-2176,West Columbia,SC,Midlands Technical College,2,2,1,5,21,NULL,10979,3938,24.73596615,Public
29150-3599,Sumter,SC,Morris College,3,3,2,5,13,NULL,780,10840,21.10287443,Private
29108,Newberry,SC,Newberry College,3,3,2,5,32,0.5675,1076,11014,20.73365231,Private
29688-1892,Tigerville,SC,North Greenville University,3,4,2,5,41,0.5946,2183,6921,21.30046083,Private
29520,Cheraw,SC,Northeastern Technical College,1,2,1,5,41,NULL,1000,675,24.53497942,Public
29118-8299,Orangeburg,SC,Orangeburg Calhoun Technical College,2,2,1,5,41,NULL,2343,2243,24.84010417,Public
29307-1424,Spartanburg,SC,Palmetto Beauty School,1,1,3,5,13,NULL,58,7731,26.25490196,Private
29646,Greenwood,SC,Piedmont Technical College,2,2,1,5,32,NULL,4912,2150,26.34254631,Public
29325,Clinton,SC,Presbyterian College,3,4,2,5,32,0.5372,1032,15681,19.67447917,Private
29607-2548,Greenville,SC,Salon 496 Barber Academy,1,1,3,5,13,NULL,22,4611,31.28571429,Private
29316,Spartanburg,SC,Sherman College of Straight Chiropractic,3,4,2,5,22,NULL,NULL,22653,35.31578947,Private
29117-0001,Orangeburg,SC,South Carolina State University,3,4,1,5,32,0.8454,2753,9450,20.78285714,Public
29406,North Charleston,SC,Southeastern Institute-Charleston,1,1,3,5,13,0.7206,160,14075,28.40559441,Private
29210,Columbia,SC,Southeastern Institute-Columbia,1,1,3,5,12,0.7714,173,10830,31.20334262,Private
29630-1020,Central,SC,Southern Wesleyan University,3,4,2,5,21,0.6314,1366,12201,28.19339045,Private
29303,Spartanburg,SC,Spartanburg Community College,2,2,1,5,22,NULL,4694,3040,24.64002351,Public
29301-5899,Spartanburg,SC,Spartanburg Methodist College,2,2,2,5,22,0.6563,790,8452,19.62440758,Private
29572,Myrtle Beach,SC,Strand College of Hair Design,1,1,3,5,13,NULL,67,11610,27.575,Private
29730,Rock Hill,SC,Styletrends Barber and Hairstyling Academy,1,1,3,5,13,NULL,45,9649,28.87931035,Private
29150-2871,Sumter,SC,Sumter Beauty College,1,1,3,5,13,NULL,24,8018,27.06060606,Private
29901-1288,Beaufort,SC,Technical College of the Lowcountry,1,2,1,5,32,NULL,2244,2720,27.03644225,Public
29670,Pendleton,SC,Tri-County Technical College,2,2,1,5,21,NULL,5581,3239,23.3071181,Public
29423-8067,Charleston,SC,Trident Technical College,1,2,1,5,13,NULL,14201,3603,26.75723376,Public
29801,Aiken,SC,University of South Carolina-Aiken,3,4,1,5,21,0.6546,3023,5480,22.34028606,Public
29909,Bluffton,SC,University of South Carolina-Beaufort,3,3,1,5,31,0.5724,1790,6769,22.27772686,Public
29208,Columbia,SC,University of South Carolina-Columbia,3,4,1,5,12,0.652,24623,10577,20.68107913,Public
29810,Allendale,SC,University of South Carolina-Salkehatchie,2,2,1,5,41,0.5339,723,2067,24.21279213,Public
29150-2498,Sumter,SC,University of South Carolina-Sumter,2,2,1,5,13,0.5759,729,2435,22.49536178,Public
29379,Union,SC,University of South Carolina-Union,2,2,1,5,32,0.7116,294,2227,25.3012987,Public
29303-4999,Spartanburg,SC,University of South Carolina-Upstate,3,4,1,5,22,0.4682,5056,5584,23.38865202,Public
29042,Denmark,SC,Voorhees College,3,3,2,5,41,0.5004,468,8211,20.68421053,Private
29556-4197,Kingstree,SC,Williamsburg Technical College,2,2,1,5,32,NULL,664,846,26.23130841,Public
29733,Rock Hill,SC,Winthrop University,3,4,1,5,13,0.7118,4653,8451,20.70521739,Public
29303-3663,Spartanburg,SC,Wofford College,3,3,2,5,13,0.7739,1654,15800,19.42745098,Private
29730,Rock Hill,SC,York Technical College,2,2,1,5,13,NULL,4747,2658,25.57303687,Public
57197-0001,Sioux Falls,SD,Augustana University,3,4,2,4,12,0.6129,1619,12544,20.17073171,Private
57117-5045,Sioux Falls,SD,Avera McKennan Hospital School of Radiologic Technology,1,1,2,4,12,NULL,20,1900,PrivacySuppressed,Private
57078-3899,Yankton,SD,Avera Sacred Heart Hospital,1,1,2,4,33,NULL,18,624,NULL,Private
57701,Rapid City,SD,Black Hills Beauty College,1,1,3,4,13,NULL,109,4049,23.5131579,Private
57799-9500,Spearfish,SD,Black Hills State University,3,4,1,4,32,0.941,2910,6137,22.88615385,Public
57042-1799,Madison,SD,Dakota State University,3,4,1,4,32,0.842,1770,7158,23.68761384,Public
57301-4398,Mitchell,SD,Dakota Wesleyan University,3,4,2,4,33,0.7343,765,9594,22.09535452,Private
57701,Rapid City,SD,Headlines Academy Inc,1,1,3,4,13,NULL,69,7274,26.98449612,Private
57103-7020,Sioux Falls,SD,Kilian Community College,2,2,2,4,12,NULL,191,6998,27.74264706,Private
57201-0730,Watertown,SD,Lake Area Technical Institute,2,2,1,4,33,NULL,1615,2528,22.12267658,Public
57301,Mitchell,SD,Mitchell Technical Institute,2,2,1,4,41,NULL,1111,5632,22.33482643,Public
57078-3724,Yankton,SD,Mount Marty College,3,4,2,4,33,0.7236,634,9908,22.76829268,Private
57701-2823,Rapid City,SD,National American University-Rapid City,2,3,3,4,13,NULL,1474,13411,33.06960724,Private
57401-7198,Aberdeen,SD,Northern State University,3,4,1,4,33,0.8289,1693,5162,21.76046025,Public
57752-0490,Kyle,SD,Oglala Lakota College,2,4,1,4,43,NULL,1315,2345,25.4784264,Public
57401-1280,Aberdeen,SD,Presentation College,3,3,2,4,33,0.5695,705,14077,25.04705882,Private
57117-5039,Sioux Falls,SD,Sanford Medical Center,1,1,2,4,12,NULL,24,875,22.64285714,Private
57555-0105,Mission,SD,Sinte Gleska University,2,4,2,4,43,NULL,575,2741,26.28700906,Private
57105,Sioux Falls,SD,Sioux Falls Seminary,3,4,2,4,12,NULL,NULL,11909,PrivacySuppressed,Private
57262,Sisseton,SD,Sisseton Wahpeton College,2,2,1,4,43,NULL,150,3358,27.83478261,Public
57701-3995,Rapid City,SD,South Dakota School of Mines and Technology,3,4,1,4,13,0.8802,2336,8909,20.77601586,Public
57007-1898,Brookings,SD,South Dakota State University,3,4,1,4,33,0.9201,10003,7493,21.23584513,Public
57107-1301,Sioux Falls,SD,Southeast Technical Institute,2,2,1,4,41,NULL,2218,5103,24.36761603,Public
57104,Sioux Falls,SD,Stewart School,1,1,3,4,12,NULL,116,5345,22.5433526,Private
57105-1699,Sioux Falls,SD,University of Sioux Falls,3,4,2,4,12,0.9724,1082,10931,23.078125,Private
57069-2390,Vermillion,SD,University of South Dakota,3,4,1,4,32,0.8882,6331,7037,22.20958269,Public
57703-4018,Rapid City,SD,Western Dakota Technical Institute,2,2,1,4,41,NULL,809,5848,25.86353945,Public
37207-9980,Nashville,TN,American Baptist College,3,3,2,5,11,NULL,157,11034,34.55555556,Private
37205,Nashville,TN,Aquinas College,2,4,2,5,11,0.6104,406,13690,27,Private
38358,Milan,TN,Arnolds Beauty School,1,1,3,5,32,NULL,66,9032,23.16091954,Private
37044,Clarksville,TN,Austin Peay State University,3,4,1,5,12,0.8927,9003,5850,23.95353577,Public
38104,Memphis,TN,Baptist Memorial College of Health Sciences,3,3,2,5,11,0.5373,1169,12827,26.85190409,Private
37212-3757,Nashville,TN,Belmont University,3,4,2,5,11,0.8272,5778,22886,20.81885988,Private
38201,McKenzie,TN,Bethel University,3,4,2,5,32,0.5742,4638,8685,30.84418262,Private
37217-5318,Nashville,TN,Brightwood College-Nashville,1,2,3,5,11,NULL,368,8708,27.70699136,Private
37321,Dayton,TN,Bryan College-Dayton,3,4,2,5,32,0.4842,1124,8695,26.64945227,Private
37160,Shelbyville,TN,Buchanan Beauty College,1,1,3,5,32,NULL,17,3932,24.90476191,Private
38464,Lawrenceburg,TN,Career Beauty College,1,1,3,5,32,NULL,28,5128,23.92307692,Private
37760,Jefferson City,TN,Carson-Newman University,3,4,2,5,23,0.624,1701,13234,20.45052632,Private
37415,Chattanooga,TN,Chattanooga College Medical Dental and Technical Careers,2,2,3,5,12,NULL,347,11351,28.93556701,Private
37406-1097,Chattanooga,TN,Chattanooga State Community College,2,2,1,5,12,NULL,7575,3598,25.27518466,Public
38104,Memphis,TN,Christian Brothers University,3,4,2,5,11,0.4971,1292,12812,23.85692542,Private
37312,Cleveland,TN,Cleveland State Community College,1,2,1,5,13,1,2734,2469,25.11620217,Public
38401,Columbia,TN,Columbia State Community College,2,2,1,5,32,NULL,4129,2921,24.24679135,Public
38137-0132,Memphis,TN,Concorde Career College-Memphis,1,2,3,5,11,1,1310,12344,26.12609859,Private
37087,Lebanon,TN,Cumberland University,3,4,2,5,31,0.4642,1167,9184,25.87267525,Private
37214,Nashville,TN,Daymar Institute-Nashville,2,3,3,5,11,NULL,89,19098,28.58475784,Private
38024-2411,Dyersburg,TN,Dyersburg State Community College,2,2,1,5,32,NULL,2001,2342,24.37485172,Public
37614,Johnson City,TN,East Tennessee State University,3,4,1,5,13,0.9174,11162,7690,22.9612388,Public
38351,Lexington,TN,Elite College of Cosmetology,1,1,3,5,32,NULL,72,2888,26.06410256,Private
37601-9989,Johnson City,TN,Emmanuel Christian Seminary,3,4,2,5,22,NULL,NULL,5340,NULL,Private
37334-0135,Fayetteville,TN,Fayetteville College of Cosmetology Arts and Sciences,1,1,3,5,32,NULL,62,5513,25.18032787,Private
37208-4501,Nashville,TN,Fisk University,3,4,2,5,11,0.8345,721,11089,19.89583333,Private
38501-4305,Cookeville,TN,Fortis Institute-Cookeville,1,2,3,5,33,NULL,226,8822,27.89466484,Private
37932,Knoxville,TN,Fountainhead College of Technology,2,3,3,5,12,NULL,123,16016,30.06896552,Private
37312-3862,Cleveland,TN,Franklin Academy,1,1,2,5,13,NULL,58,8066,26.56382979,Private
38340-2399,Henderson,TN,Freed-Hardeman University,3,4,2,5,32,0.9339,1310,10319,20.2968254,Private
38501-1907,Cookeville,TN,Genesis Career College-Cookeville,1,1,3,5,33,NULL,422,19,26.96021948,Private
37087,Lebanon,TN,Genesis Career College-Lebanon,1,1,3,5,31,NULL,202,43,25.47039474,Private
37354-4001,Madisonville,TN,Hiwassee College,2,3,2,5,41,0.4575,257,7997,21.09465021,Private
38310,Adamsville,TN,Institute of Hair Design,1,1,3,5,42,NULL,33,7506,25.44897959,Private
37209,Nashville,TN,International Barber & Style College,1,1,3,5,11,NULL,100,11907,30.18222222,Private
38301-3797,Jackson,TN,Jackson State Community College,2,2,1,5,13,NULL,3243,2664,23.49494506,Public
37601,Johnson City,TN,Jenny Lea Academy of Cosmetology,1,1,3,5,13,NULL,117,6315,27.79497908,Private
37203-2954,Nashville,TN,John A Gupton College,2,2,2,5,11,NULL,129,9361,28.02272727,Private
37998,Knoxville,TN,Johnson University,3,4,2,5,41,0.5637,886,7333,23.05548217,Private
37620-2699,Bristol,TN,King University,3,4,2,5,13,0.5668,2344,9653,30.63027806,Private
37917-6312,Knoxville,TN,Knoxville Institute of Hair Design,1,1,3,5,12,NULL,48,7476,28.91489362,Private
38301-4598,Jackson,TN,Lane College,3,3,2,5,13,0.4327,1262,9188,20.95233266,Private
38126-6595,Memphis,TN,Le Moyne-Owen College,3,3,2,5,11,0.5215,989,9992,23.47058824,Private
37311,Cleveland,TN,Lee University,3,4,2,5,13,0.8905,4117,9839,24.04899292,Private
37752-9900,Harrogate,TN,Lincoln Memorial University,3,4,2,5,32,0.7437,1622,19297,25.12665406,Private
37204-3951,Nashville,TN,Lipscomb University,3,4,2,5,11,0.5558,2875,18048,23.50572957,Private
37355,Manchester,TN,Love Beauty School Inc,1,1,3,5,32,NULL,25,19472,26.20212766,Private
38478-2799,Pulaski,TN,Martin Methodist College,3,3,2,5,32,NULL,1087,9818,22.08134642,Private
37804-5907,Maryville,TN,Maryville College,3,3,2,5,21,0.7083,1213,12304,20.44576523,Private
37208,Nashville,TN,Meharry Medical College,3,4,2,5,11,NULL,NULL,34663,PrivacySuppressed,Private
38104-2764,Memphis,TN,Memphis College of Art,3,4,2,5,11,0.3806,365,15911,20.56722689,Private
38107,Memphis,TN,Memphis Institute of Barbering,1,1,3,5,11,NULL,147,6446,27.23282443,Private
38104-4395,Memphis,TN,Memphis Theological Seminary,3,4,2,5,11,NULL,NULL,11845,NULL,Private
37218,Nashville,TN,Meridian Institute of Surgical Assisting,1,1,3,5,11,NULL,383,9545,35.61363636,Private
37115,Madison,TN,Middle Tennessee School of Anesthesia Inc,NULL,4,2,5,11,NULL,NULL,17190,NULL,Private
37132,Murfreesboro,TN,Middle Tennessee State University,3,4,1,5,12,0.7206,19928,6180,22.42831133,Public
38118-3151,Memphis,TN,Mid-South Christian College,3,3,2,5,11,NULL,21,2191,PrivacySuppressed,Private
37040,Clarksville,TN,Miller-Motte Technical College-Clarksville,1,2,3,5,12,NULL,404,11745,29.71156662,Private
37682,Milligan College,TN,Milligan College,3,4,2,5,22,0.6241,880,13610,22.61111111,Private
37214-1012,Nashville,TN,Mind Body Institute,NULL,1,3,5,11,NULL,37,10909,30.84615385,Private
37388,Tullahoma,TN,Motlow College,2,2,1,5,41,NULL,3822,3210,22.59596977,Public
38501,Cookeville,TN,Mr Wayne's School of Unisex Hair Design,1,1,3,5,33,NULL,44,7738,24.52631579,Private
37115,Madison,TN,Nashville Barber and Style Academy,1,1,3,5,11,NULL,37,7693,31.23611111,Private
37115-2120,Madison,TN,Nashville College of Medical Careers,1,1,3,5,11,NULL,141,3647,27.53515625,Private
37209-4515,Nashville,TN,Nashville State Community College,1,2,1,5,11,NULL,8309,2855,26.41860128,Public
37211,Nashville,TN,National College-Nashville,2,2,3,5,11,NULL,512,6959,30.90974359,Private
37311,Cleveland,TN,New Concepts School of Cosmetology,1,1,3,5,13,NULL,101,2242,26.18666667,Private
37042,Clarksville,TN,North Central Institute,1,2,3,5,12,NULL,102,11705,28.15517241,Private
37617-0246,Blountville,TN,Northeast State Community College,2,2,1,5,41,NULL,4988,2044,24.91537424,Public
37115,Madison,TN,Nossi College of Art,2,3,3,5,11,0.4891,261,6672,24.68393782,Private
37064,Franklin,TN,O'More College of Design,3,3,2,5,13,0.5234,169,17618,23.38554217,Private
37321-6736,Dayton,TN,Oxford Graduate School,NULL,4,2,5,41,NULL,NULL,6359,NULL,Private
37919,Knoxville,TN,Paul Mitchell the School-Knoxville,1,1,3,5,12,NULL,148,10034,24.47916667,Private
38133,Bartlett,TN,Paul Mitchell the School-Memphis,1,1,3,5,11,NULL,133,7483,24.01843318,Private
37013,Antioch,TN,Paul Mitchell the School-Nashville,1,1,3,5,11,NULL,91,10512,24.89066667,Private
37933-0990,Knoxville,TN,Pellissippi State Community College,2,2,1,5,21,NULL,8131,3107,24.11668036,Public
37320-3330,Cleveland,TN,Pentecostal Theological Seminary,3,4,2,5,13,NULL,NULL,6610,PrivacySuppressed,Private
38117-4822,Memphis,TN,Plaza Beauty School,1,1,3,5,11,NULL,136,9100,24.52222222,Private
37042,Clarksville,TN,Queen City College,1,1,3,5,12,NULL,119,6850,29.5320197,Private
38112-1690,Memphis,TN,Rhodes College,3,4,2,5,11,0.5999,2007,18787,19.464,Private
37404,Chattanooga,TN,Richmont Graduate University,3,4,2,5,12,NULL,NULL,13424,NULL,Private
37748,Harriman,TN,Roane State Community College,2,2,1,5,32,0.9873,4626,2790,24.70954087,Public
37203,Nashville,TN,SAE Institute of Technology-Nashville,1,2,3,5,11,NULL,143,12287,25.56359649,Private
37383-1000,Sewanee,TN,Sewanee-The University of the South,3,4,2,5,42,0.647,1616,21477,19.51963049,Private
38555,Crossville,TN,Shear Academy,1,1,3,5,33,NULL,28,6615,28.82608696,Private
37909-0000,Knoxville,TN,South College,3,4,3,5,12,NULL,695,23219,28.50711514,Private
37315-0370,Collegedale,TN,Southern Adventist University,3,4,2,5,21,NULL,2603,15274,21.43043043,Private
38104-2211,Memphis,TN,Southern College of Optometry,3,4,2,5,11,NULL,NULL,28482,24.53456221,Private
38103,Memphis,TN,Southwest Tennessee Community College,2,2,1,5,11,1,9601,2851,24.08221066,Public
38375,Selmer,TN,Styles and Profiles Beauty College,1,1,3,5,32,NULL,31,3706,27.18421053,Private
38125,Memphis,TN,Tennessee Academy of Cosmetology-Shelby Drive,1,1,3,5,11,NULL,96,6305,26.93048128,Private
38133,Memphis,TN,Tennessee Academy of Cosmetology-Stage Road,1,1,3,5,11,NULL,95,7910,27.41818182,Private
38401,Columbia,TN,Tennessee Career Institute,1,1,3,5,32,NULL,90,6895,27.16363636,Private
37209-4515,Nashville,TN,Tennessee College of Applied Technology Nashville,1,1,1,5,11,NULL,804,2513,28.74722838,Public
37371-0848,Athens,TN,Tennessee College of Applied Technology-Athens,1,1,1,5,32,NULL,237,746,26.82377049,Public
38019,Covington,TN,Tennessee College of Applied Technology-Covington,1,1,1,5,32,NULL,244,1468,28.80416667,Public
38555,Crossville,TN,Tennessee College of Applied Technology-Crossville,1,1,1,5,33,NULL,315,629,27.70093458,Public
38327,Crump,TN,Tennessee College of Applied Technology-Crump,1,1,1,5,33,NULL,214,796,28.55749129,Public
37055,Dickson,TN,Tennessee College of Applied Technology-Dickson,1,1,1,5,32,NULL,430,2569,28.27678571,Public
37643,Elizabethton,TN,Tennessee College of Applied Technology-Elizabethton,1,1,1,5,41,NULL,475,749,29.51190476,Public
37748-5849,Harriman,TN,Tennessee College of Applied Technology-Harriman,1,1,1,5,32,NULL,216,432,27.82043344,Public
37074-2028,Hartsville,TN,Tennessee College of Applied Technology-Hartsville,1,1,1,5,42,NULL,274,421,26.74285714,Public
38462-2201,Hohenwald,TN,Tennessee College of Applied Technology-Hohenwald,1,1,1,5,41,NULL,353,655,26.05013928,Public
37757,Jacksboro,TN,Tennessee College of Applied Technology-Jacksboro,1,1,1,5,32,NULL,260,400,26.94262295,Public
38301,Jackson,TN,Tennessee College of Applied Technology-Jackson,1,1,1,5,41,NULL,383,814,27.65019011,Public
37919,Knoxville,TN,Tennessee College of Applied Technology-Knoxville,1,1,1,5,12,NULL,1300,765,28.97163121,Public
38570,Livingston,TN,Tennessee College of Applied Technology-Livingston,1,1,1,5,33,NULL,299,866,25.69030733,Public
38201,McKenzie,TN,Tennessee College of Applied Technology-McKenzie,1,1,1,5,32,NULL,151,936,27.7751004,Public
37110,McMinnville,TN,Tennessee College of Applied Technology-McMinnville,1,1,1,5,32,NULL,181,723,27.59919028,Public
38105-3604,Memphis,TN,Tennessee College of Applied Technology-Memphis,1,1,1,5,11,NULL,1051,2547,27.74836296,Public
37813-2094,Morristown,TN,Tennessee College of Applied Technology-Morristown,1,1,1,5,13,NULL,579,804,27.20987654,Public
37129-3311,Murfreesboro,TN,Tennessee College of Applied Technology-Murfreesboro,1,1,1,5,12,NULL,361,823,28.06865672,Public
38059,Newbern,TN,Tennessee College of Applied Technology-Newbern,1,1,1,5,41,NULL,276,725,27.62578616,Public
37756-4149,Huntsville,TN,Tennessee College of Applied Technology-Oneida-Huntsville,1,1,1,5,32,NULL,157,2617,25.92975207,Public
38242,Paris,TN,Tennessee College of Applied Technology-Paris,1,1,1,5,33,NULL,309,808,28.3875502,Public
38478-0614,Pulaski,TN,Tennessee College of Applied Technology-Pulaski,1,1,1,5,32,NULL,202,914,27.67557252,Public
38063,Ripley,TN,Tennessee College of Applied Technology-Ripley,1,1,1,5,32,NULL,95,206,28.37988827,Public
37160-3629,Shelbyville,TN,Tennessee College of Applied Technology-Shelbyville,1,1,1,5,32,NULL,468,996,27.1741573,Public
38075-0489,Whiteville,TN,Tennessee College of Applied Technology-Whiteville,1,1,1,5,42,NULL,194,976,26.94295302,Public
37921,Knoxville,TN,Tennessee School of Beauty of Knoxville Inc,1,1,3,5,12,NULL,195,8925,24.71146245,Private
37209-1561,Nashville,TN,Tennessee State University,3,4,1,5,11,NULL,6968,6968,22.88563327,Public
38505-0001,Cookeville,TN,Tennessee Technological University,3,4,1,5,33,0.9441,10039,5681,21.50556117,Public
37303,Athens,TN,Tennessee Wesleyan College,3,4,2,5,32,0.6667,981,10510,24.45846154,Private
38117,Memphis,TN,The Center for Cosmetology Education,1,1,3,5,11,NULL,51,8369,24.80952381,Private
37214-2163,Nashville,TN,The Salon Professional Academy-Nashville,1,1,3,5,11,NULL,49,8973,22.54054054,Private
37403-2598,Chattanooga,TN,The University of Tennessee-Chattanooga,3,4,1,5,12,0.7728,10213,5325,21.56721956,Public
37996,Knoxville,TN,The University of Tennessee-Knoxville,3,4,1,5,12,0.7483,21396,10788,21.33886104,Public
38238-0002,Martin,TN,The University of Tennessee-Martin,3,4,1,5,33,0.7334,6387,4800,22.08276567,Public
37210,Nashville,TN,Trevecca Nazarene University,3,4,2,5,11,0.7308,1609,12431,26.94553377,Private
37743,Greeneville,TN,Tusculum College,3,4,2,5,32,0.7194,1746,9177,23.84926884,Private
38305-3697,Jackson,TN,Union University,3,4,2,5,13,0.6858,2441,11153,26.81158168,Private
38152,Memphis,TN,University of Memphis,3,4,1,5,11,0.474,16093,7951,23.1091224,Public
37240,Nashville,TN,Vanderbilt University,3,4,2,5,11,0.1309,6818,22708,19.73195876,Private
38107-2538,Memphis,TN,Vibe Barber College,NULL,1,3,5,11,NULL,60,1266,28.29166667,Private
38103,Memphis,TN,Visible Music College,3,3,2,5,11,0.2398,112,31193,22.05194805,Private
38024-1604,Dyersburg,TN,Volunteer Beauty Academy-Dyersburg,1,1,3,5,32,NULL,57,6312,24.51648352,Private
37115-2122,Madison,TN,Volunteer Beauty Academy-Madison,1,1,3,5,11,NULL,27,7289,28.3,Private
37209-3033,Nashville,TN,Volunteer Beauty Academy-Nashville,1,1,3,5,11,NULL,45,6036,26.71212121,Private
37066-3188,Gallatin,TN,Volunteer State Community College,2,2,1,5,21,NULL,6049,3197,24.73645034,Public
37813-6899,Morristown,TN,Walters State Community College,1,2,1,5,13,NULL,4536,2791,23.15535714,Public
37228,Nashville,TN,Watkins College of Art Design & Film,3,3,2,5,11,0.2636,288,19226,21.50326797,Private
37205-0117,Nashville,TN,Welch College,3,3,2,5,11,NULL,277,9632,22.33128834,Private
38301,Jackson,TN,West Tennessee Business College,1,2,3,5,13,NULL,211,13407,27.52813853,Private
38104-7240,Memphis,TN,William Moore College of Technology,1,2,2,5,11,NULL,249,3818,26.69662921,Private
37067,Franklin,TN,Williamson Christian College,3,3,2,5,13,NULL,62,9021,24.8,Private
75042,Garland,TX,ABC Beauty Academy,1,1,3,6,21,NULL,30,5638,35.19402985,Private
79699,Abilene,TX,Abilene Christian University,3,4,2,6,12,0.5047,3572,13974,19.95241243,Private
77701-4650,Beaumont,TX,Academy of Hair Design-Beaumont,1,1,3,6,12,NULL,77,6418,28.31168831,Private
75904,Lufkin,TX,Academy of Hair Design-Lufkin,1,1,3,6,33,NULL,96,2350,26.41,Private
78596,Weslaco,TX,Advanced Barber College and Hair Design,1,1,3,6,21,NULL,242,1055,25.18894009,Private
75038,Irving,TX,Advanced Beauty College,1,1,3,6,12,NULL,58,3153,32.04081633,Private
78250-3227,San Antonio,TX,Alamo City Barber College,NULL,1,3,6,11,NULL,113,5947,26.9,Private
77511-4898,Alvin,TX,Alvin Community College,2,2,1,6,21,NULL,4682,2556,25.39659575,Public
79109,Amarillo,TX,Amarillo College,2,2,1,6,12,NULL,9346,2391,24.85337915,Public
77063-4104,Houston,TX,American College of Acupuncture and Oriental Med,3,4,3,6,11,NULL,NULL,9010,NULL,Private
77587-3714,South Houston,TX,American National College,1,1,3,6,21,NULL,25,33765,28.752,Private
77069-4611,Houston,TX,American National College,1,1,3,6,11,NULL,64,19459,28.5984252,Private
75902-1768,Lufkin,TX,Angelina College,1,2,1,6,33,NULL,3825,1487,24.00241449,Public
76909,San Angelo,TX,Angelo State University,3,4,1,6,13,0.8244,5290,6349,21.38360402,Public
78745,Austin,TX,AOMA Graduate School of Integrative Medicine,3,4,3,6,11,NULL,NULL,12410,NULL,Private
76012-3425,Arlington,TX,Arlington Baptist College,3,4,2,6,11,NULL,214,8831,23.74285714,Private
75050,Grand Prairie,TX,Arlington Career Institute,1,1,3,6,21,NULL,204,8472,30.72789116,Private
76006-2317,Arlington,TX,Arlington Medical Institute,1,1,3,6,11,NULL,65,8413,27.82666667,Private
77054,Houston,TX,Astrodome Career Centers,1,1,3,6,11,NULL,41,9442,25.38317757,Private
78752,Austin,TX,Auguste Escoffier School of Culinary Arts-Austin,1,1,3,6,11,NULL,294,13490,26.42070485,Private
75090-4400,Sherman,TX,Austin College,3,4,2,6,13,0.5438,1272,15854,19.76141079,Private
78752,Austin,TX,Austin Community College District,2,2,1,6,11,NULL,32581,2362,25.23257457,Public
78752,Austin,TX,Austin Graduate School of Theology,3,4,2,6,11,NULL,17,8031,39.61538462,Private
78705-5711,Austin,TX,Austin Presbyterian Theological Seminary,3,4,2,6,11,NULL,NULL,2325,PrivacySuppressed,Private
78259-2792,San Antonio,TX,Aveda Institute-San Antonio,1,1,3,6,11,NULL,285,8656,24.53676471,Private
78757,Austin,TX,Avenue Five Institute,1,1,3,6,11,NULL,236,10487,27.09152542,Private
75061,Irving,TX,Aviation Institute of Maintenance-Dallas,1,1,3,6,12,NULL,359,13336,28.79545455,Private
77061,Houston,TX,Aviation Institute of Maintenance-Houston,1,1,3,6,11,NULL,236,13896,27.36206897,Private
75243-7039,Dallas,TX,Bakke Graduate University,NULL,4,2,6,11,NULL,NULL,9878,NULL,Private
78704-4785,Austin,TX,Baldwin Beauty School-South Austin,1,1,3,6,11,NULL,69,7585,25.675,Private
78229,San Antonio,TX,Baptist Health System School of Health Professions,2,2,3,6,11,NULL,500,12507,30.1884058,Private
75766-5407,Jacksonville,TX,Baptist Missionary Association Theological Seminary,3,4,2,6,41,1,54,4113,37.84848485,Private
78224-1336,San Antonio,TX,Baptist University of the Americas,3,3,2,6,11,NULL,168,3558,27.15384615,Private
75602-3456,Longview,TX,Barber Institute of Texas,NULL,1,3,6,13,NULL,10,9705,29.95348837,Private
77030-3498,Houston,TX,Baylor College of Medicine,3,4,2,6,11,NULL,NULL,10242,PrivacySuppressed,Private
76798,Waco,TX,Baylor University,3,4,2,6,12,0.5536,13801,20309,19.97308986,Private
77833-4098,Brenham,TX,Blinn College,2,2,1,6,32,NULL,17095,3113,21.19551433,Public
77566-3199,Lake Jackson,TX,Brazosport College,2,3,1,6,23,NULL,3164,3773,24.76579521,Public
75234,Dallas,TX,Brightwood College-Dallas,1,2,3,6,11,NULL,435,5677,25.90154712,Private
79907,El Paso,TX,Brightwood College-El Paso,1,2,3,6,11,NULL,566,8560,25.65580569,Private
77073,Houston,TX,Brightwood College-Houston,1,1,3,6,11,NULL,334,8768,27.59428061,Private
78238,San Antonio,TX,Brightwood College-San Antonio-Ingram,1,2,3,6,11,NULL,535,8821,26.34493927,Private
78216-1899,San Antonio,TX,Brightwood College-San Antonio-San Pedro,1,2,3,6,11,NULL,574,10074,25.15041963,Private
76129,Fort Worth,TX,Brite Divinity School,3,4,2,6,11,NULL,NULL,5488,21.00169779,Private
75244-4997,Farmers Branch,TX,Brookhaven College,2,2,1,6,21,NULL,10160,1529,26.40785781,Public
75217-1775,Dallas,TX,Buckner Barber School,1,1,3,6,11,NULL,26,6080,26.4,Private
75247,Dallas,TX,Cannon Institute of Higher Learning,1,1,3,6,11,NULL,12,18993,PrivacySuppressed,Private
77099,Houston,TX,Cardiotech Ultrasound School,1,1,3,6,11,0.3256,43,2526,31.05555556,Private
78201,San Antonio,TX,Career Point College,1,3,3,6,21,NULL,529,15959,29.79122601,Private
76011,Arlington,TX,CCI Training Center-Arlington,1,1,3,6,11,NULL,209,10321,34.39338235,Private
75134-3799,Lancaster,TX,Cedar Valley College,1,2,1,6,41,NULL,5962,860,27.84618169,Public
77042-1912,Houston,TX,Center for Advanced Legal Studies,2,4,3,6,11,0.5,200,11888,35.10689655,Private
78664-4604,Round Rock,TX,Central Texas Beauty College-Round Rock,1,1,3,6,13,NULL,78,5897,27.83629893,Private
76549-4199,Killeen,TX,Central Texas College,2,2,1,6,12,NULL,14409,3072,27.97582803,Public
77068,Houston,TX,Champion Beauty College,1,1,3,6,21,NULL,52,6667,30.04651163,Private
77802,Bryan,TX,Charles and Sues School of Hair Design,1,1,3,6,13,NULL,19,13246,23,Private
76437,Cisco,TX,Cisco College,1,2,1,6,41,NULL,3480,702,23.99168399,Public
79226,Clarendon,TX,Clarendon College,1,2,1,6,43,NULL,1394,1911,24.59529703,Public
78102,Beeville,TX,Coastal Bend College,1,2,1,6,32,NULL,3213,1769,23.06716819,Public
77036-3211,Houston,TX,College of Biblical Studies-Houston,3,3,2,6,11,NULL,482,6941,39.64150943,Private
77092,Houston,TX,College of Health Care Professions-Northwest,1,2,3,6,11,NULL,1172,6516,28.42080745,Private
77591-2499,Texas City,TX,College of the Mainland,2,2,1,6,22,NULL,3858,1471,26.20503049,Public
75069,McKinney,TX,Collin County Community College District,2,2,1,6,22,NULL,24532,1471,25.80448997,Public
77090-5918,Houston,TX,Commonwealth Institute of Funeral Service,2,2,2,6,21,NULL,228,5747,31.47826087,Private
75052-3831,Grand Prairie,TX,Concorde Career College-Grand Prairie,1,2,3,6,21,1,987,12200,28.33518225,Private
78726,Austin,TX,Concordia University-Texas,3,4,2,6,11,0.8529,1525,14210,26.63129103,Private
78028-4312,Kerrville,TX,Conlee's College of Cosmetology,1,1,3,6,33,NULL,70,8836,25.44736842,Private
75503,Texarkana,TX,Cosmetology Academy of Texarkana,1,1,3,6,13,NULL,89,2678,25.92592593,Private
75006,Carrollton,TX,Cosmetology Career Center LLC,1,1,3,6,21,NULL,248,11361,24.10596616,Private
75402,Greenville,TX,Cosmetology Career Institute,1,1,3,6,32,NULL,98,4078,25.90960452,Private
75247,Dallas,TX,Court Reporting Institute of Dallas,2,2,3,6,11,NULL,38,7296,34.79432624,Private
79407,Lubbock,TX,Covenant School of Nursing and Allied Health,1,1,2,6,12,0.5,327,5239,28.78995434,Private
75246-1537,Dallas,TX,Criswell College,3,4,2,6,11,1,253,8478,28.18691589,Private
77022-4322,Houston,TX,Culinary Institute Inc,2,2,3,6,11,NULL,424,11577,28.74940334,Private
78752,Austin,TX,CyberTex Institute of Technology,NULL,1,3,6,11,NULL,97,36985,30.92256637,Private
75211-9299,Dallas,TX,Dallas Baptist University,3,4,2,6,11,0.4621,3357,15354,25.31465226,Private
75243,Dallas,TX,Dallas Barber & Stylist College,1,1,3,6,11,NULL,141,301,29.916,Private
75234-7299,Dallas,TX,Dallas Christian College,3,3,2,6,21,0.3796,309,11710,24.81531532,Private
75227-4314,Dallas,TX,Dallas Institute of Funeral Service,2,2,2,6,11,NULL,128,5083,28.76646707,Private
75243,Dallas,TX,Dallas Nursing Institute,1,2,2,6,11,0.1346,160,19054,31.74035088,Private
75204,Dallas,TX,Dallas Theological Seminary,3,4,2,6,11,NULL,NULL,9745,NULL,Private
78404-3897,Corpus Christi,TX,Del Mar College,2,2,1,6,11,NULL,10439,2161,24.58073654,Public
75090-2657,Sherman,TX,Diamonds Cosmetology College,1,1,3,6,13,NULL,70,3685,26.69911504,Private
76021,Bedford,TX,DuVall's School of Cosmetology,1,1,3,6,21,NULL,89,7116,27.71830986,Private
75670-1498,Marshall,TX,East Texas Baptist University,3,4,2,6,32,0.5599,1183,13523,20.60126582,Private
75150-2099,Mesquite,TX,Eastfield College,2,2,1,6,21,NULL,12174,824,26.7253915,Public
75202-3604,Dallas,TX,El Centro College,2,2,1,6,11,NULL,8796,844,28.03651293,Public
79925,El Paso,TX,El Paso Community College,2,2,1,6,11,NULL,27478,1095,23.26099165,Public
78213,San Antonio,TX,Everest Institute-San Antonio,1,1,3,6,11,NULL,464,9508,26.8154722,Private
79936,El Paso,TX,Excel Learning Center,1,1,3,6,11,NULL,171,6188,29.74617737,Private
78230-4823,San Antonio,TX,Excel Learning Center-San Antonio,NULL,1,3,6,11,NULL,114,10878,33.21,Private
79109-3208,Amarillo,TX,Exposito School of Hair Design,1,1,3,6,12,NULL,46,4949,26.73529412,Private
77627-3829,Nederland,TX,Faris Technical Institute Inc,1,1,3,6,22,NULL,17,8657,35.21428571,Private
76116,Fort Worth,TX,Fort Worth Beauty School,1,1,3,6,11,NULL,27,4513,26.90163934,Private
77082,Houston,TX,Fortis College-Houston,1,1,3,6,11,NULL,287,10625,28.87621832,Private
79008-5118,Borger,TX,Frank Phillips College,1,2,1,6,32,NULL,451,1343,23.94316163,Public
77550-7496,Galveston,TX,Galveston College,2,2,1,6,31,NULL,1769,1698,25.7603912,Public
78613,Cedar Park,TX,Gemini School of Visual Arts & Communication,1,1,3,6,21,0.6364,14,513,PrivacySuppressed,Private
77384-4894,Conroe,TX,Grace School of Theology,NULL,4,2,6,13,NULL,41,4805,PrivacySuppressed,Private
75020-8299,Denison,TX,Grayson College,2,2,1,6,41,NULL,3547,1385,26.90437927,Public
78230-1736,San Antonio,TX,Hallmark University,2,4,2,6,11,NULL,365,12716,29.03097345,Private
75149,Mesquite,TX,Hands on Therapy,1,1,3,6,21,NULL,51,17984,31.5,Private
79698-0001,Abilene,TX,Hardin-Simmons University,3,4,2,6,12,0.568,1576,11967,21.66141732,Private
76645,Hillsboro,TX,Hill College,1,2,1,6,32,NULL,2989,1232,25.88095238,Public
77074-3298,Houston,TX,Houston Baptist University,3,4,2,6,11,0.3573,2279,13550,21.75750395,Private
77002,Houston,TX,Houston Community College,2,2,1,6,11,NULL,58084,1882,26.8810469,Public
77035-3602,Houston,TX,Houston Graduate School of Theology,3,4,2,6,11,NULL,NULL,10403,NULL,Private
77026,Houston,TX,Houston Training School-Main Campus,1,1,3,6,21,NULL,175,1504,30.57780785,Private
79720,Big Spring,TX,Howard College,1,2,1,6,32,NULL,3666,1568,23.87870968,Public
76801-2794,Brownwood,TX,Howard Payne University,3,4,2,6,33,0.8212,1037,10556,20.71308017,Private
78702-2795,Austin,TX,Huston-Tillotson University,3,4,2,6,11,0.597,972,12145,25.54767726,Private
77502,Pasadena,TX,Interactive College of Technology,1,2,3,6,21,NULL,34,52353,35.25888052,Private
75040-3294,Garland,TX,International Beauty College,1,1,3,6,21,NULL,56,332,36,Private
79912-5538,El Paso,TX,International Business College-El Paso,1,2,3,6,11,NULL,72,6038,29.28061225,Private
75766-4759,Jacksonville,TX,Jacksonville College-Main Campus,2,2,2,6,32,NULL,299,2230,22.21031746,Private
75765-1470,Hawkins,TX,Jarvis Christian College,3,3,2,6,42,NULL,716,1893,23.30016863,Private
77071,Houston,TX,Jay's Technical Institute,1,1,3,6,11,NULL,128,11827,29.4829932,Private
75207,Dallas,TX,KD Conservatory College of Film and Dramatic Arts,2,2,3,6,11,0.8714,162,11307,23.31868132,Private
75662-3299,Kilgore,TX,Kilgore College,2,2,1,6,31,NULL,5768,2600,24.46063378,Public
78704-5712,Austin,TX,Kussad Institute of Court Reporting,1,1,3,6,11,NULL,16,7920,PrivacySuppressed,Private
77705,Beaumont,TX,Lamar Institute of Technology,2,2,1,6,12,NULL,2563,4068,24.55898491,Public
77630,Orange,TX,Lamar State College-Orange,1,2,1,6,22,NULL,1841,3104,25.15162455,Public
77640,Port Arthur,TX,Lamar State College-Port Arthur,2,2,1,6,13,NULL,1286,4251,25.43164693,Public
77705,Beaumont,TX,Lamar University,3,4,1,6,12,0.7881,9043,6651,25.65099778,Public
78040,Laredo,TX,Laredo Beauty College Inc,1,1,3,6,12,NULL,148,5191,25.25242718,Private
78040-4395,Laredo,TX,Laredo Community College,1,2,1,6,12,NULL,7585,949,21.09058053,Public
78758,Austin,TX,Le Cordon Bleu College of Culinary Arts-Austin,1,2,3,6,11,NULL,643,9739,28.7677497,Private
77520,Baytown,TX,Lee College,1,2,1,6,13,NULL,6332,1565,26.04248862,Public
75602,Longview,TX,LeTourneau University,3,4,2,6,13,0.494,2015,15159,27.67375231,Private
75231-5033,Dallas,TX,Lighthouse Career Institute,NULL,1,2,6,11,NULL,11,10547,PrivacySuppressed,Private
77381-4399,The Woodlands,TX,Lone Star College System,2,2,1,6,13,NULL,59920,1356,25.86469159,Public
79407-2099,Lubbock,TX,Lubbock Christian University,3,4,2,6,12,0.9432,1406,11751,24.60828877,Private
79410,Lubbock,TX,Lubbock Hair Academy,1,1,3,6,12,NULL,50,6049,25.85333333,Private
75150-5153,Grand Prairie,TX,M T Training Center,NULL,1,3,6,21,NULL,110,141,33.87421384,Private
77040,Houston,TX,Mai-trix Beauty College,1,1,3,6,11,NULL,47,5444,31.38,Private
77803,Bryan,TX,Manuel and Theresa's School of Hair Design-Bryan,1,1,3,6,13,NULL,25,3136,24.58227848,Private
76708,Waco,TX,McLennan Community College,2,2,1,6,12,NULL,6973,2754,25.21806365,Public
79697,Abilene,TX,McMurry University,3,4,2,6,12,0.614,953,13139,21.96258503,Private
75234,Dallas,TX,MediaTech Institute-Dallas,1,1,3,6,21,NULL,191,9124,25.93043478,Private
76040-4202,Euless,TX,Messenger College,3,3,2,6,21,0.9826,166,7332,24.12222222,Private
75149-3405,Mesquite,TX,Metroplex Beauty School,1,1,3,6,21,NULL,46,1695,28.33846154,Private
79705,Midland,TX,Midland College,2,3,1,6,12,NULL,3459,2744,24.52661597,Public
76308-2099,Wichita Falls,TX,Midwestern State University,3,4,1,6,12,0.6164,5142,6322,23.22548614,Public
79103,Amarillo,TX,Milan Institute of Cosmetology-Amarillo,1,1,3,6,12,NULL,135,7213,26.24078803,Private
78238,San Antonio,TX,Milan Institute-San Antonio Ingram,1,1,3,6,11,NULL,302,6888,26.44592145,Private
78216-8216,San Antonio,TX,Mims Classic Beauty College,1,1,3,6,11,NULL,41,533,26.41463415,Private
75237,Dallas,TX,MJ's Beauty Academy Inc,1,1,3,6,11,NULL,60,4991,26.5234375,Private
75211-6599,Dallas,TX,Mountain View College,2,2,1,6,11,NULL,7300,933,24.97524483,Public
75043,Garland,TX,National Beauty College,1,1,3,6,21,NULL,45,10096,27.1125,Private
75110,Corsicana,TX,Navarro College,2,2,1,6,32,NULL,9999,1892,25.58495308,Public
79605,Abilene,TX,NeeCee's College of Cosmetology,NULL,1,3,6,12,NULL,21,6004,28.10416667,Private
75208,Dallas,TX,Neilson Beauty College,1,1,3,6,11,NULL,48,3731,29.40625,Private
77038-0000,Houston,TX,North American University,3,3,2,6,21,NULL,419,5582,22.75949367,Private
76240-4699,Gainesville,TX,North Central Texas College,2,2,1,6,32,NULL,9873,2102,24.88685904,Public
75038-3899,Irving,TX,North Lake College,2,2,1,6,12,NULL,8872,1436,26.11982379,Public
77091,Houston,TX,North West Beauty School,1,1,3,6,11,NULL,40,6239,28.625,Private
75455,Mount Pleasant,TX,Northeast Texas Community College,2,2,1,6,42,NULL,2388,1453,24.68590832,Public
77092,Houston,TX,Northwest Educational Center,1,1,3,6,11,NULL,224,7869,26.18700787,Private
78251,San Antonio,TX,Northwest Vista College,2,2,1,6,11,NULL,12600,1499,23.41392776,Public
78216-6693,San Antonio,TX,Oblate School of Theology,NULL,4,2,6,11,NULL,NULL,10378,NULL,Private
77099,Houston,TX,Ocean Corporation,1,1,3,6,11,NULL,298,22730,28.76992754,Private
79764,Odessa,TX,Odessa College,2,2,1,6,13,NULL,3952,2265,24.88895349,Public
76013,Arlington,TX,Ogle School Hair Skin Nails-Arlington,1,1,3,6,11,NULL,135,9876,24.91356784,Private
76132-3638,Fort Worth,TX,Ogle School Hair Skin Nails-Ft Worth,1,1,3,6,11,NULL,152,11033,25.75446429,Private
76053-4650,Hurst,TX,Ogle School Hair Skin Nails-Hurst,1,1,3,6,21,NULL,120,9994,25.33471646,Private
78207-4689,San Antonio,TX,Our Lady of the Lake University,3,4,2,6,11,0.4952,1556,15950,23.26757991,Private
78224-2499,San Antonio,TX,Palo Alto College,2,2,1,6,11,NULL,6678,1525,23.53535962,Public
75633-2397,Carthage,TX,Panola College,1,2,1,6,32,NULL,2056,2058,25.92766498,Public
75460,Paris,TX,Paris Junior College,2,2,1,6,33,NULL,3875,1539,25.3008782,Public
75229-5668,Dallas,TX,Parker University,3,4,2,6,11,NULL,229,27917,30.70550848,Private
78759,Austin,TX,Paul Mitchell the School-Austin,1,1,3,6,11,NULL,166,8917,25.44493392,Private
77043,Houston,TX,Paul Mitchell the School-Houston,1,1,3,6,11,NULL,328,10200,25.01960784,Private
75241,Dallas,TX,Paul Quinn College,3,3,2,6,11,0.8997,272,11105,21.27678571,Private
75115,DeSoto,TX,PCCenter,1,1,3,6,21,NULL,41,7770,29.10588235,Private
75247-4720,Dallas,TX,PCI Health Training Center,1,1,3,6,11,NULL,495,8496,25.64451477,Private
75206,Dallas,TX,Peloton College,1,1,3,6,11,NULL,85,9055,34.55506608,Private
79903,El Paso,TX,Pipo Academy of Hair Design,1,1,3,6,11,NULL,11,472,32.04761905,Private
77446,Prairie View,TX,Prairie View A & M University,3,4,1,6,32,0.3913,6905,5322,21.31836327,Public
75215-2415,Dallas,TX,Preparing People Barber Styling College,NULL,1,3,6,11,NULL,50,642,28.92903226,Private
77090,Houston,TX,Professional Career Training Institute,1,1,3,6,11,NULL,110,5448,32.66007905,Private
77036,Houston,TX,Professional Careers Institute,1,1,3,6,11,NULL,69,13795,30.92857143,Private
78229,San Antonio,TX,Quest College,1,1,3,6,11,NULL,296,17961,30.74941995,Private
76470,Ranger,TX,Ranger College,1,2,1,6,42,NULL,1839,1970,24.41370338,Public
75041,Garland,TX,Remington College-Dallas Campus,1,3,2,6,21,0.6659,822,10538,27.52729781,Private
78577-2106,Pharr,TX,RGV Careers,1,1,3,6,21,NULL,524,8623,28.98295455,Private
77005-1827,Houston,TX,Rice University,3,4,2,6,11,0.151,3888,21358,20.21083455,Private
75243-2199,Dallas,TX,Richland College,2,2,1,6,11,NULL,15865,1331,25.16086957,Public
78704-6489,Austin,TX,Saint Edward's University,3,4,2,6,11,0.7836,3991,22563,21.3994761,Private
78520,Brownsville,TX,Salon & Spa Institute,1,1,3,6,12,NULL,68,11564,26.19047619,Private
77340,Huntsville,TX,Sam Houston State University,3,4,1,6,32,0.7367,16819,7273,22.24650374,Public
78212-3941,San Antonio,TX,San Antonio College,2,2,1,6,11,NULL,17944,1892,24.50267964,Public
77505,Pasadena,TX,San Jacinto Community College,2,2,1,6,21,NULL,23881,2732,24.52358765,Public
75247-6103,Dallas,TX,Sanford-Brown College-Dallas,1,2,3,6,11,NULL,490,10943,26.67964405,Private
76018-4104,Arlington,TX,School for Allied Health Professionals,NULL,1,3,6,11,NULL,28,14368,25.86363636,Private
77055-1803,Houston,TX,School of Automotive Machinists,1,1,3,6,11,0.7714,185,13866,26.78612717,Private
78028-5697,Kerrville,TX,Schreiner University,3,4,2,6,33,0.9353,1001,12818,22.23222061,Private
77083,Houston,TX,Sebring Career Schools-Houston,1,1,3,6,11,NULL,95,3620,34.73214286,Private
78155,Seguin,TX,Seguin Beauty School-Seguin,1,1,3,6,31,NULL,37,17504,24.82608696,Private
79336,Levelland,TX,South Plains College,2,2,1,6,32,NULL,7959,2298,23.71657863,Public
78415,Corpus Christi,TX,South Texas Barber College Inc,1,1,3,6,11,NULL,40,907,24.61538462,Private
78502-9701,McAllen,TX,South Texas College,2,3,1,6,12,NULL,17710,1032,22.34748835,Public
77002,Houston,TX,South Texas College of Law,3,4,2,6,11,NULL,NULL,26032,PrivacySuppressed,Private
78586,San Benito,TX,South Texas Training Center,1,1,3,6,22,NULL,144,9368,25.08815427,Private
78501,McAllen,TX,South Texas Vocational Technical Institute-McAllen,1,1,3,6,12,NULL,358,18463,25.97246558,Private
78599,Weslaco,TX,South Texas Vocational Technical Institute-Weslaco,1,1,3,6,21,NULL,317,20606,24.15111562,Private
77656,Silsbee,TX,Southeast Texas Career Institute,1,1,3,6,31,NULL,100,3774,26.6125,Private
78704,Austin,TX,Southern Careers Institute-Austin,1,1,3,6,11,NULL,354,11987,27.02605747,Private
75275-0221,Dallas,TX,Southern Methodist University,3,4,2,6,21,0.524,6340,25697,20.76012709,Private
78504-2569,McAllen,TX,Southern Texas Careers Academy,1,1,3,6,12,NULL,37,6498,27.59055118,Private
78221-0138,San Antonio,TX,Southwest School of Business and Technical Careers-San Antonio,1,1,3,6,11,NULL,144,7420,26.62980769,Private
78801-6297,Uvalde,TX,Southwest Texas Junior College,2,2,1,6,33,NULL,3950,1679,22.1970405,Public
79925,El Paso,TX,Southwest University at El Paso,1,2,3,6,11,NULL,986,11442,25.9968254,Private
76059,Keene,TX,Southwestern Adventist University,3,4,2,6,31,0.4965,726,14350,23.71956522,Private
75165,Waxahachie,TX,Southwestern Assemblies of God University,3,4,2,6,21,0.3343,1656,11536,22.79465139,Private
75160-4812,Terrell,TX,Southwestern Christian College,2,2,2,6,32,NULL,164,4129,20.83870968,Private
78626,Georgetown,TX,Southwestern University,3,3,2,6,21,0.4852,1536,16438,20.33110368,Private
78228,San Antonio,TX,St Mary's University,3,4,2,6,11,0.5946,2309,22369,20.53333333,Private
78203-2098,San Antonio,TX,St Philip's College,2,2,1,6,11,NULL,8272,1690,25.73195343,Public
75702-8214,Tyler,TX,Star College of Cosmetology 2,1,1,3,6,13,NULL,100,4387,27.09326425,Private
75961,Nacogdoches,TX,Stephen F Austin State University,3,4,1,6,41,0.5851,10692,6311,21.53333333,Public
75248,Dallas,TX,Sterling Health Center,NULL,1,3,6,11,NULL,44,24178,NULL,Private
75104,Cedar Hill,TX,Strayer University-Cedar Hill,3,0,3,6,NULL,NULL,NULL,NULL,32.88876014,Private
79832,Alpine,TX,Sul Ross State University,3,4,1,6,33,0.934,2018,4104,23.84549689,Public
78852-4859,Eagle Pass,TX,SW School of Business and Technical Careers,1,1,3,6,33,NULL,59,10762,25.88,Private
78212-1901,San Antonio,TX,SW School of Business and Technical Careers-Cosmetology,1,1,3,6,11,NULL,49,8384,29.81481482,Private
76401-0000,Stephenville,TX,Tarleton State University,3,4,1,6,33,0.5254,10214,6117,24.76749664,Public
76102-6524,Fort Worth,TX,Tarrant County College District,2,2,1,6,11,NULL,42189,1473,25.99721621,Public
76504-7435,Temple,TX,Temple College,2,2,1,6,13,NULL,5013,3091,26.9324085,Public
75599,Texarkana,TX,Texarkana College,1,2,1,6,13,NULL,2701,1619,26.57464513,Public
78041-1900,Laredo,TX,Texas A & M International University,3,4,1,6,12,0.467,6706,3799,21.82968697,Public
77843-1248,College Station,TX,Texas A & M University-College Station,3,4,1,6,13,0.7103,46941,9515,20.2972736,Public
75429-3011,Commerce,TX,Texas A & M University-Commerce,3,4,1,6,32,0.4784,7358,7175,25.73343188,Public
78412-5503,Corpus Christi,TX,Texas A & M University-Corpus Christi,3,4,1,6,11,0.8462,9074,6793,22.17601381,Public
78363,Kingsville,TX,Texas A & M University-Kingsville,3,4,1,6,32,0.8357,8815,6090,24.95172685,Public
75503,Texarkana,TX,Texas A & M University-Texarkana,3,4,1,6,41,0.4755,1386,4813,27.40568182,Public
77063,Houston,TX,Texas Barber Colleges and Hairstyling Schools,1,1,3,6,11,NULL,789,10696,29.19034355,Private
76117,Haltom city,TX,Texas Beauty College,1,1,3,6,21,NULL,70,6455,33.70588235,Private
77505-1699,Pasadena,TX,Texas Chiropractic College Foundation Inc,3,4,2,6,21,NULL,NULL,26971,NULL,Private
76129,Fort Worth,TX,Texas Christian University,3,4,2,6,11,0.4887,8600,24866,21.00169779,Private
75702,Tyler,TX,Texas College,3,3,2,6,13,NULL,813,10531,23.34221039,Private
79605,Abilene,TX,Texas College of Cosmetology-Abilene,1,1,3,6,12,NULL,87,3989,25.7761194,Private
78704,Austin,TX,Texas Health and Science University,3,4,3,6,11,NULL,13,6907,29.125,Private
77079,Houston,TX,Texas Health School,1,1,3,6,11,NULL,92,9810,29.34594595,Private
78155-5999,Seguin,TX,Texas Lutheran University,3,4,2,6,31,0.5587,1270,12176,20.57463884,Private
77004,Houston,TX,Texas Southern University,3,4,1,6,11,0.5192,6880,5996,23.06842597,Public
78550-3697,Harlingen,TX,Texas State Technical College-Harlingen,2,2,1,6,13,NULL,3323,1028,22.92519084,Public
75672,Marshall,TX,Texas State Technical College-Marshall,2,2,1,6,32,NULL,489,3048,24.83916084,Public
76705,Waco,TX,Texas State Technical College-Waco,2,2,1,6,12,NULL,3747,3198,24.47189492,Public
79556,Sweetwater,TX,Texas State Technical College-West Texas,2,2,1,6,41,NULL,1184,3808,27.6631068,Public
78666,San Marcos,TX,Texas State University,3,4,1,6,23,0.729,32177,7237,21.70415969,Public
79409-5005,Lubbock,TX,Texas Tech University,3,4,1,6,12,0.6613,28278,8792,21.26807564,Public
79430,Lubbock,TX,Texas Tech University Health Sciences Center,3,4,1,6,12,NULL,1467,7919,29.73718887,Public
77901-5625,Victoria,TX,Texas Vocational Schools Inc,1,1,3,6,13,NULL,38,16660,26.90140845,Private
76105-1536,Fort Worth,TX,Texas Wesleyan University,3,4,2,6,11,0.3806,1676,18437,25.27208481,Private
76201,Denton,TX,Texas Woman's University,3,4,1,6,12,0.8531,9327,5487,24.95335397,Public
77027-9625,Houston,TX,The Art Institute of Houston,3,3,3,6,11,NULL,1887,14453,24.95561236,Private
78752-3630,Austin,TX,The College of Health Care Professions-Austin,1,2,3,6,11,NULL,260,9142,28.30617978,Private
76092,Southlake,TX,The King's University,3,4,2,6,21,1,473,10528,30.78947368,Private
75067,Lewisville,TX,The Salon Professional Academy-Lewisville,1,1,3,6,21,NULL,76,5388,25.59292035,Private
76013,Arlington,TX,The University of Texas at Arlington,3,4,1,6,11,0.614,29616,7387,27.36886727,Public
78712,Austin,TX,The University of Texas at Austin,3,4,1,6,11,0.3966,38914,10165,20.30322152,Public
78520,Brownsville,TX,The University of Texas at Brownsville,3,4,1,6,12,NULL,9973,3469,22.1725763,Public
75080-3021,Richardson,TX,The University of Texas at Dallas,3,4,1,6,13,0.6194,14300,10462,23.26778406,Public
79968-0691,El Paso,TX,The University of Texas at El Paso,3,4,1,6,11,0.9989,19614,5661,22.68922594,Public
78249-1644,San Antonio,TX,The University of Texas at San Antonio,3,4,1,6,11,0.7591,23815,7653,21.65389395,Public
75799-6699,Tyler,TX,The University of Texas at Tyler,3,4,1,6,13,0.8358,5550,5699,24.87518355,Public
77030,Houston,TX,The University of Texas Health Science Center at Houston,3,4,1,6,11,NULL,657,9272,27.41801802,Public
78229-3900,San Antonio,TX,The University of Texas Health Science Center at San Antonio,3,4,1,6,11,NULL,825,10637,27.36949686,Public
77030-4009,Houston,TX,The University of Texas MD Anderson Cancer Center,3,3,1,6,11,NULL,292,3800,28.85057471,Public
77555-0129,Galveston,TX,The University of Texas Medical Branch,3,4,1,6,31,NULL,708,9016,27.48440367,Public
79762-0001,Odessa,TX,The University of Texas of the Permian Basin,3,4,1,6,13,0.87,3311,6767,26.95750403,Public
78539-2999,Edinburg,TX,The University of Texas Rio Grande Valley,3,4,1,6,13,0.628,17811,3941,21.51823692,Public
75229-3734,Dallas,TX,Tint School of Makeup and Cosmetology-Dallas,1,1,3,6,11,NULL,63,5938,27.9,Private
75061-4235,Irving,TX,Tint School of Makeup and Cosmetology-Irving,1,1,3,6,12,NULL,95,6530,26.91358025,Private
75093,Plano,TX,Toni & Guy Hairdressing Academy-Plano,1,1,3,6,11,NULL,158,8420,24.85159011,Private
78666-8115,San Marcos,TX,Total Transformation Institute of Cosmetology,NULL,1,3,6,23,NULL,54,4975,25.87837838,Private
77071-0000,Houston,TX,Trend Barber College,1,1,3,6,11,NULL,109,9563,28.54326923,Private
78212-7200,San Antonio,TX,Trinity University,3,4,2,6,11,0.4842,2223,17509,19.55445545,Private
75751,Athens,TX,Trinity Valley Community College,2,2,1,6,32,NULL,4720,1299,26.35531668,Public
79935,El Paso,TX,Tri-State Cosmetology Institute,1,1,3,6,11,NULL,173,3305,29.09871245,Private
75701,Tyler,TX,Tyler Junior College,2,2,1,6,13,NULL,11128,1532,23.79063843,Public
77073,Houston,TX,Universal Technical Institute of Texas Inc.,1,1,3,6,11,NULL,1998,10777,23.05315773,Private
78504,McAllen,TX,University of Cosmetology Arts & Sciences-McAllen,1,1,3,6,12,NULL,223,6258,25.37061118,Private
78226,San Antonio,TX,University of Cosmetology Arts & Sciences-San Antonio Jamar,1,1,3,6,11,NULL,34,7286,28.2,Private
78217,San Antonio,TX,University of Cosmetology Arts & Sciences-San Antonio Perrin,1,1,3,6,11,NULL,69,6744,31.80434783,Private
75062-4736,Irving,TX,University of Dallas,3,4,2,6,12,0.8513,1324,15574,19.73870334,Private
77204-2018,Houston,TX,University of Houston,3,4,1,6,11,0.6299,31643,9891,22.53757675,Public
77058-1002,Houston,TX,University of Houston-Clear Lake,3,4,1,6,21,0.5736,5072,9069,27.85424354,Public
77002-1014,Houston,TX,University of Houston-Downtown,3,4,1,6,11,0.8417,13662,5906,26.77779484,Public
77901,Victoria,TX,University of Houston-Victoria,3,4,1,6,13,0.5576,2991,5675,26.88816148,Public
76513-2599,Belton,TX,University of Mary Hardin-Baylor,3,4,2,6,23,0.7991,3039,18681,22.54100295,Private
76203-1277,Denton,TX,University of North Texas,3,4,1,6,12,0.6538,29758,8076,22.82290642,Public
76107-2699,Fort Worth,TX,University of North Texas Health Science Center,3,4,1,6,11,NULL,NULL,10038,27.40909091,Public
77006-4696,Houston,TX,University of St Thomas,3,4,2,6,11,0.7899,1563,16905,23.17785844,Private
75390-9096,Dallas,TX,University of Texas Southwestern Medical Center,3,4,1,6,11,NULL,5,10402,PrivacySuppressed,Public
78209,San Antonio,TX,University of the Incarnate Word,3,4,2,6,11,0.9321,6325,15016,25.41693291,Private
78596,Weslaco,TX,Valley Grande Institute for Academic Studies,1,1,2,6,21,NULL,96,12577,27.00828157,Private
76384-4092,Vernon,TX,Vernon College,1,2,1,6,41,NULL,2560,2058,25.36393805,Public
77027,Houston,TX,Vet Tech Institute of Houston,2,2,3,6,11,0.4259,216,13298,23.11369509,Private
77901-6233,Victoria,TX,Victoria Beauty College Inc,1,1,3,6,13,NULL,127,8433,26.18584071,Private
77901,Victoria,TX,Victoria College,2,2,1,6,13,NULL,3516,3547,24.47804266,Public
79925-2021,El Paso,TX,Vista College,1,2,3,6,11,NULL,2951,7917,28.24855252,Private
75080,Richardson,TX,Vista College-Online,1,2,3,6,13,NULL,201,5302,30.73308271,Private
78238-4402,San Antonio,TX,Vogue College of Cosmetology,1,1,3,6,11,NULL,116,4144,28.66666667,Private
78501-1945,McAllen,TX,Vogue College of Cosmetology-McAllen,1,1,3,6,12,NULL,198,3654,25.95636364,Private
78201-5035,San Antonio,TX,Vogue College of Cosmetology-San Antonio Fredericksburg,1,1,3,6,11,NULL,116,4240,31.16875,Private
75207,Dallas,TX,Wade College,2,3,3,6,11,NULL,207,12537,23.6,Private
79121-0548,Amarillo,TX,Wade Gordon Hairdressing Academy,1,1,3,6,12,NULL,97,6500,24.54109589,Private
79072,Plainview,TX,Wayland Baptist University,3,4,2,6,33,0.9774,3716,8676,29.50273224,Private
76086-5699,Weatherford,TX,Weatherford College,2,2,1,6,31,NULL,5418,1838,25.17088879,Public
79016-0001,Canyon,TX,West Texas A & M University,3,4,1,6,31,0.6742,7121,6029,23.24005602,Public
79927,El Paso,TX,Western Technical College,1,2,3,6,11,NULL,990,1437,26.82366071,Private
79549,Snyder,TX,Western Texas College,1,2,1,6,33,NULL,1011,2651,22.69016698,Public
77488,Wharton,TX,Wharton County Junior College,2,2,1,6,32,NULL,6071,3785,22.97321765,Public
75670,Marshall,TX,Wiley College,3,3,2,6,32,NULL,1351,7815,23.79907085,Private
76543-4153,Killeen,TX,Yahweh Beauty Academy,NULL,1,3,6,12,NULL,30,2610,26.30769231,Private
84601-0000,Provo,UT,Acaydia School of Aesthetics,1,1,3,7,12,NULL,22,5175,24.90566038,Private
84651,Payson,UT,American Beauty Academy,1,1,3,7,21,NULL,37,8230,25.95833333,Private
84604,Provo,UT,AmeriTech College-Provo,2,1,3,7,12,0.775,131,11445,30.72590738,Private
84604,Provo,UT,Aveda Institute-Provo,1,1,3,7,12,NULL,152,4187,22.79141104,Private
84721,Cedar City,UT,Beautiful You School of Nail Technology,NULL,1,3,7,33,NULL,14,7624,30.5,Private
84032-2044,Heber City,UT,Bonnie Joseph Academy of Cosmetology and Barbering,1,1,3,7,32,NULL,31,12768,30.04545455,Private
84321,Logan,UT,Bridgerland Applied Technology College,1,1,1,7,13,NULL,751,2325,27.85406699,Public
84602,Provo,UT,Brigham Young University-Provo,3,4,2,7,12,0.47,27163,5763,21.55340426,Private
84088,West Jordan,UT,Broadview University-West Jordan,2,4,3,7,21,NULL,197,17796,27.25207756,Private
84107,Murray,UT,Cameo College of Essential Beauty,1,1,3,7,21,NULL,284,6474,27.09433962,Private
84058,Orem,UT,Careers Unlimited,3,3,3,7,13,NULL,177,18601,24.71428571,Private
84037-2699,Kaysville,UT,Davis Applied Technology College,1,1,1,7,21,NULL,1780,1615,29.39137931,Public
84770,Saint George,UT,Dixie Applied Technology College,1,1,1,7,13,NULL,219,2078,29.48554913,Public
84770-3876,Saint George,UT,Dixie State University,2,3,1,7,13,NULL,7443,4557,23.13680104,Public
84123-6965,Murray,UT,Eagle Gate College-Murray,2,3,3,7,21,NULL,218,11163,29.70383275,Private
84720,Cedar City,UT,Evans Hairstyling College-Cedar City,1,1,3,7,33,NULL,31,5874,22.76086957,Private
84770,Saint George,UT,Evans Hairstyling College-St George,1,1,3,7,13,NULL,35,9457,22.04347826,Private
84119-2632,West Valley City,UT,Everest College-Salt Lake City,1,3,3,7,21,NULL,217,10011,27.79755672,Private
84070-2004,Sandy,UT,Francois D College of Hair Skin and Nails,1,1,3,7,21,NULL,72,5585,26.3442623,Private
84770-0000,Saint George,UT,Hairitage Hair Academy,1,1,3,7,41,NULL,56,5976,23.29268293,Private
84102-4002,Salt Lake City,UT,Healing Mountain Massage School,1,1,3,7,12,NULL,91,13514,29.13768116,Private
84101-3500,Salt Lake City,UT,Latter-day Saints Business College,2,2,2,7,12,NULL,2006,2915,24.57578646,Private
84003-2161,American Fork,UT,Mandalyn Academy,1,1,3,7,21,NULL,63,9788,26.7721519,Private
84604,Provo,UT,Marinello Schools of Beauty-Provo,1,1,3,7,12,NULL,49,11072,23.20987654,Private
84095-3519,South Jordan,UT,Medspa Academies,1,1,3,7,21,NULL,140,9737,27.76020408,Private
84106,Salt Lake City,UT,Midwives College of Utah,3,3,2,7,12,0.6364,207,5180,31.93373494,Private
84043,Lehi,UT,Mountainland Applied Technology College,1,1,1,7,21,NULL,1056,2050,28.61031519,Public
84115,Salt Lake City,UT,Myotherapy College of Utah,1,1,3,7,21,NULL,84,7909,31.60784314,Private
84111-1917,Salt Lake City,UT,Neumont University,3,3,3,7,12,0.8367,431,11536,20.34831461,Private
84403,Ogden,UT,Nightingale College,2,2,3,7,13,NULL,156,16350,32.83516484,Private
84404-4089,Ogden,UT,Ogden-Weber Applied Technology College,1,1,1,7,13,NULL,1595,1498,31.15463918,Public
84606,Provo,UT,Paul Mitchell the School-Provo,1,1,3,7,12,NULL,108,7637,24.36551724,Private
84117,Holladay,UT,Paul Mitchell the School-Salt Lake City,1,1,3,7,21,NULL,250,8814,25.20677362,Private
84601,Provo,UT,Provo College,2,2,3,7,12,NULL,364,13490,28.23306773,Private
84604,Provo,UT,Renaissance Academie,1,1,3,7,12,NULL,76,6961,25.11538462,Private
84606,Provo,UT,Rocky Mountain University of Health Professions,NULL,4,3,7,12,NULL,NULL,18009,NULL,Private
84123,Salt Lake City,UT,Salt Lake Community College,2,2,1,7,21,NULL,23512,3341,25.9383782,Public
84047,Midvale,UT,Sherman Kendall Academy-Midvale,1,1,3,7,21,NULL,63,4000,25.17777778,Private
84106,Salt Lake City,UT,Sherman Kendall Academy-Salt Lake City,1,1,3,7,12,NULL,60,2741,25.28333333,Private
84111,Salt Lake City,UT,Skin Science Institute,1,1,3,7,12,NULL,97,17176,27.34126984,Private
84115,Salt Lake City,UT,Skinworks School of Advanced Skincare,1,1,3,7,21,NULL,45,11774,27.55128205,Private
84627,Ephraim,UT,Snow College,2,3,1,7,33,NULL,3394,2147,21.48347107,Public
84720,Cedar City,UT,Southern Utah University,3,4,1,7,33,0.6103,5514,7753,22.66859744,Public
84720,Cedar City,UT,Southwest Applied Technology College,1,1,1,7,33,NULL,202,2494,29.38613861,Public
84401,West Haven,UT,Stevens-Henager College,2,3,2,7,21,NULL,321,17142,31.4329098,Private
84088-6577,West Jordan,UT,Taylor Andrews Academy of Hair Design-West Jordan,1,1,3,7,21,NULL,126,7219,23.24074074,Private
84790-2139,St. George,UT,Taylor Andrews Academy-St George,1,1,3,7,13,NULL,109,6345,24.49606299,Private
84047-3723,Midvale,UT,The Barber School,1,1,3,7,21,NULL,187,8592,29.64814815,Private
84118-0000,Taylorsville,UT,Top Nails & Hair Beauty School,1,1,3,7,21,NULL,40,7141,36.13333333,Private
84066,Roosevelt,UT,Uintah Basin Applied Technology College,1,1,1,7,33,NULL,470,2845,31.69230769,Public
84112-9008,Salt Lake City,UT,University of Utah,3,4,1,7,12,0.8142,22804,10088,24.07410611,Public
84111,Salt Lake City,UT,Utah College of Massage Therapy-Salt Lake City,1,1,3,7,12,NULL,347,5500,27.79453803,Private
84322-1400,Logan,UT,Utah State University,3,4,1,7,13,0.9783,21087,5160,23.94424286,Public
84058-5999,Orem,UT,Utah Valley University,3,4,1,7,13,NULL,24546,4537,24.48998139,Public
84408-1031,Ogden,UT,Weber State University,3,4,1,7,13,NULL,17413,4669,25.16525935,Public
84107,Salt Lake City,UT,Western Governors University,3,4,2,7,21,NULL,44499,6934,34.84359859,Private
84105,Salt Lake City,UT,Westminster College,3,4,2,7,12,0.9576,2188,19247,22.30317274,Private
23462,Virginia Beach,VA,Advanced Technology Institute,1,2,3,5,11,0.9045,717,18539,25.10272873,Private
24153,Salem,VA,American National University,2,4,3,5,22,NULL,1279,9301,30.38114307,Private
24631,Oakwood,VA,Appalachian College of Pharmacy,3,4,2,5,43,NULL,NULL,34675,NULL,Private
24614-2825,Grundy,VA,Appalachian School of Law,2,4,2,5,43,NULL,NULL,27057,NULL,Private
24541,Danville,VA,Averett University,3,4,2,5,32,0.5964,836,15658,26.89662447,Private
24541,Danville,VA,Averett University-Non-Traditional Programs,3,4,2,5,32,NULL,702,10120,26.89662447,Private
22066,Great Falls,VA,Avi Career Training,1,1,3,5,21,NULL,21,11691,34.48,Private
23320,Chesapeake,VA,Aviation Institute of Maintenance-Chesapeake,1,1,3,5,21,NULL,236,12516,29.06287425,Private
20109,Manassas,VA,Aviation Institute of Maintenance-Manassas,1,1,3,5,21,NULL,105,13964,29.03267974,Private
23228,Henrico,VA,Baptist Theological Seminary at Richmond,3,4,2,5,21,NULL,NULL,10210,NULL,Private
24014,Roanoke,VA,Bar Palma Beauty Careers Academy,1,1,3,5,13,NULL,71,9380,27.50819672,Private
23666,Hampton,VA,Bethel College,3,3,2,5,12,0.5714,57,5041,30.61290323,Private
24486-0080,Weyers Cave,VA,Blue Ridge Community College,2,2,1,5,41,NULL,3551,2986,24.26554698,Public
24605,Bluefield,VA,Bluefield College,3,3,2,5,32,0.9799,897,10384,27.36067893,Private
23227-1149,Richmond,VA,Bon Secours Memorial College of Nursing,3,3,2,5,21,NULL,489,5813,29.4260355,Private
23227,Richmond,VA,Bon Secours St Mary's Hospital School of Medical Imaging,1,1,2,5,21,NULL,25,9179,33.68181818,Private
22812-1599,Bridgewater,VA,Bridgewater College,3,3,2,5,23,0.4782,1768,11212,19.54475138,Private
23451,Virginia Beach,VA,Cayce/Reilly School of Massage,1,1,2,5,11,NULL,14,11696,34.33333333,Private
24501,Lynchburg,VA,Centra College of Nursing,1,2,2,5,13,NULL,151,13515,29.96,Private
23502,Norfolk,VA,Central School of Practical Nursing,1,1,1,5,12,NULL,15,2233,28.57894737,Public
24502-2498,Lynchburg,VA,Central Virginia Community College,1,2,1,5,13,NULL,2769,2677,24.64539401,Public
23235-5250,Richmond,VA,Centura College-Richmond Main,1,2,3,5,21,NULL,167,12267,29.57934509,Private
23452-7431,Virginia Beach,VA,Centura College-Virginia Beach,2,3,3,5,11,NULL,181,21575,28.9942071,Private
23836,CHESTER,VA,Chester Career College,2,2,3,5,21,NULL,205,8548,27.50488599,Private
23606-3072,Newport News,VA,Christopher Newport University,3,4,1,5,12,0.5588,5084,7048,19.69097651,Public
23187-8795,Williamsburg,VA,College of William and Mary,3,4,1,5,23,0.3302,6256,17527,20.11428571,Public
22031,Fairfax,VA,Columbia College,1,2,3,5,21,NULL,424,5020,46.55216285,Private
22003-3204,Annandale,VA,Cosmopolitan Beauty and Tech School,1,1,3,5,21,NULL,110,4991,42.12442396,Private
22701-1055,Culpeper,VA,Culpeper Cosmetology Training Center,1,1,1,5,32,NULL,48,8033,25.81081081,Public
24422-1000,Clifton Forge,VA,Dabney S Lancaster Community College,2,2,1,5,41,NULL,706,2450,24.75690608,Public
24541-4004,Danville,VA,Danville Community College,1,2,1,5,32,NULL,2243,1902,25.62407302,Public
24541,Danville,VA,Danville Regional Medical Center School of Health Professions,1,1,3,5,32,NULL,7,11263,25.31818182,Private
23062,Gloucester Point,VA,Dominion School of Hair Design,1,1,3,5,21,NULL,37,3968,24.34883721,Private
22802-2462,Harrisonburg,VA,Eastern Mennonite University,3,4,2,5,13,0.6044,1198,15633,23.65050167,Private
23410,Melfa,VA,Eastern Shore Community College,1,2,1,5,43,NULL,579,1989,24.75566751,Public
22408,Fredericksburg,VA,Eastern Virginia Career College,1,2,3,5,22,NULL,203,9594,28.19536424,Private
23507,Norfolk,VA,Eastern Virginia Medical School,3,4,1,5,12,NULL,NULL,29574,NULL,Public
23462,Virginia Beach,VA,ECPI University,2,4,3,5,11,0.7949,10258,15641,28.92609058,Private
24060,Blacksburg,VA,Edward Via College of Osteopathic Medicine,2,4,2,5,13,NULL,NULL,37667,NULL,Private
24327-0947,Emory,VA,Emory & Henry College,3,4,2,5,41,0.7172,997,11627,19.95895522,Private
23606,Newport News,VA,Everest College-Newport News,1,2,3,5,12,NULL,433,10220,29.41756843,Private
24088-9000,Ferrum,VA,Ferrum College,3,3,2,5,42,0.7331,1447,14135,19.73515982,Private
23502-4101,Norfolk,VA,Fortis College-Norfolk,1,2,3,5,12,NULL,315,8188,28.02898551,Private
22030-4444,Fairfax,VA,George Mason University,3,4,1,5,21,0.6665,21678,11077,22.71721794,Public
22508-2102,Locust Grove,VA,Germanna Community College,1,2,1,5,41,NULL,5599,2807,25.22292994,Public
22304,Alexandria,VA,Global Health College,1,2,3,5,12,0.8286,361,9629,33.9375,Private
22209-2131,Arlington,VA,Graham Webb International Academy of Hair,1,1,3,5,12,NULL,142,9057,26.96899225,Private
23943-0128,Hampden-Sydney,VA,Hampden-Sydney College,3,3,2,5,42,0.4727,1105,15559,19.51748252,Private
23668-0099,Hampton,VA,Hampton University,3,4,2,5,12,0.2906,3456,11363,20.47764573,Private
23294,Henrico,VA,Henrico County-Saint Marys Hospital School of Practical Nursing,1,1,1,5,21,NULL,89,380,32.17391304,Public
24020,Roanoke,VA,Hollins University,3,4,2,5,22,0.5647,588,11138,21.228125,Private
22003-2400,Annandale,VA,IGlobal University,NULL,4,3,5,21,NULL,39,70354,NULL,Private
22202,Arlington,VA,Institute for the Psychological Sciences,NULL,4,2,5,12,NULL,NULL,18602,NULL,Private
23294-4701,Richmond,VA,Institute of Advanced Medical Esthetics,1,1,3,5,21,NULL,11,12792,27.76923077,Private
23228-2327,Richmond,VA,J Sargeant Reynolds Community College,2,2,1,5,21,NULL,10134,2933,27.09536994,Public
22807,Harrisonburg,VA,James Madison University,3,4,1,5,13,0.6573,18697,8864,20.0303152,Public
24013,Roanoke,VA,Jefferson College of Health Sciences,3,4,2,5,13,NULL,873,17272,25.06387226,Private
23831-5316,Chester,VA,John Tyler Community College,2,2,1,5,21,NULL,6403,2586,25.59129276,Public
24515,Lynchburg,VA,Liberty University,3,4,2,5,13,0.2232,49340,10111,31.91647953,Private
23909,Farmville,VA,Longwood University,3,4,1,5,33,0.7292,4400,6590,20.03832753,Public
22645,Middletown,VA,Lord Fairfax Community College,1,2,1,5,41,NULL,4461,3191,24.9995842,Public
23601-1303,Newport  News,VA,Luckes Beauty Academy,NULL,1,3,5,12,NULL,35,3377,28.06666667,Private
24501-3113,Lynchburg,VA,Lynchburg College,3,4,2,5,13,0.6675,2079,15745,20.71868979,Private
24401,Staunton,VA,Mary Baldwin College,3,4,2,5,13,0.9545,1296,11499,24.39175258,Private
22207-4224,Arlington,VA,Marymount University,3,4,2,5,12,0.8396,2343,19280,22.79877426,Private
22042,Falls Church,VA,Medtech Institute,1,2,3,5,21,NULL,1371,5889,27.6546003,Private
24502,Lynchburg,VA,Miller-Motte Technical College-Lynchburg,1,2,3,5,13,NULL,409,12579,28.3253391,Private
24219,Big Stone Gap,VA,Mountain Empire Community College,1,2,1,5,32,NULL,1721,1501,24.3025,Public
22182-2412,Vienna,VA,National Personal Training Institute,NULL,1,3,5,21,NULL,136,9126,31.28571429,Private
24084-1127,Dublin,VA,New River Community College,2,2,1,5,31,NULL,2824,3254,25.39490446,Public
23504-8000,Norfolk,VA,Norfolk State University,3,4,1,5,12,0.6567,5284,4527,23.72964427,Public
22003-3796,Annandale,VA,Northern Virginia Community College,2,2,1,5,21,NULL,43869,4089,25.01131848,Public
22046-4302,Falls Church,VA,Northern Virginia School of Therapeutic Massage,1,1,3,5,21,NULL,89,15798,30.81609195,Private
23529,Norfolk,VA,Old Dominion University,3,4,1,5,12,0.8189,19842,6401,23.71075679,Public
24112,Martinsville,VA,Patrick Henry Community College,2,2,1,5,41,NULL,2001,1871,24.84679878,Public
23851,Franklin,VA,Paul D Camp Community College,2,2,1,5,32,NULL,802,1848,27.41449275,Public
22902-7589,Charlottesville,VA,Piedmont Virginia Community College,2,2,1,5,23,NULL,3561,2981,25.72628459,Public
24142,Radford,VA,Radford University,3,4,1,5,13,0.7891,8843,5943,20.68713075,Public
24503-1555,Lynchburg,VA,Randolph College,3,4,2,5,13,0.8101,658,11900,19.9154519,Private
23005-5505,Ashland,VA,Randolph-Macon College,3,3,2,5,21,0.6034,1377,16253,19.52472089,Private
23149-2616,Glenns,VA,Rappahannock Community College,1,2,1,5,42,NULL,1650,2863,25.65506958,Public
23464,Virginia Beach,VA,Regent University,3,4,2,5,11,0.7982,2273,13846,30.65055249,Private
23805,Petersburg,VA,Richard Bland College of the College of William and Mary,2,2,1,5,41,0.5288,1056,1999,20.5897772,Public
23601,Newport News,VA,Riverside College of Health Careers,1,2,2,5,12,NULL,270,9945,28.13438735,Private
24153-3794,Salem,VA,Roanoke College,3,3,2,5,22,0.6932,1986,15858,19.80131723,Private
23464,Virginia Beach,VA,Rudy & Kelly Academy-A Paul Mitchell Partner School,1,1,3,5,11,NULL,235,10808,25.41666667,Private
22102-4301,McLean,VA,Sanford-Brown College-Tysons Corner,2,3,3,5,21,NULL,29,19649,NULL,Private
23320,Chesapeake,VA,Sentara College of Health Sciences,3,3,2,5,21,NULL,367,7730,31.25,Private
22601-5195,Winchester,VA,Shenandoah University,3,4,2,5,13,0.8259,1875,16211,21.79631525,Private
24012,Roanoke,VA,Skyline College-Roanoke,1,3,3,5,13,0.68,191,21759,28.5698324,Private
24416,Buena Vista,VA,Southern Virginia University,3,3,2,5,32,0.4707,703,11504,20.96888889,Private
23834,Colonial Heights,VA,Southside Regional Medical Center Professional Schools,2,2,3,5,21,0.1,123,9073,28.82758621,Private
23821,Alberta,VA,Southside Virginia Community College,1,2,1,5,42,NULL,2668,2100,26.06264832,Public
24641-1101,Richlands,VA,Southwest Virginia Community College,2,2,1,5,41,NULL,1758,1714,24.79779918,Public
22003,Annandale,VA,Springfield Beauty Academy,1,1,3,5,21,NULL,57,4593,35.82608696,Private
22043,Falls Church,VA,Standard Healthcare Services-College of Nursing,NULL,2,3,5,21,0.6667,246,6630,34.31939164,Private
24401-4323,Staunton,VA,Staunton School of Cosmetology,1,1,3,5,13,NULL,28,11634,25.35416667,Private
22030,Fairfax,VA,Stratford University,2,4,3,5,21,NULL,2336,15706,30.64088821,Private
23434-3020,Suffolk,VA,Suffolk Beauty Academy,1,1,3,5,21,NULL,43,8835,26.64383562,Private
24595-9998,Sweet Briar,VA,Sweet Briar College,3,4,2,5,22,0.9354,561,14994,19.63701068,Private
24502-2652,Lynchburg,VA,Sylvain Melloul International Hair Academy,1,1,3,5,13,NULL,82,11086,24.47517731,Private
23462-2980,Virginia Beach,VA,The Chrysm Insitute of Esthetics,1,1,3,5,11,NULL,114,12029,30.39805825,Private
24293-4400,Wise,VA,The University of Virginia's College at Wise,3,3,1,5,32,0.6882,1477,6069,21.45157068,Public
23666,Hampton,VA,Thomas Nelson Community College,2,2,1,5,12,NULL,8921,2952,26.69618395,Public
23510,Norfolk,VA,Tidewater Community College,2,2,1,5,12,NULL,24631,2423,26.64810993,Public
23502,Norfolk,VA,Tidewater Tech-Trades,1,1,3,5,12,NULL,301,12255,29.6020025,Private
23602-5532,Newport News,VA,Tomorrow's Image Barber Academy of Virginia,1,1,3,5,12,NULL,24,11161,29.46153846,Private
23227,Richmond,VA,Union Presbyterian Seminary,3,4,2,5,12,NULL,NULL,1737,NULL,Private
22209-1609,Arlington,VA,University of Management and Technology,3,4,3,5,12,NULL,754,3793,32.61061947,Private
22401-5300,Fredericksburg,VA,University of Mary Washington,3,4,1,5,22,0.7672,4101,7402,21.4490085,Public
23173,University of Richmond,VA,University of Richmond,3,4,2,5,12,0.318,3223,23844,21.31666667,Private
22903-2628,Charlottesville,VA,University of Virginia-Main Campus,3,4,1,5,23,0.29,15515,18767,20.54462602,Public
22407,Fredericksburg,VA,Virginia Baptist College,3,4,2,5,22,NULL,69,4125,30.11764706,Private
23456-2499,Virginia Beach,VA,Virginia Beach City Public Schools School of Practical Nursing,1,1,1,5,11,NULL,36,1397,26.8,Public
23284-2512,Richmond,VA,Virginia Commonwealth University,3,4,1,5,12,0.7535,22280,9971,21.6384012,Public
24212-0828,Abingdon,VA,Virginia Highlands Community College,1,2,1,5,23,NULL,1703,1751,25.32404181,Public
24450-0304,Lexington,VA,Virginia Military Institute,3,3,1,5,32,0.444,1700,12567,19.54460967,Public
24061-0131,Blacksburg,VA,Virginia Polytechnic Institute and State University,3,4,1,5,13,0.7263,24191,12124,19.87599075,Public
23669,Hampton,VA,Virginia School of Hair Design,1,1,3,5,12,NULL,87,3916,27.42105263,Private
22901,Charlottesville,VA,Virginia School of Massage,1,1,3,5,13,NULL,68,8785,28.76878613,Private
23806,Petersburg,VA,Virginia State University,3,4,1,5,21,0.8006,4481,5481,20.96434875,Public
24016-4950,Roanoke,VA,Virginia Tech Carilion School of Medicine,NULL,4,2,5,13,NULL,NULL,34253,NULL,Private
23220,Richmond,VA,Virginia Union University,3,4,2,5,12,0.2389,1322,11042,20.61246349,Private
24501,Lynchburg,VA,Virginia University of Lynchburg,2,4,2,5,13,NULL,251,7032,22.4296875,Private
23502-5599,Norfolk,VA,Virginia Wesleyan College,3,3,2,5,11,0.8904,1492,16313,20.70874862,Private
24015,Roanoke,VA,Virginia Western Community College,2,2,1,5,13,NULL,5264,2752,25.13700693,Public
23505-3700,Norfolk,VA,Wards Corner Beauty Academy-Norfolk,1,1,3,5,12,NULL,113,4199,28.38916256,Private
24450-2116,Lexington,VA,Washington and Lee University,3,4,2,5,32,0.1946,1880,27120,19.32962963,Private
24210,Abingdon,VA,Washington County Adult Skill Center,1,1,1,5,23,NULL,89,2749,29.17777778,Public
22939-1500,Fishersville,VA,Wilson Workforce and Rehabilitation Center,1,1,1,5,23,0.9103,161,82287,23.97,Public
24382-3308,Wytheville,VA,Wytheville Community College,1,2,1,5,32,NULL,2084,2178,25.02855051,Public
00802-9990,Charlotte Amalie,VI,University of the Virgin Islands,3,4,1,9,33,0.9707,1971,7966,22.33865815,Public
5403,South Burlington,VT,Advanced Welding Institute,1,1,3,1,13,NULL,25,19493,24.17647059,Private
05201-6003,Bennington,VT,Bennington College,3,4,2,1,32,0.6721,631,28727,19.78971963,Private
5401,Burlington,VT,Burlington College,3,4,2,1,13,0.7839,178,22923,23.40186916,Private
5735,Castleton,VT,Castleton University,3,4,1,1,32,0.9164,1890,12568,21.19868791,Public
5401,Burlington,VT,Champlain College,3,4,2,1,13,0.6417,2918,22274,23.17256637,Private
05701-3899,Rutland,VT,College of St Joseph,3,4,2,1,32,0.6558,230,22666,21.12953368,Private
05404-2245,Winooski,VT,Community College of Vermont,2,2,1,1,22,NULL,4045,5346,26.64274762,Public
05667-9432,Plainfield,VT,Goddard College,3,4,2,1,42,1,182,23221,31.48275862,Private
05764-1199,Poultney,VT,Green Mountain College,3,4,2,1,42,0.6835,558,14289,20.61094225,Private
05656-9464,Johnson,VT,Johnson State College,3,4,1,1,42,0.9546,1363,10947,24.96130593,Public
5346,Putney,VT,Landmark College,2,2,2,1,42,0.8619,500,35953,21.15546219,Private
05851-0919,Lyndonville,VT,Lyndon State College,3,4,1,1,33,0.9914,1266,11746,20.38688946,Public
05344-0300,Marlboro,VT,Marlboro College,3,3,2,1,42,0.816,199,23290,20.71296296,Private
5753,Middlebury,VT,Middlebury College,3,4,2,1,32,0.1717,2498,42962,20.25426945,Private
5602,Montpelier,VT,New England Culinary Institute,2,3,3,1,32,NULL,384,18485,25.456,Private
05663-1035,Northfield,VT,Norwich University,3,4,2,1,32,0.6574,2584,15569,20.94430794,Private
05403-7747,South Burlington,VT,O'Briens Aveda Institute,1,1,3,1,13,NULL,46,6138,25.21014493,Private
5439,Colchester,VT,Saint Michael's College,3,4,2,1,22,0.8046,2038,23692,19.46805897,Private
05302-0676,Brattleboro,VT,SIT Graduate Institute,3,4,2,1,41,NULL,NULL,148376,28.68181818,Private
05201-6002,Bennington,VT,Southern Vermont College,3,3,2,1,41,0.9373,441,12363,21.22916667,Private
05827-0072,Craftsbury Common,VT,Sterling College,3,3,2,1,43,0.9853,113,12435,23.67948718,Private
05405-0160,Burlington,VT,University of Vermont,3,4,1,1,13,0.7344,9958,22431,20.11170663,Public
5602,Montpelier,VT,Vermont College of Fine Arts,3,4,2,1,32,NULL,NULL,15339,PrivacySuppressed,Private
05068-0096,South Royalton,VT,Vermont Law School,3,4,2,1,43,NULL,NULL,30649,PrivacySuppressed,Private
05061-0500,Randolph Center,VT,Vermont Technical College,2,3,1,1,43,0.8319,1336,13044,25.74880952,Public
99354-3404,Richland,WA,Academy of Cosmetology,1,1,3,8,13,NULL,3,8129,28.21428571,Private
98109-4623,Seattle,WA,Academy of Interactive Entertainment,NULL,1,2,8,11,0.7551,77,12683,22.39655172,Private
98028-4966,Kenmore,WA,Bastyr University,3,4,2,8,21,NULL,246,24124,29.97014925,Private
98405,Tacoma,WA,Bates Technical College,1,2,1,8,12,NULL,981,1915,31.60226284,Public
98801,Wenatchee,WA,Beauty Academy,1,1,3,8,13,NULL,68,11362,26.07792208,Private
98007-6484,Bellevue,WA,Bellevue College,2,3,1,8,12,NULL,5346,3755,26.62022472,Public
98225-1599,Bellingham,WA,Bellingham Technical College,2,2,1,8,13,NULL,724,1941,29.25338753,Public
98837-3299,Moses Lake,WA,Big Bend Community College,2,2,1,8,33,NULL,1614,2825,24.95132013,Public
98002-5504,Auburn,WA,BJ's Beauty & Barber College,1,1,3,8,13,NULL,28,4300,25.6,Private
98409,Tacoma,WA,BJ's Beauty & Barber College,1,1,3,8,12,NULL,98,4146,27.06557377,Private
98011-8205,Bothell,WA,Cascadia College,2,2,1,8,21,NULL,2093,3108,24.96934866,Public
98926-7501,Ellensburg,WA,Central Washington University,3,4,1,8,32,0.8646,9751,6532,24.0595212,Public
98531-4099,Centralia,WA,Centralia College,2,3,1,8,32,NULL,1678,1548,28.00918197,Public
98121,Seattle,WA,City University of Seattle,3,4,2,8,11,NULL,1289,19109,32.61587983,Private
98663-3598,Vancouver,WA,Clark College,2,2,1,8,12,NULL,9383,3243,26.98947779,Public
98499-4004,Lakewood,WA,Clover Park Technical College,1,2,1,8,13,NULL,1792,1284,30.2024948,Public
99301,Pasco,WA,Columbia Basin College,2,3,1,8,22,NULL,5218,1482,24.46973734,Public
98121,Seattle,WA,Cornish College of the Arts,3,4,2,8,11,0.8552,765,26086,21.39141414,Private
98109,Seattle,WA,Cortiva Institute-Seattle,1,1,3,8,11,NULL,247,7116,28.86528497,Private
98052,Redmond,WA,DigiPen Institute of Technology,3,4,3,8,13,0.6488,932,20838,21.75147929,Private
98103,Seattle,WA,Divers Institute of Technology,1,1,3,8,11,NULL,232,14465,26.63043478,Private
99004-2496,Cheney,WA,Eastern Washington University,3,4,1,8,31,0.7439,12402,7535,23.47298456,Public
98036-5912,Lynnwood,WA,Edmonds Community College,1,2,1,8,21,NULL,4321,3664,29.35045712,Public
98661-4323,Vancouver,WA,Emil Fries Piano Hospital and Training Center,1,1,2,8,12,NULL,5,35407,PrivacySuppressed,Private
98337,Bremerton,WA,Everest College-Bremerton,1,2,3,8,13,NULL,232,9268,28.19697543,Private
98057,Renton,WA,Everest College-Renton,1,1,3,8,13,NULL,342,9236,28.63644948,Private
98133,Seattle,WA,Everest College-Seattle,1,1,3,8,11,NULL,123,8221,27.3961825,Private
98201,Everett,WA,Everett Community College,2,2,1,8,12,NULL,4800,3224,28.54313859,Public
98007,Bellevue,WA,Evergreen Beauty and Barber College-Bellevue,1,1,3,8,12,NULL,90,5124,28.50526316,Private
98208,Everett,WA,Evergreen Beauty and Barber College-Everett,1,1,3,8,12,NULL,106,7178,27.47029703,Private
98407-0186,Tacoma,WA,Faith Evangelical College & Seminary,3,4,2,8,12,NULL,144,7208,37.78409091,Private
98122,Seattle,WA,Gary Manuel Aveda Institute,1,1,3,8,11,0.9286,323,3422,25.93401015,Private
98043,Mountlake Terrace,WA,Gene Juarez Academy of Beauty-Mountlake Terrace,1,1,3,8,21,NULL,197,17014,24.28145695,Private
99201,Spokane,WA,Glen Dow Academy of Hair Design,1,1,3,8,12,NULL,151,8454,26.61403509,Private
99258-0001,Spokane,WA,Gonzaga University,3,4,2,8,12,0.6751,4754,19185,20.4666226,Private
98520-7599,Aberdeen,WA,Grays Harbor College,1,2,1,8,41,NULL,1121,500,27.20385906,Public
98092-3622,Auburn,WA,Green River College,1,2,1,8,13,NULL,5228,4454,26.68966818,Public
98948,Toppenish,WA,Heritage University,3,4,2,8,41,NULL,837,16541,25.58118081,Private
98198-9800,Des Moines,WA,Highline College,2,2,1,8,21,NULL,3510,1876,26.89908925,Public
99218-1257,Spokane,WA,Inland Massage Institute,1,1,3,8,12,NULL,34,6566,30.07692308,Private
99201,Spokane,WA,Interface College-Spokane,1,2,3,8,12,0.7407,91,11952,32.51724138,Private
98661,Vancouver,WA,International Air and Hospitality Academy,1,1,3,8,12,NULL,435,9056,27.89528796,Private
99216-1589,Spokane Valley,WA,ITT Technical Institute-Spokane Valley,2,3,3,8,13,0.9314,295,17220,30.70226244,Private
98034-8506,Kirkland,WA,Lake Washington Institute of Technology,2,3,1,8,21,NULL,2027,2576,30.14542611,Public
98632-0310,Longview,WA,Lower Columbia College,1,2,1,8,13,NULL,1411,801,28.17916892,Public
98011-8005,Bothell,WA,Montessori Education Institute of the Pacific Northwest,NULL,1,2,8,21,NULL,9,21952,NULL,Private
98103-3599,Seattle,WA,North Seattle College,2,2,1,8,11,NULL,2983,3619,30.051263,Public
98370,Poulsbo,WA,Northwest College of Art & Design,3,3,3,8,41,0.7662,94,18559,21.77777778,Private
98273,Mount Vernon,WA,Northwest Hair Academy,1,1,3,8,13,NULL,144,8399,25.7706422,Private
99207,Spokane,WA,Northwest HVAC/R Training Center,1,1,2,8,12,NULL,39,2756,30.32051282,Private
98226-9217,Bellingham,WA,Northwest Indian College,2,3,1,8,41,NULL,609,4596,28.86778846,Public
98260-0000,Langley,WA,Northwest Institute of Literary Arts,NULL,4,2,8,42,NULL,NULL,9796,NULL,Private
98339,Port Hadlock,WA,Northwest School of Wooden Boat Building,2,2,2,8,41,NULL,61,11083,32.7962963,Private
98083-0579,Kirkland,WA,Northwest University,3,4,2,8,21,0.9612,1453,14727,25.66437572,Private
98337-1699,Bremerton,WA,Olympic College,2,3,1,8,13,NULL,4796,3532,28.61935928,Public
98447-0003,Tacoma,WA,Pacific Lutheran University,3,4,2,8,21,0.7501,2874,18608,21.46712212,Private
98901,Yakima,WA,Pacific Northwest University of Health Sciences,NULL,4,2,8,22,NULL,NULL,47796,NULL,Private
98208,Everett,WA,Paroba College of Cosmetology,1,1,3,8,12,0.9732,93,10660,28.33149171,Private
99352,Richland,WA,Paul Mitchell the School-Richland,1,1,3,8,13,NULL,123,6411,24.47904192,Private
99037-5041,Spokane Valley,WA,Paul Mitchell The School-Spokane,1,1,3,8,13,NULL,224,6893,24.41333333,Private
98362,Port Angeles,WA,Peninsula College,1,3,1,8,33,NULL,1361,1524,29.0292113,Public
98903-1296,Yakima,WA,Perry Technical Institute,1,1,2,8,13,NULL,791,8558,24.80681818,Private
98498-1999,Lakewood,WA,Pierce College-Fort Steilacoom,2,2,1,8,13,NULL,4358,3062,26.89787526,Public
98104-2617,Seattle,WA,Pinchot University,3,4,2,8,11,NULL,NULL,27984,PrivacySuppressed,Private
98902,Yakima,WA,Professional Beauty School,1,1,3,8,13,NULL,21,8587,23.84782609,Private
98056-4123,Renton,WA,Renton Technical College,1,2,1,8,13,NULL,1318,1841,29.48340249,Public
98503-7500,Lacey,WA,Saint Martin's University,3,4,2,8,22,0.8882,1316,14277,24.75896414,Private
98122,Seattle,WA,Seattle Central College,2,3,1,8,11,NULL,3448,3911,27.6840796,Public
98115-6467,Seattle,WA,Seattle Institute of Oriental Medicine,3,4,3,8,11,NULL,NULL,6412,NULL,Private
98119-1997,Seattle,WA,Seattle Pacific University,3,4,2,8,11,0.834,3253,19371,20.54626866,Private
98122-4340,Seattle,WA,Seattle University,3,4,2,8,11,0.7335,4415,25546,21.17475728,Private
98133-5696,Shoreline,WA,Shoreline Community College,2,2,1,8,21,NULL,2964,4298,27.4888535,Public
98273,Mount Vernon,WA,Skagit Valley College,2,2,1,8,13,NULL,2823,2154,27.97463002,Public
98512-6292,Olympia,WA,South Puget Sound Community College,2,2,1,8,13,NULL,3047,3554,27.35588375,Public
98106-1499,Seattle,WA,South Seattle College,1,3,1,8,11,NULL,1925,3333,27.37077703,Public
99217-5399,Spokane,WA,Spokane Community College,2,2,1,8,12,NULL,4982,1486,27.93382997,Public
99224-5288,Spokane,WA,Spokane Falls Community College,2,2,1,8,12,NULL,4650,1568,25.95042603,Public
98632-3027,Longview,WA,Stylemaster College of Hair Design,1,1,3,8,13,NULL,77,7766,27.80882353,Private
98409,Tacoma,WA,Summit Salon Academy,1,1,3,8,12,NULL,135,6950,24.43961353,Private
98944,Sunnyside,WA,Sunnyside Beauty Academy,1,1,3,8,32,NULL,11,13237,25.64285714,Private
98466-6100,Tacoma,WA,Tacoma Community College,2,2,1,8,12,NULL,5171,1781,27.88095826,Public
98121-1622,Seattle,WA,The Art Institute of Seattle,3,3,3,8,11,NULL,1378,13584,25.13368056,Private
98505-0001,Olympia,WA,The Evergreen State College,3,4,1,8,22,0.989,3802,7492,26.79045093,Public
98121,Seattle,WA,The Seattle School of Theology & Psychology,NULL,4,2,8,11,NULL,NULL,14769,NULL,Private
99217,Spokane,WA,Total Cosmetology Training Center,1,1,3,8,12,NULL,67,5713,29.76582279,Private
98201,Everett,WA,Trinity Lutheran College,3,3,2,8,12,0.748,209,12427,21.30872483,Private
98416,Tacoma,WA,University of Puget Sound,3,4,2,8,12,0.7929,2550,27917,20.98612717,Private
98195-4550,Seattle,WA,University of Washington-Seattle Campus,3,4,1,8,11,0.5521,29468,17415,22.8081452,Public
99336,Kennewick,WA,Victoria's Academy of Cosmetology,1,1,3,8,13,NULL,88,6038,26.84328358,Private
99362-9267,Walla Walla,WA,Walla Walla Community College,1,2,1,8,13,NULL,2561,1253,26.33399801,Public
99324-1198,College Place,WA,Walla Walla University,3,4,2,8,23,0.5779,1639,17229,20.98439938,Private
99164-5910,Pullman,WA,Washington State University,3,4,1,8,32,0.8208,23585,10933,22.79238382,Public
98801-1799,Wenatchee,WA,Wenatchee Valley College,2,2,1,8,13,NULL,2612,1198,25.46923077,Public
98225-9008,Bellingham,WA,Western Washington University,3,4,1,8,13,0.8457,14054,8189,21.60107817,Public
98226,Bellingham,WA,Whatcom Community College,2,2,1,8,13,NULL,2852,2901,26.63331614,Public
99362,Walla Walla,WA,Whitman College,3,3,2,8,13,0.4101,1480,30363,19.44475138,Private
99251,Spokane,WA,Whitworth University,3,4,2,8,21,0.7476,2340,17141,22.37050044,Private
99251,Spokane,WA,Whitworth University-Adult Degree Programs,3,4,2,8,21,NULL,317,13812,22.37050044,Private
98907-2520,Yakima,WA,Yakima Valley Community College,2,2,1,8,13,NULL,2557,1424,24.54841402,Public
53548-3307,Janesville,WI,Academy of Cosmetology,1,1,3,3,13,NULL,63,9441,25.3625,Private
53963-0000,Waupun,WI,Advanced College of Cosmetology,1,1,3,3,32,NULL,45,9021,23.15517241,Private
53234-3922,Milwaukee,WI,Alverno College,3,4,2,3,11,0.6519,1689,18323,23.77376655,Private
54311,Green Bay,WI,Bellin College,3,4,2,3,41,0.4865,305,22555,23.19337017,Private
53511-5595,Beloit,WI,Beloit College,3,3,2,3,13,0.6931,1225,17863,19.62899263,Private
53546-6458,Janesville,WI,Blackhawk Technical College,1,2,1,3,23,NULL,2471,2301,27.28800989,Public
53024,Grafton,WI,Blue Sky School of Professional Massage and Therapeutic Bodywork,1,1,2,3,41,NULL,72,10054,29.53846154,Private
53186-0000,Waukesha,WI,Brensten Education,1,1,3,3,21,0.8518,453,24245,35.03290676,Private
53217-3985,Milwaukee,WI,Cardinal Stritch University,3,4,2,3,21,0.8298,2304,12772,28.7133984,Private
53186,Waukesha,WI,Carroll University,3,4,2,3,13,0.8084,2934,14957,20.48452124,Private
53140-1994,Kenosha,WI,Carthage College,3,4,2,3,22,0.7165,2835,14858,20.7915493,Private
54701-6162,Eau Claire,WI,Chippewa Valley Technical College,1,2,1,3,13,NULL,4505,3061,25.15017725,Public
54135-1179,Keshena,WI,College of Menominee Nation,1,3,2,3,42,NULL,404,9036,28.34736842,Private
53212,Glendale,WI,Columbia College of Nursing,3,3,2,3,21,NULL,147,16873,25.64814815,Private
53097-2402,Mequon,WI,Concordia University-Wisconsin,3,4,2,3,21,0.7541,4280,13503,24.23369565,Private
53719-1133,Madison,WI,East-West Healing Arts Institute,NULL,1,3,3,12,NULL,40,11224,32.53571429,Private
53711-1997,Madison,WI,Edgewood College,3,4,2,3,12,0.7622,1863,16336,22.90657439,Private
53511-0000,Beloit,WI,First Class Cosmetology School,1,1,3,3,13,NULL,78,6964,25.33606557,Private
54912-2277,Appleton,WI,Fox Valley Technical College,1,2,1,3,22,NULL,7041,2441,26.83931393,Public
53144-1690,Kenosha,WI,Gateway Technical College,1,2,1,3,22,NULL,6525,3100,28.08626285,Public
54914-8613,Appleton,WI,Gill-Tech Academy of Hair Design,1,1,3,3,22,NULL,109,5692,25.12820513,Private
53718,Madison,WI,Herzing University-Madison,2,4,3,3,12,1,2350,14423,31.37463057,Private
53713,Madison,WI,ITT Technical Institute-Madison,2,3,3,3,21,0.9762,141,18402,30.39691401,Private
54843,Hayward,WI,Lac Courte Oreilles Ojibwa Community College,2,2,1,3,42,NULL,297,3554,29.35087719,Public
53073,Plymouth,WI,Lakeland College,3,4,2,3,41,0.547,2232,10252,27.6337158,Private
53015-1414,Cleveland,WI,Lakeshore Technical College,1,2,1,3,42,NULL,2296,3487,27.28694158,Public
54911,Appleton,WI,Lawrence University,3,3,2,3,13,0.7295,1483,20420,19.54330709,Private
53704-2599,Madison,WI,Madison Area Technical College,1,4,1,3,12,NULL,12617,3820,26.15388265,Public
53718,Madison,WI,Madison Media Institute,2,3,3,3,12,NULL,371,14817,26.64465786,Private
53094,Watertown,WI,Maranatha Baptist University,3,4,2,3,31,0.7594,760,11566,22.30964467,Private
54935-4699,Fond Du Lac,WI,Marian University,3,4,2,3,13,0.7674,1588,12995,23.4940239,Private
53233,Milwaukee,WI,Marquette University,3,4,2,3,11,0.6671,8212,21044,19.70627714,Private
53226-0509,Milwaukee,WI,Medical College of Wisconsin,3,4,2,3,21,NULL,NULL,31715,NULL,Private
54494,Wisconsin Rapids,WI,Mid-State Technical College,1,2,1,3,41,NULL,2531,2919,26.63335415,Public
53403-9747,Racine,WI,Midwest College of Oriental Medicine-Racine,3,4,3,3,22,NULL,20,16063,36.90243902,Private
53233-1443,Milwaukee,WI,Milwaukee Area Technical College,2,2,1,3,11,NULL,14991,2548,26.89594066,Public
53222,Milwaukee,WI,Milwaukee Career College,1,1,3,3,21,0.8824,92,20752,24.93639576,Private
53202-6003,Milwaukee,WI,Milwaukee Institute of Art & Design,3,3,2,3,11,0.5908,622,17906,20.51951952,Private
53202-3109,Milwaukee,WI,Milwaukee School of Engineering,3,4,2,3,11,0.6865,2592,14970,21.29406221,Private
53207-3074,Milwaukee,WI,Montessori Institute of Milwaukee,1,0,2,3,21,NULL,NULL,6063,PrivacySuppressed,Private
54936-1940,Fond du Lac,WI,Moraine Park Technical College,1,2,1,3,13,NULL,3143,2318,28.004329,Public
53222-4597,Milwaukee,WI,Mount Mary University,3,4,2,3,11,0.3527,716,14973,23.08684864,Private
53058-9793,Nashotah,WI,Nashotah House,NULL,4,2,3,21,NULL,NULL,1567,NULL,Private
54501-0518,Rhinelander,WI,Nicolet Area Technical College,1,2,1,3,41,NULL,1047,2504,25.70460358,Public
54401-1899,Wausau,WI,Northcentral Technical College,1,2,1,3,13,NULL,3699,1623,27.5338065,Public
54307-9042,Green Bay,WI,Northeast Wisconsin Technical College,1,2,1,3,12,NULL,6613,3438,26.18584071,Public
54806-3999,Ashland,WI,Northland College,3,3,2,3,33,0.6343,575,12221,20.54294479,Private
54119-9285,Dunbar,WI,Northland International University,3,4,2,3,43,NULL,150,5976,20.4945055,Private
53913-2596,Baraboo,WI,Panache Academy of Beauty,1,1,3,3,32,NULL,43,8503,25.93023256,Private
54115,De Pere,WI,Paul Mitchell the School-Green Bay,1,1,3,3,41,NULL,166,9793,23.98907104,Private
53566,Monroe,WI,Paul Mitchell the School-Monroe,1,1,3,3,32,NULL,51,9233,24.49152542,Private
54971-0248,Ripon,WI,Ripon College,3,3,2,3,32,0.6745,820,13420,19.59,Private
53132,Franklin,WI,Sacred Heart School of Theology,NULL,4,2,3,21,NULL,NULL,14497,NULL,Private
54115-2099,De Pere,WI,Saint Norbert College,3,4,2,3,22,0.8171,2052,16434,19.56445993,Private
53182-1527,Union Grove,WI,Shepherds College,1,1,2,3,31,0.8788,53,29091,24.3,Private
54220-9319,Manitowoc,WI,Silver Lake College of the Holy Family,3,4,2,3,32,0.474,296,8047,23.58571429,Private
53809-9778,Fennimore,WI,Southwest Wisconsin Technical College,1,2,1,3,42,NULL,1356,3332,24.63536464,Public
54403,Wausau,WI,State College of Beauty Culture Inc,1,1,3,3,13,NULL,49,6320,23.71428571,Private
53072,Waukesha,WI,The Academy Waukesha,1,1,3,3,13,NULL,155,8818,24.27932961,Private
53202-0000,Milwaukee,WI,The Institute of Beauty and Wellness,1,1,3,3,11,NULL,213,10030,25.07894737,Private
54915,Appleton,WI,The Salon Professional Academy-Appleton,1,1,3,3,22,NULL,75,8603,22.9072165,Private
54701-7633,Eau Claire,WI,The Salon Professional Academy-Eau Claire,1,1,3,3,22,NULL,71,4632,25,Private
53142-4950,Kenosha,WI,The Salon Professional Academy-Kenosha,1,1,3,3,22,NULL,89,7599,24.1796875,Private
54650,Onalaska,WI,The Salon Professional Academy-Onalaska,1,1,3,3,13,NULL,74,8946,24.16393443,Private
53708-8680,Madison,WI,University of Wisconsin Colleges,2,2,1,3,12,0.9976,11530,4082,22.01296596,Public
54702-4004,Eau Claire,WI,University of Wisconsin-Eau Claire,3,4,1,3,13,0.8369,9987,7047,20.6749004,Public
54311-7001,Green Bay,WI,University of Wisconsin-Green Bay,3,4,1,3,12,0.8735,5674,5127,24.14011516,Public
54601-9959,La Crosse,WI,University of Wisconsin-La Crosse,3,4,1,3,13,0.7629,9492,6955,20.2962436,Public
53706-1380,Madison,WI,University of Wisconsin-Madison,3,4,1,3,12,0.5694,29302,11252,20.18030239,Public
53201-0413,Milwaukee,WI,University of Wisconsin-Milwaukee,3,4,1,3,11,0.8955,21577,8379,22.36056165,Public
54901,Oshkosh,WI,University of Wisconsin-Oshkosh,3,4,1,3,13,0.8034,10337,5823,21.87329892,Public
53141-2000,Kenosha,WI,University of Wisconsin-Parkside,3,4,1,3,22,0.8602,4274,5140,22.55137615,Public
53818-3001,Platteville,WI,University of Wisconsin-Platteville,3,4,1,3,32,0.944,7888,6694,20.78515008,Public
54022-5001,River Falls,WI,University of Wisconsin-River Falls,3,4,1,3,32,0.8954,5381,6015,21.23298969,Public
54481-3897,Stevens Point,WI,University of Wisconsin-Stevens Point,3,4,1,3,32,0.8941,8880,5919,21.18022205,Public
54751,Menomonie,WI,University of Wisconsin-Stout,3,4,1,3,32,0.908,8094,6114,21.78756176,Public
54880-4500,Superior,WI,University of Wisconsin-Superior,3,4,1,3,22,0.8857,2353,5742,24.75019577,Public
53190-1790,Whitewater,WI,University of Wisconsin-Whitewater,3,4,1,3,32,0.8179,10533,6700,20.89554225,Public
53228,Greenfield,WI,VICI Aveda Institute,1,1,3,3,21,NULL,125,8553,23.19298246,Private
54601-8804,La Crosse,WI,Viterbo University,3,4,2,3,13,0.6914,2019,10530,24.06026558,Private
53072-4601,Pewaukee,WI,Waukesha County Technical College,1,2,1,3,21,NULL,5304,2419,27.63591022,Public
54601,La Crosse,WI,Western Technical College,1,2,1,3,13,NULL,3935,2748,24.37226277,Public
54157,Peshtigo,WI,Wisconsin Academy,1,1,3,3,32,NULL,28,7836,26.3220339,Private
54871-8727,Shell Lake,WI,Wisconsin Indianhead Technical College,1,2,1,3,42,NULL,2642,1457,26.78575499,Public
53226-4699,Milwaukee,WI,Wisconsin Lutheran College,3,4,2,3,11,0.6432,1060,11638,22.51264756,Private
53225-4960,Milwaukee,WI,Wisconsin School of Professional Psychology,NULL,4,2,3,11,NULL,NULL,16179,NULL,Private
25801,Beckley,WV,Academy of Careers and Technology,1,1,1,5,13,NULL,204,1351,28.10650888,Public
26416-2035,Philippi,WV,Alderson Broaddus University,3,4,2,5,32,0.4258,1024,9940,20.54876616,Private
25414,Charles Town,WV,American Public University System,3,4,3,5,31,NULL,44924,7662,33.20778026,Private
25880,Mount Hope,WV,Appalachian Bible College,3,4,2,5,41,0.6914,196,6704,21.49056604,Private
26038,Glen Dale,WV,B M Spurr School of Practical Nursing,1,1,2,5,23,0.6667,31,1679,28.27272727,Private
25064,Dunbar,WV,Ben Franklin Career Center,1,1,1,5,22,NULL,435,922,31.90833333,Public
26032,Bethany,WV,Bethany College,3,4,2,5,41,0.6205,716,11558,19.97173913,Private
25403,Martinsburg,WV,Blue Ridge Community and Technical College,1,2,1,5,41,NULL,2138,2246,27.29861982,Public
24701,Bluefield,WV,Bluefield State College,3,3,1,5,32,0.3834,1529,2772,24.90695067,Public
25136,South  Charleston,WV,BridgeValley Community & Technical College,NULL,0,1,5,22,NULL,1887,NULL,26.55524279,Public
25705-2827,Huntington,WV,Cabell County Career Technology Center,1,1,1,5,22,NULL,103,2739,28.8559322,Public
25306-6397,Charleston,WV,Carver Career Center,1,2,1,5,22,NULL,259,3309,26.5776699,Public
25301,Charleston,WV,Charleston School of Beauty Culture,1,1,3,5,13,NULL,121,1233,26.95212766,Private
26301,Clarksburg,WV,Clarksburg Beauty Academy and School of Massage Therapy,1,1,3,5,32,NULL,122,4173,26.664,Private
24712,Athens,WV,Concord University,3,4,1,5,32,0.3776,2234,2669,22.26764436,Public
26241-3996,Elkins,WV,Davis & Elkins College,3,3,2,5,33,0.5822,839,13114,21.70425532,Private
26836-0000,Moorefield,WV,Eastern West Virginia Community and Technical College,2,2,1,5,41,NULL,526,1866,29.01711491,Public
25313,Cross Lanes,WV,Everest Institute-Cross Lanes,1,2,3,5,22,NULL,63,9432,29.39037433,Private
26554-2470,Fairmont,WV,Fairmont State University,3,4,1,5,32,0.6651,3699,3200,22.65262611,Public
25901,Oak Hill,WV,Fayette Institute of Technology,1,1,1,5,23,NULL,35,2219,29.04,Public
26201,Buckhannon,WV,Fred W Eberle Technical Center,1,1,1,5,33,NULL,109,2606,26.80869565,Public
26807-0000,Franklin,WV,Future Generations Graduate School,NULL,4,2,5,43,NULL,NULL,15348,NULL,Private
25301,Charleston,WV,Garnet Career Center,1,1,1,5,13,NULL,160,4035,30.54716981,Public
26351-1292,Glenville,WV,Glenville State College,3,3,1,5,33,0.4656,1378,3829,21.54315476,Public
25701,Huntington,WV,Huntington Junior College,2,2,3,5,13,NULL,642,7180,29.62757732,Private
25401,Martinsburg,WV,International Beauty School 4,1,1,3,5,13,NULL,87,11660,28.76530612,Private
25403-0259,Martinsburg,WV,James Rumsey Technical Institute,1,1,1,5,22,NULL,134,863,28.95512821,Public
26047,New Cumberland,WV,John D Rockefeller IV Career Center,1,1,1,5,41,NULL,20,300,28.87878788,Public
25755,Huntington,WV,Marshall University,3,4,1,5,13,0.7653,8871,5955,21.77225775,Public
24740,Princeton,WV,Mercer County Technical Education Center,1,1,1,5,32,NULL,204,1737,26.35164835,Public
26184,Waverly,WV,Meredith Manor International Equestrian Center,1,1,3,5,42,NULL,120,13514,21.5,Private
26726,Keyser,WV,Mineral County Vocational Technical Center,1,1,1,5,32,0.4583,20,3552,28.5862069,Public
26501,Morgantown,WV,Monongalia County Technical Education Center,1,1,1,5,13,0.7073,81,1892,25.69444444,Public
26505-5430,Morgantown,WV,Morgantown Beauty College Inc,1,1,3,5,13,NULL,67,11692,23.62,Private
26101-3993,Parkersburg,WV,Mountain State College,2,2,3,5,13,NULL,158,8009,31.425,Private
25304,Charleston,WV,Mountain State School of Massage,1,1,3,5,13,NULL,26,9357,28.27083333,Private
25701,Huntington,WV,Mountwest Community and Technical College,2,2,1,5,22,NULL,1702,2135,26.92842674,Public
25813-8987,Beaver,WV,New River Community and Technical College,2,2,1,5,23,NULL,1729,2142,26.58721256,Public
26105-8000,Vienna,WV,Ohio Valley University,3,4,2,5,13,0.3235,387,7743,20.79385965,Private
26554,Fairmont,WV,Opportunities Industrialization Center,1,1,2,5,32,NULL,64,9087,27.59541985,Private
26554,Fairmont,WV,Pierpont Community and Technical College,2,2,1,5,32,NULL,1725,2683,24.74264282,Public
25070-0640,Eleanor,WV,Putnam Career and Technical Center,1,1,1,5,22,NULL,119,3896,25.78571429,Public
25646,Stollings,WV,Ralph R Willis Career and Technical Center,1,1,1,5,41,NULL,36,3020,25.70588235,Public
25252-9700,Leroy,WV,Roane-Jackson Technical Center,1,1,1,5,42,NULL,33,5073,29.71428571,Public
26426,Salem,WV,Salem International University,3,4,3,5,42,NULL,402,20603,28.80311891,Private
26003,Wheeling,WV,Scott College of Cosmetology,1,1,3,5,13,NULL,77,8683,22.06730769,Private
25443,Shepherdstown,WV,Shepherd University,3,4,1,5,31,0.9829,3489,5193,22.5917741,Public
25637,Mount Gay,WV,Southern West Virginia Community and Technical College,2,2,1,5,32,NULL,1681,771,24.09587814,Public
26301-6313,Clarksburg,WV,United Technical Center,1,1,1,5,32,0.8571,27,710,27.75,Public
25304,Charleston,WV,University of Charleston,3,4,2,5,13,0.6077,1513,12238,25.16960148,Private
25801,Beckley,WV,Valley College-Beckley,1,2,3,5,13,NULL,331,9515,30.53959484,Private
25404-6203,Martinsburg,WV,Valley College-Martinsburg,1,1,3,5,22,NULL,140,13294,29.81818182,Private
24740,Princeton,WV,Valley College-Princeton,1,1,3,5,32,NULL,89,11744,26.27672956,Private
26074,West Liberty,WV,West Liberty University,3,4,1,5,41,0.7236,2264,5556,21.72510638,Public
26003,Wheeling,WV,West Virginia Business College-Wheeling,2,2,3,5,13,NULL,125,11056,31.15656566,Private
25301,Charleston,WV,West Virginia Junior College-Charleston,2,2,3,5,13,NULL,162,12496,24.0625,Private
26505,Morgantown,WV,West Virginia Junior College-Morgantown,2,2,3,5,13,NULL,373,11347,26.56293223,Private
26003-3699,Wheeling,WV,West Virginia Northern Community College,2,2,1,5,13,NULL,1654,1699,26.66456267,Public
24901,Lewisburg,WV,West Virginia School of Osteopathic Medicine,3,4,1,5,32,NULL,NULL,38322,26.32432432,Public
25112-1000,Institute,WV,West Virginia State University,3,4,1,5,22,0.4144,2237,4344,23.34880348,Public
26506-6201,Morgantown,WV,West Virginia University,3,4,1,5,13,0.8579,21945,11898,20.72596872,Public
26104,Parkersburg,WV,West Virginia University at Parkersburg,2,3,1,5,23,NULL,2574,2493,25.63109541,Public
26506-8062,Morgantown,WV,West Virginia University Hospital Departments of Rad Tech and Nutrition,1,1,2,5,13,NULL,46,2066,27.5625,Private
26201-2994,Buckhannon,WV,West Virginia Wesleyan College,3,4,2,5,33,0.7759,1375,10424,19.97101449,Private
26003,Wheeling,WV,Wheeling Jesuit University,3,4,2,5,13,0.6263,1131,13801,23.50078493,Private
26104,Parkersburg,WV,Wood County School of Practical Nursing,1,1,1,5,23,NULL,39,9540,35.96491228,Public
82601-4699,Casper,WY,Casper College,2,2,1,7,13,NULL,2449,2134,24.61137441,Public
82501,Riverton,WY,Central Wyoming College,2,2,1,7,33,NULL,1099,2128,24.99156118,Public
82001-4413,Cheyenne,WY,Cheeks International Academy of Beauty Culture-Cheyenne,1,1,3,7,13,NULL,52,4570,26.69822485,Private
82240-1699,Torrington,WY,Eastern Wyoming College,2,2,1,7,33,NULL,681,2009,23.39578454,Public
82007-3299,Cheyenne,WY,Laramie County Community College,2,2,1,7,23,NULL,3170,3267,25.69384449,Public
82435,Powell,WY,Northwest College,2,2,1,7,33,NULL,1438,1665,22.89777778,Public
82801,Sheridan,WY,Sheridan College,2,2,1,7,33,NULL,1976,2748,25.41251222,Public
82071,Laramie,WY,University of Wyoming,3,4,1,7,33,0.9766,9910,4549,23.12839586,Public
82902-0428,Rock Springs,WY,Western Wyoming Community College,2,2,1,7,33,NULL,2768,1881,25.07390818,Public
82072-9519,Laramie,WY,Wyotech-Laramie,1,2,3,7,33,NULL,1085,13825,23.04495614,Private